filepath,filename,class,width,height,channels,mode,aspect_ratio,file_size_kb,valid,file_md5,similarity_group_id,split
D:\driver-drowsiness-detection\dataset\train\Closed\_0.jpg,_0.jpg,Closed,145,145,3,RGB,1.0,6.09,True,f9319c997f4c75b111bd20bb6e22b1e1,SIM_0001,train
D:\driver-drowsiness-detection\dataset\train\Closed\_1.jpg,_1.jpg,Closed,142,135,3,RGB,1.0519,10.14,True,5e42467e4a1e07235cc3a0cdf7d32f01,SIM_0002,test
D:\driver-drowsiness-detection\dataset\train\Closed\_10.jpg,_10.jpg,Closed,131,127,3,RGB,1.0315,25.28,True,fbdbf633838b6268c8fc211258999021,SIM_0003,train
D:\driver-drowsiness-detection\dataset\train\Closed\_100.jpg,_100.jpg,Closed,288,287,3,RGB,1.0035,17.08,True,435eaa857612d1ae5454501c221abd5d,SIM_0004,train
D:\driver-drowsiness-detection\dataset\train\Closed\_101.jpg,_101.jpg,Closed,141,123,3,RGB,1.1463,26.18,True,9d0f18f02fc1990be2a0f9edb5376ff5,SIM_0005,test
D:\driver-drowsiness-detection\dataset\train\Closed\_102.jpg,_102.jpg,Closed,179,164,3,RGB,1.0915,29.0,True,aa2b30b9e9a058c6f4894b97bc431dfc,SIM_0006,train
D:\driver-drowsiness-detection\dataset\train\Closed\_103.jpg,_103.jpg,Closed,142,166,3,RGB,0.8554,25.91,True,2f0e58777a45dfc1439b8029e6cae4c9,SIM_0007,train
D:\driver-drowsiness-detection\dataset\train\Closed\_104.jpg,_104.jpg,Closed,138,139,3,RGB,0.9928,27.23,True,488f69c6c29f099f668dff10566e41c7,SIM_0008,validation
D:\driver-drowsiness-detection\dataset\train\Closed\_105.jpg,_105.jpg,Closed,154,139,3,RGB,1.1079,27.39,True,04583f77cea7c4482fdceb62faa8f0f5,SIM_0009,train
D:\driver-drowsiness-detection\dataset\train\Closed\_106.jpg,_106.jpg,Closed,200,150,3,RGB,1.3333,26.99,True,ef75a9ad55effbf1cca94379631457de,SIM_0010,validation
D:\driver-drowsiness-detection\dataset\train\Closed\_107.jpg,_107.jpg,Closed,173,166,3,RGB,1.0422,26.57,True,c42b2f64211d86cc96f7c644ed9b80ed,SIM_0011,validation
D:\driver-drowsiness-detection\dataset\train\Closed\_108.jpg,_108.jpg,Closed,230,254,3,RGB,0.9055,40.22,True,8318ec029f3c12606fa39b28fc59a4ee,SIM_0012,train
D:\driver-drowsiness-detection\dataset\train\Closed\_109.jpg,_109.jpg,Closed,261,334,3,RGB,0.7814,42.98,True,e80196c3c06e41ff545b48d504008dc4,SIM_0013,validation
D:\driver-drowsiness-detection\dataset\train\Closed\_11.jpg,_11.jpg,Closed,111,115,3,RGB,0.9652,24.11,True,effed6ba27472dbaa7b7e3f4aea6f970,SIM_0014,train
D:\driver-drowsiness-detection\dataset\train\Closed\_110.jpg,_110.jpg,Closed,400,387,3,RGB,1.0336,70.67,True,3bd8141c0faec81ed08ea998563f0845,SIM_0015,validation
D:\driver-drowsiness-detection\dataset\train\Closed\_111.jpg,_111.jpg,Closed,250,251,3,RGB,0.996,30.89,True,df6c47f50c1799fe4811b9cb5e8c2efb,SIM_0016,train
D:\driver-drowsiness-detection\dataset\train\Closed\_112.jpg,_112.jpg,Closed,500,500,3,RGB,1.0,39.47,True,124415304195b74c59773005336271ec,SIM_0017,test
D:\driver-drowsiness-detection\dataset\train\Closed\_113.jpg,_113.jpg,Closed,348,354,3,RGB,0.9831,60.24,True,c7ac50a988797b7bd910601913ae3a26,SIM_0018,train
D:\driver-drowsiness-detection\dataset\train\Closed\_114.jpg,_114.jpg,Closed,194,200,3,RGB,0.97,27.93,True,cb96a7b1358f76f651ef556155d92ffa,SIM_0019,train
D:\driver-drowsiness-detection\dataset\train\Closed\_115.jpg,_115.jpg,Closed,203,175,3,RGB,1.16,29.3,True,2625a650e5b995f2641f0d74f8986011,SIM_0020,test
D:\driver-drowsiness-detection\dataset\train\Closed\_116.jpg,_116.jpg,Closed,202,196,3,RGB,1.0306,30.75,True,51414be4ee78bb0ff15311f78d205a66,SIM_0021,train
D:\driver-drowsiness-detection\dataset\train\Closed\_117.jpg,_117.jpg,Closed,253,229,3,RGB,1.1048,37.02,True,ef2efee6a1ac17d3af8437cfb3a13bb0,SIM_0022,test
D:\driver-drowsiness-detection\dataset\train\Closed\_118.jpg,_118.jpg,Closed,221,195,3,RGB,1.1333,36.63,True,21baf71333320e3c1b8988daec95c8dc,SIM_0023,train
D:\driver-drowsiness-detection\dataset\train\Closed\_119.jpg,_119.jpg,Closed,219,218,3,RGB,1.0046,36.59,True,d50fb82eecc19646daaf6160edcc6f5a,SIM_0024,train
D:\driver-drowsiness-detection\dataset\train\Closed\_12.jpg,_12.jpg,Closed,83,77,3,RGB,1.0779,21.13,True,3e73bf97085c7064e2c5fa0a89f00dbf,SIM_0025,validation
D:\driver-drowsiness-detection\dataset\train\Closed\_120.jpg,_120.jpg,Closed,242,222,3,RGB,1.0901,39.74,True,77ff4bf1b26e07e461a9185e999e3566,SIM_0026,train
D:\driver-drowsiness-detection\dataset\train\Closed\_121.jpg,_121.jpg,Closed,238,213,3,RGB,1.1174,40.99,True,29c30570549192c0907ad6ac9635db65,SIM_0027,train
D:\driver-drowsiness-detection\dataset\train\Closed\_122.jpg,_122.jpg,Closed,331,302,3,RGB,1.096,41.93,True,020371f77543cb23d4877bab5ca0ce4b,SIM_0028,validation
D:\driver-drowsiness-detection\dataset\train\Closed\_123.jpg,_123.jpg,Closed,169,169,3,RGB,1.0,7.41,True,a1a4bb358dea1737c377b6396a4b77f5,SIM_0029,validation
D:\driver-drowsiness-detection\dataset\train\Closed\_124.jpg,_124.jpg,Closed,96,97,3,RGB,0.9897,9.52,True,4b2a600e0d3869878c76b405d2e2d355,SIM_0030,train
D:\driver-drowsiness-detection\dataset\train\Closed\_125.jpg,_125.jpg,Closed,139,138,3,RGB,1.0072,24.17,True,cd34dd355def3b5c89d09a1280d03723,SIM_0031,train
D:\driver-drowsiness-detection\dataset\train\Closed\_126.jpg,_126.jpg,Closed,301,301,3,RGB,1.0,35.62,True,0e44e8e4ef3c02b2f3315c1f78e26745,SIM_0032,train
D:\driver-drowsiness-detection\dataset\train\Closed\_127.jpg,_127.jpg,Closed,159,149,3,RGB,1.0671,10.78,True,3f1f5e04159a545cd248bf340c4da000,SIM_0033,train
D:\driver-drowsiness-detection\dataset\train\Closed\_128.jpg,_128.jpg,Closed,332,293,3,RGB,1.1331,42.12,True,13f21a47d1fd44624a57ab4cf4dab775,SIM_0034,train
D:\driver-drowsiness-detection\dataset\train\Closed\_129.jpg,_129.jpg,Closed,228,246,3,RGB,0.9268,35.45,True,f099896b97bafcaf7409cd684a1d6cb2,SIM_0035,test
D:\driver-drowsiness-detection\dataset\train\Closed\_13.jpg,_13.jpg,Closed,87,84,3,RGB,1.0357,21.39,True,0e9ad81e425641d7cdddf028903c2e4d,SIM_0036,test
D:\driver-drowsiness-detection\dataset\train\Closed\_130.jpg,_130.jpg,Closed,217,226,3,RGB,0.9602,34.02,True,9242b6b80147fe4126f068e1c3cff16e,SIM_0037,train
D:\driver-drowsiness-detection\dataset\train\Closed\_131.jpg,_131.jpg,Closed,334,300,3,RGB,1.1133,15.23,True,ad7c0cac98f6986e04dc8e6add05995f,SIM_0038,train
D:\driver-drowsiness-detection\dataset\train\Closed\_132.jpg,_132.jpg,Closed,376,300,3,RGB,1.2533,17.23,True,d6bd1bfd89dc281067c71a6fd7ff5a37,SIM_0039,validation
D:\driver-drowsiness-detection\dataset\train\Closed\_133.jpg,_133.jpg,Closed,318,300,3,RGB,1.06,10.29,True,6a691dbb0e4d47a09ef1f83526b68349,SIM_0040,train
D:\driver-drowsiness-detection\dataset\train\Closed\_134.jpg,_134.jpg,Closed,292,278,3,RGB,1.0504,9.92,True,bc7ff3dd71f84308982df38cf2ff2c46,SIM_0041,train
D:\driver-drowsiness-detection\dataset\train\Closed\_135.jpg,_135.jpg,Closed,493,300,3,RGB,1.6433,25.54,True,4190fe1ca6ed4c2f766b1c175d86c4c5,SIM_0042,train
D:\driver-drowsiness-detection\dataset\train\Closed\_136.jpg,_136.jpg,Closed,452,300,3,RGB,1.5067,30.99,True,9bb3021cfd4b4c88277ee487e0c0ecbb,SIM_0043,train
D:\driver-drowsiness-detection\dataset\train\Closed\_137.jpg,_137.jpg,Closed,439,300,3,RGB,1.4633,15.24,True,397283bbcb3dfad116d110a6324e03dc,SIM_0044,train
D:\driver-drowsiness-detection\dataset\train\Closed\_138.jpg,_138.jpg,Closed,196,196,3,RGB,1.0,29.46,True,20a76700690032142c6717d78fcac59a,SIM_0045,train
D:\driver-drowsiness-detection\dataset\train\Closed\_139.jpg,_139.jpg,Closed,162,145,3,RGB,1.1172,30.69,True,cef1745a634287b6d22f9dd6262cf9f0,SIM_0046,train
D:\driver-drowsiness-detection\dataset\train\Closed\_14.jpg,_14.jpg,Closed,106,97,3,RGB,1.0928,23.26,True,d6f09389497e6449e4a98fefa1a438dd,SIM_0047,test
D:\driver-drowsiness-detection\dataset\train\Closed\_140.jpg,_140.jpg,Closed,276,232,3,RGB,1.1897,9.68,True,fb8cdb4035f11a32d00aa581b6846396,SIM_0048,train
D:\driver-drowsiness-detection\dataset\train\Closed\_141.jpg,_141.jpg,Closed,321,244,3,RGB,1.3156,10.89,True,361591dd4cb05226368dd36f81e0d9e4,SIM_0049,train
D:\driver-drowsiness-detection\dataset\train\Closed\_142.jpg,_142.jpg,Closed,499,425,3,RGB,1.1741,76.01,True,42e6cf19ee99de7f4616a7e25bc79f4f,SIM_0050,train
D:\driver-drowsiness-detection\dataset\train\Closed\_143.jpg,_143.jpg,Closed,292,300,3,RGB,0.9733,26.87,True,338840c9cb398019ad0d82f074a5ab5a,SIM_0051,test
D:\driver-drowsiness-detection\dataset\train\Closed\_144.jpg,_144.jpg,Closed,217,231,3,RGB,0.9394,25.37,True,c6a8be534ed7d02d7249a25ab8fc0e78,SIM_0052,train
D:\driver-drowsiness-detection\dataset\train\Closed\_145.jpg,_145.jpg,Closed,337,300,3,RGB,1.1233,41.58,True,26b64c7bc1cf96410ac29ca756937690,SIM_0053,train
D:\driver-drowsiness-detection\dataset\train\Closed\_146.jpg,_146.jpg,Closed,355,300,3,RGB,1.1833,28.37,True,65949b61ec27e62b5806734e5c4c9547,SIM_0054,train
D:\driver-drowsiness-detection\dataset\train\Closed\_147.jpg,_147.jpg,Closed,390,300,3,RGB,1.3,40.57,True,e8acbe668abf7fd3f5f083fd380501a0,SIM_0055,train
D:\driver-drowsiness-detection\dataset\train\Closed\_148.jpg,_148.jpg,Closed,402,300,3,RGB,1.34,36.44,True,90b7bdc7fb71cade123997dbfdcba152,SIM_0056,validation
D:\driver-drowsiness-detection\dataset\train\Closed\_149.jpg,_149.jpg,Closed,308,282,3,RGB,1.0922,31.75,True,c155da5bbb597ffa180edb2b507710ed,SIM_0057,train
D:\driver-drowsiness-detection\dataset\train\Closed\_15.jpg,_15.jpg,Closed,563,563,3,RGB,1.0,68.79,True,e18f9029c0d862af043b94b14e73ba31,SIM_0058,train
D:\driver-drowsiness-detection\dataset\train\Closed\_150.jpg,_150.jpg,Closed,198,186,3,RGB,1.0645,29.88,True,bb0cb1ff14e6417af8a7fca35d0c198c,SIM_0059,train
D:\driver-drowsiness-detection\dataset\train\Closed\_151.jpg,_151.jpg,Closed,133,112,3,RGB,1.1875,9.15,True,ecfdf18dfbcb52d619c4b46fa5dcdc9c,SIM_0060,train
D:\driver-drowsiness-detection\dataset\train\Closed\_152.jpg,_152.jpg,Closed,383,376,3,RGB,1.0186,49.33,True,d5dc7e3c2af65711719a9f4299d9d0da,SIM_0061,validation
D:\driver-drowsiness-detection\dataset\train\Closed\_153.jpg,_153.jpg,Closed,524,446,3,RGB,1.1749,74.41,True,a1a9ba5c638cc3a697ab5d1bbf4707d0,SIM_0062,train
D:\driver-drowsiness-detection\dataset\train\Closed\_154.jpg,_154.jpg,Closed,299,293,3,RGB,1.0205,24.37,True,dee87d5a3948005e8273c713bb2dd320,SIM_0063,train
D:\driver-drowsiness-detection\dataset\train\Closed\_155.jpg,_155.jpg,Closed,220,238,3,RGB,0.9244,23.08,True,735ff0f5ce06f5d110a41e7e8947ae2d,SIM_0064,train
D:\driver-drowsiness-detection\dataset\train\Closed\_156.jpg,_156.jpg,Closed,329,300,3,RGB,1.0967,20.69,True,87726fbc9a4d0ad8752f631c81a7e17d,SIM_0065,test
D:\driver-drowsiness-detection\dataset\train\Closed\_157.jpg,_157.jpg,Closed,300,322,3,RGB,0.9317,34.65,True,6de92fce92c9b4b409ab4655e69298a1,SIM_0066,train
D:\driver-drowsiness-detection\dataset\train\Closed\_158.jpg,_158.jpg,Closed,314,300,3,RGB,1.0467,29.86,True,627b8a0c84759e1b77e86078e9da1d9b,SIM_0067,train
D:\driver-drowsiness-detection\dataset\train\Closed\_159.jpg,_159.jpg,Closed,316,300,3,RGB,1.0533,29.24,True,6f62cad24351195df93e17958c6ad62f,SIM_0068,train
D:\driver-drowsiness-detection\dataset\train\Closed\_16.jpg,_16.jpg,Closed,114,102,3,RGB,1.1176,10.7,True,6004c1cb421df4520e0d6647dd6bdba1,SIM_0069,train
D:\driver-drowsiness-detection\dataset\train\Closed\_160.jpg,_160.jpg,Closed,300,308,3,RGB,0.974,28.26,True,00c1b0a1318f5976664ebab34b474888,SIM_0070,train
D:\driver-drowsiness-detection\dataset\train\Closed\_161.jpg,_161.jpg,Closed,320,300,3,RGB,1.0667,37.7,True,53f6ef763d212709d9f6114dfe815902,SIM_0071,train
D:\driver-drowsiness-detection\dataset\train\Closed\_162.jpg,_162.jpg,Closed,515,494,3,RGB,1.0425,72.61,True,797711629e19f4a1a115a715b91217fe,SIM_0072,train
D:\driver-drowsiness-detection\dataset\train\Closed\_163.jpg,_163.jpg,Closed,364,300,3,RGB,1.2133,41.72,True,f7bef9b9d9de33195c88fef92df903b9,SIM_0073,train
D:\driver-drowsiness-detection\dataset\train\Closed\_164.jpg,_164.jpg,Closed,300,317,3,RGB,0.9464,26.8,True,10ddaf136d28070f55dc6cbb64f97377,SIM_0074,train
D:\driver-drowsiness-detection\dataset\train\Closed\_165.jpg,_165.jpg,Closed,299,321,3,RGB,0.9315,29.92,True,620f30e99ae6a90fbfa846707185617f,SIM_0075,train
D:\driver-drowsiness-detection\dataset\train\Closed\_166.jpg,_166.jpg,Closed,298,329,3,RGB,0.9058,32.8,True,4ed62b61648bfc1ca670d56408665017,SIM_0076,train
D:\driver-drowsiness-detection\dataset\train\Closed\_167.jpg,_167.jpg,Closed,302,274,3,RGB,1.1022,29.4,True,54fa302a4401181b2a8f64283a6ac064,SIM_0077,train
D:\driver-drowsiness-detection\dataset\train\Closed\_168.jpg,_168.jpg,Closed,1065,860,3,RGB,1.2384,153.99,True,73c641724024158c051e2b98a51e6217,SIM_0078,train
D:\driver-drowsiness-detection\dataset\train\Closed\_169.jpg,_169.jpg,Closed,1182,1182,3,RGB,1.0,584.89,True,2ac8c4675b2c3ecc8dd6b257e6e1e2ae,SIM_0079,train
D:\driver-drowsiness-detection\dataset\train\Closed\_17.jpg,_17.jpg,Closed,96,92,3,RGB,1.0435,22.6,True,0e53a9bfab71908159a591fc59743d93,SIM_0080,train
D:\driver-drowsiness-detection\dataset\train\Closed\_170.jpg,_170.jpg,Closed,1048,861,3,RGB,1.2172,202.43,True,ae987bd1c43bbd08c6ccec292b4dc627,SIM_0081,train
D:\driver-drowsiness-detection\dataset\train\Closed\_171.jpg,_171.jpg,Closed,943,823,3,RGB,1.1458,188.5,True,bce5f3973460e1e3dbba79aa3068e835,SIM_0082,train
D:\driver-drowsiness-detection\dataset\train\Closed\_172.jpg,_172.jpg,Closed,742,634,3,RGB,1.1703,89.18,True,813aef4915063dd76b05efd2e4b30448,SIM_0083,validation
D:\driver-drowsiness-detection\dataset\train\Closed\_173.jpg,_173.jpg,Closed,120,146,3,RGB,0.8219,10.18,True,a0d4ebb348d0075e7d1b93b196bd12c3,SIM_0084,train
D:\driver-drowsiness-detection\dataset\train\Closed\_174.jpg,_174.jpg,Closed,641,569,3,RGB,1.1265,77.05,True,31dde59f6111a8a51dfa9f97ca5db939,SIM_0085,train
D:\driver-drowsiness-detection\dataset\train\Closed\_175.jpg,_175.jpg,Closed,936,937,3,RGB,0.9989,577.74,True,3823d9033c3637f33bf23a5b51838380,SIM_0086,train
D:\driver-drowsiness-detection\dataset\train\Closed\_176.jpg,_176.jpg,Closed,1365,1365,3,RGB,1.0,1062.84,True,b9271028558382b8314deb74e84438f8,SIM_0087,train
D:\driver-drowsiness-detection\dataset\train\Closed\_177.jpg,_177.jpg,Closed,375,375,3,RGB,1.0,58.3,True,4eba89ef96de461bcc03c4519448bb2c,SIM_0088,train
D:\driver-drowsiness-detection\dataset\train\Closed\_178.jpg,_178.jpg,Closed,374,374,3,RGB,1.0,74.52,True,eb242417fe53d50b8eb09cf2c75bd6a6,SIM_0089,train
D:\driver-drowsiness-detection\dataset\train\Closed\_179.jpg,_179.jpg,Closed,713,574,3,RGB,1.2422,84.73,True,4265d88c76ab2a92927b3e98a7b09236,SIM_0090,train
D:\driver-drowsiness-detection\dataset\train\Closed\_18.jpg,_18.jpg,Closed,124,105,3,RGB,1.181,23.06,True,a4fc55242b7f985382d0cd7ae62fcdf3,SIM_0091,validation
D:\driver-drowsiness-detection\dataset\train\Closed\_180.jpg,_180.jpg,Closed,593,593,3,RGB,1.0,150.36,True,54d42e8f0e4d0f3ed2993f46dcfb4228,SIM_0092,train
D:\driver-drowsiness-detection\dataset\train\Closed\_181.jpg,_181.jpg,Closed,685,582,3,RGB,1.177,74.8,True,04c11ff6067c4fa80faa07e9f055fd13,SIM_0093,validation
D:\driver-drowsiness-detection\dataset\train\Closed\_182.jpg,_182.jpg,Closed,382,352,3,RGB,1.0852,28.34,True,0800882661033345e23387469d32d1f4,SIM_0094,train
D:\driver-drowsiness-detection\dataset\train\Closed\_183.jpg,_183.jpg,Closed,1044,857,3,RGB,1.2182,166.83,True,c3eb8674b64838c2a034554fa72426db,SIM_0095,train
D:\driver-drowsiness-detection\dataset\train\Closed\_184.jpg,_184.jpg,Closed,101,90,3,RGB,1.1222,6.87,True,f5219511527804028c2fc80eba79bc66,SIM_0096,test
D:\driver-drowsiness-detection\dataset\train\Closed\_185.jpg,_185.jpg,Closed,852,774,3,RGB,1.1008,114.5,True,f60e70ed629d7ebb8ea50a1170cf1414,SIM_0097,train
D:\driver-drowsiness-detection\dataset\train\Closed\_186.jpg,_186.jpg,Closed,1038,1039,3,RGB,0.999,495.66,True,9ab2787559e19492a9993d2d14b6345b,SIM_0098,train
D:\driver-drowsiness-detection\dataset\train\Closed\_187.jpg,_187.jpg,Closed,934,796,3,RGB,1.1734,155.13,True,953073a0bf778aa30db413a697c04b19,SIM_0099,test
D:\driver-drowsiness-detection\dataset\train\Closed\_188.jpg,_188.jpg,Closed,1384,1385,3,RGB,0.9993,855.27,True,6946731c2a4a7cf1e90084eda90672f5,SIM_0100,train
D:\driver-drowsiness-detection\dataset\train\Closed\_189.jpg,_189.jpg,Closed,1504,1505,3,RGB,0.9993,1002.52,True,326d08b5510d99076e17920bb3c7f87e,SIM_0101,train
D:\driver-drowsiness-detection\dataset\train\Closed\_19.jpg,_19.jpg,Closed,111,103,3,RGB,1.0777,23.3,True,2adc8e98cfac1f2a60e97956fcbc6e23,SIM_0102,train
D:\driver-drowsiness-detection\dataset\train\Closed\_190.jpg,_190.jpg,Closed,1148,1149,3,RGB,0.9991,602.93,True,78601dfdd916e8696a6f59fd6f7db070,SIM_0103,train
D:\driver-drowsiness-detection\dataset\train\Closed\_191.jpg,_191.jpg,Closed,1132,1131,3,RGB,1.0009,484.97,True,b18c66aed9fb34a29d33f75debd48ca2,SIM_0104,test
D:\driver-drowsiness-detection\dataset\train\Closed\_192.jpg,_192.jpg,Closed,1132,1130,3,RGB,1.0018,497.39,True,b8803c05632bf389be09be8363067c18,SIM_0105,train
D:\driver-drowsiness-detection\dataset\train\Closed\_193.jpg,_193.jpg,Closed,1269,1166,3,RGB,1.0883,245.13,True,acefc77157b98b99a48f9126276b945a,SIM_0106,train
D:\driver-drowsiness-detection\dataset\train\Closed\_194.jpg,_194.jpg,Closed,1261,1260,3,RGB,1.0008,245.09,True,401815ff11501716807c0c9a43f211a2,SIM_0107,validation
D:\driver-drowsiness-detection\dataset\train\Closed\_195.jpg,_195.jpg,Closed,168,169,3,RGB,0.9941,27.28,True,9638eb1245003d6462521f41c224201f,SIM_0108,train
D:\driver-drowsiness-detection\dataset\train\Closed\_196.jpg,_196.jpg,Closed,393,393,3,RGB,1.0,19.04,True,7a30d59dc08fadd216ef5a0e73c4861c,SIM_0109,train
D:\driver-drowsiness-detection\dataset\train\Closed\_197.jpg,_197.jpg,Closed,401,411,3,RGB,0.9757,88.1,True,025e875aaffe029104757c65ed900459,SIM_0110,train
D:\driver-drowsiness-detection\dataset\train\Closed\_198.jpg,_198.jpg,Closed,388,444,3,RGB,0.8739,94.44,True,0127bafe8631cbe8ebfc72e83702c052,SIM_0111,validation
D:\driver-drowsiness-detection\dataset\train\Closed\_199.jpg,_199.jpg,Closed,439,246,3,RGB,1.7846,22.13,True,efd9b462cadcedff7c07a8a89466d6ae,SIM_0112,train
D:\driver-drowsiness-detection\dataset\train\Closed\_2.jpg,_2.jpg,Closed,132,131,3,RGB,1.0076,23.41,True,c77bbcf5d73112ceb47f909b3d98684a,SIM_0113,train
D:\driver-drowsiness-detection\dataset\train\Closed\_20.jpg,_20.jpg,Closed,102,97,3,RGB,1.0515,22.26,True,cdd75c7c1e3c3f9246498ae78b7363a3,SIM_0114,train
D:\driver-drowsiness-detection\dataset\train\Closed\_200.jpg,_200.jpg,Closed,344,300,3,RGB,1.1467,17.03,True,a2d27fd6de2a7786a5db6c96d6d308ee,SIM_0115,train
D:\driver-drowsiness-detection\dataset\train\Closed\_201.jpg,_201.jpg,Closed,300,300,3,RGB,1.0,15.74,True,405e7b91c076e998673370b59d1e18dd,SIM_0116,train
D:\driver-drowsiness-detection\dataset\train\Closed\_202.jpg,_202.jpg,Closed,381,300,3,RGB,1.27,18.85,True,da7dbf586eb61c601a9c833e35dcf94f,SIM_0117,test
D:\driver-drowsiness-detection\dataset\train\Closed\_203.jpg,_203.jpg,Closed,361,300,3,RGB,1.2033,19.41,True,fa12479cbfe81dccf430540dc9338450,SIM_0118,validation
D:\driver-drowsiness-detection\dataset\train\Closed\_204.jpg,_204.jpg,Closed,302,228,3,RGB,1.3246,10.86,True,fe258e7ac60b613fdf6c8a24ea57e98b,SIM_0119,train
D:\driver-drowsiness-detection\dataset\train\Closed\_205.jpg,_205.jpg,Closed,473,300,3,RGB,1.5767,25.14,True,3edd140028913eac8ca092a160e8cab6,SIM_0120,test
D:\driver-drowsiness-detection\dataset\train\Closed\_206.jpg,_206.jpg,Closed,193,196,3,RGB,0.9847,13.74,True,7799a4de23b120c4298e8ebbaa51d912,SIM_0121,train
D:\driver-drowsiness-detection\dataset\train\Closed\_207.jpg,_207.jpg,Closed,262,125,3,RGB,2.096,8.78,True,a2bf8149b61e9fef222d6a61fc6cbc4a,SIM_0122,train
D:\driver-drowsiness-detection\dataset\train\Closed\_208.jpg,_208.jpg,Closed,342,300,3,RGB,1.14,24.41,True,ede5918a723e105a4452988e0c9dfc32,SIM_0123,test
D:\driver-drowsiness-detection\dataset\train\Closed\_209.jpg,_209.jpg,Closed,112,98,3,RGB,1.1429,26.05,True,f265a5af0f612290e902d24314ed39dc,SIM_0124,train
D:\driver-drowsiness-detection\dataset\train\Closed\_21.jpg,_21.jpg,Closed,83,85,3,RGB,0.9765,21.44,True,7099faa8d9579e6af84807432a059747,SIM_0125,train
D:\driver-drowsiness-detection\dataset\train\Closed\_210.jpg,_210.jpg,Closed,112,96,3,RGB,1.1667,25.57,True,819b4dd1666830fdb409d47cd28a7a18,SIM_0126,validation
D:\driver-drowsiness-detection\dataset\train\Closed\_211.jpg,_211.jpg,Closed,105,105,3,RGB,1.0,23.69,True,d07e1b5974019d0bdc6d5ddf18b81242,SIM_0127,validation
D:\driver-drowsiness-detection\dataset\train\Closed\_212.jpg,_212.jpg,Closed,457,300,3,RGB,1.5233,22.19,True,3ff7095d7e044452070f54e53dfa078c,SIM_0128,test
D:\driver-drowsiness-detection\dataset\train\Closed\_213.jpg,_213.jpg,Closed,381,300,3,RGB,1.27,17.48,True,9f4f8c30e9ca5f396376ed6077900bed,SIM_0129,train
D:\driver-drowsiness-detection\dataset\train\Closed\_214.jpg,_214.jpg,Closed,322,300,3,RGB,1.0733,20.26,True,25b0097ba5084cfa6dce41eaef6ad85d,SIM_0130,train
D:\driver-drowsiness-detection\dataset\train\Closed\_215.jpg,_215.jpg,Closed,400,300,3,RGB,1.3333,17.36,True,e8159bc2723d46fb245c6c90a2698076,SIM_0131,test
D:\driver-drowsiness-detection\dataset\train\Closed\_216.jpg,_216.jpg,Closed,320,300,3,RGB,1.0667,18.71,True,d28bb4c0cad8d387c29185f62896508b,SIM_0132,validation
D:\driver-drowsiness-detection\dataset\train\Closed\_217.jpg,_217.jpg,Closed,275,183,3,RGB,1.5027,6.92,True,96a4ae3a499bc4c95817a3465fb3a519,SIM_0133,validation
D:\driver-drowsiness-detection\dataset\train\Closed\_218.jpg,_218.jpg,Closed,270,351,3,RGB,0.7692,13.76,True,cb5a23149266e2fe868d6084211fe3f3,SIM_0134,validation
D:\driver-drowsiness-detection\dataset\train\Closed\_219.jpg,_219.jpg,Closed,533,300,3,RGB,1.7767,28.45,True,b0e8651ffd8d33d81be0819b3a90baec,SIM_0135,train
D:\driver-drowsiness-detection\dataset\train\Closed\_22.jpg,_22.jpg,Closed,101,94,3,RGB,1.0745,22.45,True,0c0ee8c83d1af87036e3f8cf0e7b382d,SIM_0136,train
D:\driver-drowsiness-detection\dataset\train\Closed\_220.jpg,_220.jpg,Closed,348,300,3,RGB,1.16,19.03,True,248ed55036bba01fc937f061d6a3aa41,SIM_0137,train
D:\driver-drowsiness-detection\dataset\train\Closed\_221.jpg,_221.jpg,Closed,230,192,3,RGB,1.1979,14.17,True,a7296793f144814d2c99f20dc16f2e42,SIM_0138,train
D:\driver-drowsiness-detection\dataset\train\Closed\_222.jpg,_222.jpg,Closed,243,228,3,RGB,1.0658,12.87,True,364d61f47b983ef28f75ba8cb635a850,SIM_0139,train
D:\driver-drowsiness-detection\dataset\train\Closed\_223.jpg,_223.jpg,Closed,405,300,3,RGB,1.35,17.59,True,81ed54d104440d1ff9d7a34b55753487,SIM_0140,validation
D:\driver-drowsiness-detection\dataset\train\Closed\_224.jpg,_224.jpg,Closed,225,225,3,RGB,1.0,15.87,True,689d08f1cd30a31de80e4403ffda02fb,SIM_0141,train
D:\driver-drowsiness-detection\dataset\train\Closed\_225.jpg,_225.jpg,Closed,223,223,3,RGB,1.0,19.64,True,6c22c1d5725558727f0d1b8784183a75,SIM_0142,train
D:\driver-drowsiness-detection\dataset\train\Closed\_226.jpg,_226.jpg,Closed,262,262,3,RGB,1.0,15.99,True,6a74a595a369c316f27af7da3b3f582b,SIM_0143,validation
D:\driver-drowsiness-detection\dataset\train\Closed\_227.jpg,_227.jpg,Closed,270,270,3,RGB,1.0,17.88,True,91bea708e30be5bffd9791d7ceded80c,SIM_0144,train
D:\driver-drowsiness-detection\dataset\train\Closed\_228.jpg,_228.jpg,Closed,533,300,3,RGB,1.7767,29.04,True,195b580be6830116fcf805a7afcce1a1,SIM_0145,validation
D:\driver-drowsiness-detection\dataset\train\Closed\_229.jpg,_229.jpg,Closed,332,300,3,RGB,1.1067,17.86,True,c9047098745fa20a51c0511ad7009436,SIM_0146,validation
D:\driver-drowsiness-detection\dataset\train\Closed\_23.jpg,_23.jpg,Closed,134,106,3,RGB,1.2642,22.94,True,2189686cbfa5dd41486a0267077db149,SIM_0147,test
D:\driver-drowsiness-detection\dataset\train\Closed\_230.jpg,_230.jpg,Closed,1625,1625,3,RGB,1.0,688.84,True,7ad44534f3efcdffc3961a8e5e1a89c4,SIM_0148,validation
D:\driver-drowsiness-detection\dataset\train\Closed\_231.jpg,_231.jpg,Closed,955,955,3,RGB,1.0,260.21,True,1b8df3669d7717d9bc40a0a34aa658f1,SIM_0149,train
D:\driver-drowsiness-detection\dataset\train\Closed\_232.jpg,_232.jpg,Closed,881,881,3,RGB,1.0,155.98,True,0b7e7c34709c832287be5a253d395a73,SIM_0150,train
D:\driver-drowsiness-detection\dataset\train\Closed\_233.jpg,_233.jpg,Closed,759,759,3,RGB,1.0,153.85,True,b464aa7dd6f7547b1348dea4c6ea1c06,SIM_0151,train
D:\driver-drowsiness-detection\dataset\train\Closed\_234.jpg,_234.jpg,Closed,632,633,3,RGB,0.9984,120.78,True,c0b998c494fe519a67ec17189e28cf53,SIM_0152,train
D:\driver-drowsiness-detection\dataset\train\Closed\_235.jpg,_235.jpg,Closed,817,818,3,RGB,0.9988,181.39,True,b7035c9eec5a57efe29605909b54c1e9,SIM_0153,train
D:\driver-drowsiness-detection\dataset\train\Closed\_236.jpg,_236.jpg,Closed,630,630,3,RGB,1.0,89.24,True,94f321b2460c74fad2eeb0e79d37024a,SIM_0154,test
D:\driver-drowsiness-detection\dataset\train\Closed\_237.jpg,_237.jpg,Closed,591,591,3,RGB,1.0,80.68,True,4fa9844deb68716eeb8ab5559fa2aa8a,SIM_0155,test
D:\driver-drowsiness-detection\dataset\train\Closed\_238.jpg,_238.jpg,Closed,625,625,3,RGB,1.0,83.3,True,a759f1458a8adbfc9f09a582fe5e9abf,SIM_0156,validation
D:\driver-drowsiness-detection\dataset\train\Closed\_239.jpg,_239.jpg,Closed,123,123,3,RGB,1.0,5.36,True,bc32c1dc4c05463bb7d59475d8a0e98b,SIM_0157,train
D:\driver-drowsiness-detection\dataset\train\Closed\_24.jpg,_24.jpg,Closed,93,97,3,RGB,0.9588,21.36,True,904dc49a0da95e7e0472353a359428af,SIM_0158,train
D:\driver-drowsiness-detection\dataset\train\Closed\_240.jpg,_240.jpg,Closed,93,85,3,RGB,1.0941,9.3,True,a58fb42063afe430641db13b75167528,SIM_0159,train
D:\driver-drowsiness-detection\dataset\train\Closed\_241.jpg,_241.jpg,Closed,113,90,4,RGBA,1.2556,20.94,True,e9ec10b3c24a2d075612e81426614fee,SIM_0160,train
D:\driver-drowsiness-detection\dataset\train\Closed\_242.jpg,_242.jpg,Closed,141,130,3,RGB,1.0846,11.3,True,9b0362a6152ab8069a80fb047d0376bf,SIM_0161,test
D:\driver-drowsiness-detection\dataset\train\Closed\_243.jpg,_243.jpg,Closed,560,561,3,RGB,0.9982,72.66,True,deb57bcb6bdd55eeb1dcdc733d776c1a,SIM_0162,test
D:\driver-drowsiness-detection\dataset\train\Closed\_244.jpg,_244.jpg,Closed,454,454,3,RGB,1.0,34.62,True,8959f4e17a7fb5a05591e03e8e0f3a7c,SIM_0163,train
D:\driver-drowsiness-detection\dataset\train\Closed\_245.jpg,_245.jpg,Closed,475,475,3,RGB,1.0,33.49,True,1516b3fe363176746f0ba5e0d1e54bfc,SIM_0164,train
D:\driver-drowsiness-detection\dataset\train\Closed\_246.jpg,_246.jpg,Closed,491,491,3,RGB,1.0,49.03,True,b4030734dea66662ff916bc08b08792a,SIM_0165,train
D:\driver-drowsiness-detection\dataset\train\Closed\_247.jpg,_247.jpg,Closed,557,557,3,RGB,1.0,60.54,True,2e8af961a04ea35c1e3dd72b21fc6cf8,SIM_0166,validation
D:\driver-drowsiness-detection\dataset\train\Closed\_248.jpg,_248.jpg,Closed,353,300,3,RGB,1.1767,21.0,True,5d3a317170131136d4bdbf1f8cd17924,SIM_0167,train
D:\driver-drowsiness-detection\dataset\train\Closed\_249.jpg,_249.jpg,Closed,399,313,3,RGB,1.2748,23.63,True,b1b607dad731414005a4fc6ba08b0974,SIM_0168,train
D:\driver-drowsiness-detection\dataset\train\Closed\_25.jpg,_25.jpg,Closed,119,103,3,RGB,1.1553,22.62,True,fffe37633381307a1e4015d1c332d0be,SIM_0169,train
D:\driver-drowsiness-detection\dataset\train\Closed\_250.jpg,_250.jpg,Closed,342,300,3,RGB,1.14,28.6,True,8260bf72f205d9c63ceee51b85896303,SIM_0170,train
D:\driver-drowsiness-detection\dataset\train\Closed\_251.jpg,_251.jpg,Closed,381,300,3,RGB,1.27,29.15,True,89591844394ada102384f2b007774d93,SIM_0171,train
D:\driver-drowsiness-detection\dataset\train\Closed\_252.jpg,_252.jpg,Closed,371,300,3,RGB,1.2367,20.45,True,64f0aeec7f8f44744ddb5ce3932e30f2,SIM_0172,train
D:\driver-drowsiness-detection\dataset\train\Closed\_253.jpg,_253.jpg,Closed,128,122,3,RGB,1.0492,9.12,True,3971c797c78db77c95eb1852089a945a,SIM_0173,train
D:\driver-drowsiness-detection\dataset\train\Closed\_254.jpg,_254.jpg,Closed,396,300,3,RGB,1.32,23.77,True,e7591468193bc7dd129a04a3b041414d,SIM_0174,train
D:\driver-drowsiness-detection\dataset\train\Closed\_255.jpg,_255.jpg,Closed,323,300,3,RGB,1.0767,21.17,True,1c4d6033557353e49dadfaa9c6e6b18a,SIM_0175,train
D:\driver-drowsiness-detection\dataset\train\Closed\_256.jpg,_256.jpg,Closed,369,300,3,RGB,1.23,26.36,True,15e53f3f499ca437c4b61c8d67a44ba7,SIM_0176,train
D:\driver-drowsiness-detection\dataset\train\Closed\_257.jpg,_257.jpg,Closed,322,300,3,RGB,1.0733,20.73,True,d50aa97c08cb3296944264be8d826d26,SIM_0177,train
D:\driver-drowsiness-detection\dataset\train\Closed\_258.jpg,_258.jpg,Closed,385,300,3,RGB,1.2833,24.64,True,4fff78d62e851bbaa3361eac09fa924b,SIM_0178,train
D:\driver-drowsiness-detection\dataset\train\Closed\_259.jpg,_259.jpg,Closed,354,300,3,RGB,1.18,26.36,True,27e6ed95961a80ac9aaf8a1613e737d4,SIM_0179,train
D:\driver-drowsiness-detection\dataset\train\Closed\_26.jpg,_26.jpg,Closed,131,104,3,RGB,1.2596,22.5,True,a20df45d69d3d5ae87cc529dd8da78aa,SIM_0180,train
D:\driver-drowsiness-detection\dataset\train\Closed\_260.jpg,_260.jpg,Closed,430,300,3,RGB,1.4333,30.88,True,d2b1115db71d92a29ae38617844bd315,SIM_0181,test
D:\driver-drowsiness-detection\dataset\train\Closed\_261.jpg,_261.jpg,Closed,404,300,3,RGB,1.3467,25.16,True,989921e1bdc637a96c1b5e0629eeaf5d,SIM_0182,train
D:\driver-drowsiness-detection\dataset\train\Closed\_262.jpg,_262.jpg,Closed,426,300,3,RGB,1.42,32.22,True,45c13affe9e5936401ab9bf0a0d21d54,SIM_0183,train
D:\driver-drowsiness-detection\dataset\train\Closed\_263.jpg,_263.jpg,Closed,350,300,3,RGB,1.1667,30.46,True,e538ca3590003d06eb0fddff50729508,SIM_0184,validation
D:\driver-drowsiness-detection\dataset\train\Closed\_264.jpg,_264.jpg,Closed,125,142,3,RGB,0.8803,10.93,True,b5a13b0cded3ebf101e9ade447e8df4d,SIM_0185,train
D:\driver-drowsiness-detection\dataset\train\Closed\_265.jpg,_265.jpg,Closed,336,300,3,RGB,1.12,34.77,True,366520d2641ae6f1bc79c101dda1a4a0,SIM_0186,train
D:\driver-drowsiness-detection\dataset\train\Closed\_266.jpg,_266.jpg,Closed,301,300,3,RGB,1.0033,30.95,True,7bab308cf747bccd4f64468e90af0b9e,SIM_0187,test
D:\driver-drowsiness-detection\dataset\train\Closed\_267.jpg,_267.jpg,Closed,300,318,3,RGB,0.9434,24.2,True,d84215cc66f4a9ebfffb7f98f6ec9340,SIM_0188,train
D:\driver-drowsiness-detection\dataset\train\Closed\_268.jpg,_268.jpg,Closed,300,306,3,RGB,0.9804,25.06,True,bd52085da306c8dd98aded6a7faa745d,SIM_0189,train
D:\driver-drowsiness-detection\dataset\train\Closed\_269.jpg,_269.jpg,Closed,266,300,3,RGB,0.8867,12.83,True,0acae7732eea36ae41016c0cfd1ab05d,SIM_0190,test
D:\driver-drowsiness-detection\dataset\train\Closed\_27.jpg,_27.jpg,Closed,559,559,3,RGB,1.0,65.49,True,d6bd3c3841dd4d6b82483e80202247ee,SIM_0191,test
D:\driver-drowsiness-detection\dataset\train\Closed\_270.jpg,_270.jpg,Closed,300,315,3,RGB,0.9524,21.18,True,bc64882600b7b334165b4336b5912241,SIM_0192,train
D:\driver-drowsiness-detection\dataset\train\Closed\_271.jpg,_271.jpg,Closed,304,300,3,RGB,1.0133,23.37,True,dfeaad8103c3a01bb0efcc6651b8f9f2,SIM_0193,train
D:\driver-drowsiness-detection\dataset\train\Closed\_272.jpg,_272.jpg,Closed,307,300,3,RGB,1.0233,23.2,True,0d479e6db7c5e5d0feb831e1377db8fc,SIM_0194,train
D:\driver-drowsiness-detection\dataset\train\Closed\_273.jpg,_273.jpg,Closed,365,300,3,RGB,1.2167,12.93,True,314e1ce18d16ec627888099653d3208b,SIM_0195,train
D:\driver-drowsiness-detection\dataset\train\Closed\_274.jpg,_274.jpg,Closed,251,221,3,RGB,1.1357,7.7,True,ae83b99c0250dd71e2e8f755043bbb99,SIM_0196,validation
D:\driver-drowsiness-detection\dataset\train\Closed\_275.jpg,_275.jpg,Closed,146,161,3,RGB,0.9068,11.25,True,b87bac9f1d30fa92cccc0372d8223d34,SIM_0197,train
D:\driver-drowsiness-detection\dataset\train\Closed\_276.jpg,_276.jpg,Closed,300,326,3,RGB,0.9202,19.05,True,45d34e8d024b71c30ec6cdfaeaf633be,SIM_0198,test
D:\driver-drowsiness-detection\dataset\train\Closed\_277.jpg,_277.jpg,Closed,303,300,3,RGB,1.01,19.35,True,f42a475742b9f2ceea702e54f78c0e4e,SIM_0199,train
D:\driver-drowsiness-detection\dataset\train\Closed\_278.jpg,_278.jpg,Closed,330,300,3,RGB,1.1,18.99,True,32b3c3791444ce79f3d761dbe1130013,SIM_0200,train
D:\driver-drowsiness-detection\dataset\train\Closed\_279.jpg,_279.jpg,Closed,340,300,3,RGB,1.1333,19.7,True,ffb732c6893c5d913b3c8e7c771fa0ac,SIM_0201,test
D:\driver-drowsiness-detection\dataset\train\Closed\_28.jpg,_28.jpg,Closed,299,272,3,RGB,1.0993,22.72,True,ed30c1ad16eebb90d04496162cddd8f7,SIM_0202,test
D:\driver-drowsiness-detection\dataset\train\Closed\_280.jpg,_280.jpg,Closed,304,300,3,RGB,1.0133,14.87,True,d318cd246596be4e0f984f5dde805346,SIM_0203,test
D:\driver-drowsiness-detection\dataset\train\Closed\_281.jpg,_281.jpg,Closed,344,300,3,RGB,1.1467,21.75,True,85dd1fdab3c64b28d0e31bb49a1cfda7,SIM_0204,train
D:\driver-drowsiness-detection\dataset\train\Closed\_282.jpg,_282.jpg,Closed,300,322,3,RGB,0.9317,30.1,True,1a15be575c9fce192b3e2d7af5d496a3,SIM_0205,train
D:\driver-drowsiness-detection\dataset\train\Closed\_283.jpg,_283.jpg,Closed,397,300,3,RGB,1.3233,25.76,True,1a10a719c41819c88c1a2d598fc74f7e,SIM_0206,train
D:\driver-drowsiness-detection\dataset\train\Closed\_284.jpg,_284.jpg,Closed,456,300,3,RGB,1.52,23.19,True,8410119e880d44f2b2af03c11fb525cc,SIM_0207,test
D:\driver-drowsiness-detection\dataset\train\Closed\_285.jpg,_285.jpg,Closed,300,367,3,RGB,0.8174,22.63,True,e7d2b07ab2e48f9eee438d0e1efc1c9a,SIM_0208,train
D:\driver-drowsiness-detection\dataset\train\Closed\_286.jpg,_286.jpg,Closed,118,128,3,RGB,0.9219,9.5,True,a76f04cd2754361539e5dabe30543141,SIM_0209,train
D:\driver-drowsiness-detection\dataset\train\Closed\_287.jpg,_287.jpg,Closed,390,300,3,RGB,1.3,17.94,True,90ac461b271985276c87f3665a527208,SIM_0210,train
D:\driver-drowsiness-detection\dataset\train\Closed\_288.jpg,_288.jpg,Closed,342,300,3,RGB,1.14,15.34,True,fdb91b071ce90defb0d585e3e12625b3,SIM_0211,train
D:\driver-drowsiness-detection\dataset\train\Closed\_289.jpg,_289.jpg,Closed,322,300,3,RGB,1.0733,26.73,True,a57367ddc5520b2312da9eed3144ebaa,SIM_0212,train
D:\driver-drowsiness-detection\dataset\train\Closed\_29.jpg,_29.jpg,Closed,119,104,3,RGB,1.1442,22.46,True,fd7bcfd02461584ae629c70dad00b404,SIM_0213,train
D:\driver-drowsiness-detection\dataset\train\Closed\_290.jpg,_290.jpg,Closed,312,300,3,RGB,1.04,22.62,True,9f310242798d149c28bd173bb65c6333,SIM_0214,validation
D:\driver-drowsiness-detection\dataset\train\Closed\_291.jpg,_291.jpg,Closed,548,415,3,RGB,1.3205,39.75,True,86a4258b1d04215ed0d9c19f9acbce87,SIM_0215,train
D:\driver-drowsiness-detection\dataset\train\Closed\_292.jpg,_292.jpg,Closed,573,413,3,RGB,1.3874,39.82,True,98013e3f991a69ccebbbbe3dfa67d41c,SIM_0216,validation
D:\driver-drowsiness-detection\dataset\train\Closed\_293.jpg,_293.jpg,Closed,132,132,3,RGB,1.0,5.02,True,fbabe12957fd233bd763511c88b3b0b9,SIM_0217,train
D:\driver-drowsiness-detection\dataset\train\Closed\_294.jpg,_294.jpg,Closed,126,126,3,RGB,1.0,4.58,True,203e0c0ebcc40f96804ef2fb583673dc,SIM_0218,validation
D:\driver-drowsiness-detection\dataset\train\Closed\_295.jpg,_295.jpg,Closed,331,300,3,RGB,1.1033,36.94,True,495dd6eb1a5ac735f8467868bb7603b2,SIM_0219,train
D:\driver-drowsiness-detection\dataset\train\Closed\_296.jpg,_296.jpg,Closed,366,298,3,RGB,1.2282,37.49,True,56a9cea3732e0180164c6083457e8ff0,SIM_0220,train
D:\driver-drowsiness-detection\dataset\train\Closed\_297.jpg,_297.jpg,Closed,218,202,3,RGB,1.0792,33.26,True,702efa83cfb3bd5019851538a84a7e2f,SIM_0221,train
D:\driver-drowsiness-detection\dataset\train\Closed\_298.jpg,_298.jpg,Closed,111,111,3,RGB,1.0,4.32,True,60e2e7f12a435a6e54709fa033287d69,SIM_0222,train
D:\driver-drowsiness-detection\dataset\train\Closed\_299.jpg,_299.jpg,Closed,105,105,3,RGB,1.0,4.25,True,ad3e634cd6243753b0f264bb51a9eafd,SIM_0223,train
D:\driver-drowsiness-detection\dataset\train\Closed\_3.jpg,_3.jpg,Closed,145,145,3,RGB,1.0,4.32,True,45ef38b136984302c4f8b4b35c5543b3,SIM_0224,train
D:\driver-drowsiness-detection\dataset\train\Closed\_30.jpg,_30.jpg,Closed,139,104,3,RGB,1.3365,25.18,True,ad57ab11eaac7b353207fe7dda4f1e9b,SIM_0225,train
D:\driver-drowsiness-detection\dataset\train\Closed\_300.jpg,_300.jpg,Closed,581,381,3,RGB,1.5249,59.5,True,7e7ec28ef71bbd42b565b420583880fe,SIM_0226,test
D:\driver-drowsiness-detection\dataset\train\Closed\_301.jpg,_301.jpg,Closed,357,379,3,RGB,0.942,51.13,True,72fe197d3fc1558a997f02a33b0cbf27,SIM_0227,train
D:\driver-drowsiness-detection\dataset\train\Closed\_302.jpg,_302.jpg,Closed,231,203,3,RGB,1.1379,30.68,True,464156408c68e7da1507f121e3de9008,SIM_0228,validation
D:\driver-drowsiness-detection\dataset\train\Closed\_303.jpg,_303.jpg,Closed,170,182,3,RGB,0.9341,27.09,True,a086ab9d305fdcf728f5937f409051e3,SIM_0229,train
D:\driver-drowsiness-detection\dataset\train\Closed\_304.jpg,_304.jpg,Closed,89,89,3,RGB,1.0,3.31,True,f0f5b3c1ab9908fc931c636c6228f547,SIM_0230,train
D:\driver-drowsiness-detection\dataset\train\Closed\_305.jpg,_305.jpg,Closed,91,91,3,RGB,1.0,3.64,True,7c0fd3877e3b245e167f8bfdd04b9658,SIM_0231,train
D:\driver-drowsiness-detection\dataset\train\Closed\_306.jpg,_306.jpg,Closed,122,121,3,RGB,1.0083,2.75,True,d43d4430072dfda390a69dabe057a4d4,SIM_0232,train
D:\driver-drowsiness-detection\dataset\train\Closed\_307.jpg,_307.jpg,Closed,104,104,3,RGB,1.0,3.86,True,dafee71056d8c3f05d463bc9061f3a75,SIM_0233,validation
D:\driver-drowsiness-detection\dataset\train\Closed\_308.jpg,_308.jpg,Closed,210,188,3,RGB,1.117,32.94,True,37c655c4c1211f510c29516e922c3b5f,SIM_0234,train
D:\driver-drowsiness-detection\dataset\train\Closed\_309.jpg,_309.jpg,Closed,432,320,3,RGB,1.35,43.45,True,74332c77e55594db0466e953ee9da419,SIM_0235,train
D:\driver-drowsiness-detection\dataset\train\Closed\_31.jpg,_31.jpg,Closed,105,107,3,RGB,0.9813,24.33,True,b74ef27b69a22072546e6abe9e370b57,SIM_0236,train
D:\driver-drowsiness-detection\dataset\train\Closed\_310.jpg,_310.jpg,Closed,411,354,3,RGB,1.161,45.4,True,7965aff6a335b27de0baf1727694682a,SIM_0237,train
D:\driver-drowsiness-detection\dataset\train\Closed\_311.jpg,_311.jpg,Closed,86,86,3,RGB,1.0,2.86,True,c721636f582fe1cbd2c700d027445402,SIM_0238,train
D:\driver-drowsiness-detection\dataset\train\Closed\_312.jpg,_312.jpg,Closed,88,88,3,RGB,1.0,2.87,True,aa853892b761738755218aca4bd5889a,SIM_0239,train
D:\driver-drowsiness-detection\dataset\train\Closed\_313.jpg,_313.jpg,Closed,572,499,3,RGB,1.1463,52.72,True,f0ceca301d17078f3f94c10572ae88b4,SIM_0240,train
D:\driver-drowsiness-detection\dataset\train\Closed\_314.jpg,_314.jpg,Closed,563,499,3,RGB,1.1283,49.12,True,34dd5e554a5abe15ec9bfadfedc22e8b,SIM_0241,train
D:\driver-drowsiness-detection\dataset\train\Closed\_315.jpg,_315.jpg,Closed,300,300,3,RGB,1.0,13.16,True,0ea5433733b1fa5a4e9963c3d596ff18,SIM_0242,test
D:\driver-drowsiness-detection\dataset\train\Closed\_316.jpg,_316.jpg,Closed,96,96,3,RGB,1.0,3.58,True,1164fabf38bdd996576a3e4c62ad909b,SIM_0243,validation
D:\driver-drowsiness-detection\dataset\train\Closed\_317.jpg,_317.jpg,Closed,91,91,3,RGB,1.0,2.51,True,869ede075ccf9b4aaacb29246fb99b72,SIM_0244,validation
D:\driver-drowsiness-detection\dataset\train\Closed\_318.jpg,_318.jpg,Closed,97,97,3,RGB,1.0,3.84,True,e91abb8f055115da017e2ad53ec1046a,SIM_0245,train
D:\driver-drowsiness-detection\dataset\train\Closed\_319.jpg,_319.jpg,Closed,70,70,3,RGB,1.0,8.89,True,b5549b2aae67c3ce42c55fe911581f8a,SIM_0246,test
D:\driver-drowsiness-detection\dataset\train\Closed\_32.jpg,_32.jpg,Closed,120,114,3,RGB,1.0526,22.32,True,028e461132f0dbfe20ac87514d42e428,SIM_0247,train
D:\driver-drowsiness-detection\dataset\train\Closed\_320.jpg,_320.jpg,Closed,315,300,3,RGB,1.05,11.26,True,205913ff2dc3dd37208add6432c808bc,SIM_0248,train
D:\driver-drowsiness-detection\dataset\train\Closed\_321.jpg,_321.jpg,Closed,300,301,3,RGB,0.9967,11.99,True,8dfc62e50442be6df550c62a89353ee3,SIM_0249,validation
D:\driver-drowsiness-detection\dataset\train\Closed\_322.jpg,_322.jpg,Closed,310,300,3,RGB,1.0333,10.45,True,5726bb04cb292ba7e5c4f0adcc1e19b2,SIM_0250,train
D:\driver-drowsiness-detection\dataset\train\Closed\_323.jpg,_323.jpg,Closed,317,300,3,RGB,1.0567,12.14,True,b11296f57306ae2af1354b9a37609475,SIM_0251,train
D:\driver-drowsiness-detection\dataset\train\Closed\_324.jpg,_324.jpg,Closed,84,84,3,RGB,1.0,3.14,True,08554069a3bdde05efe1f6b40ca447f1,SIM_0252,train
D:\driver-drowsiness-detection\dataset\train\Closed\_325.jpg,_325.jpg,Closed,75,75,3,RGB,1.0,2.79,True,e5ba11e34051f292486862d32fe6b875,SIM_0253,train
D:\driver-drowsiness-detection\dataset\train\Closed\_326.jpg,_326.jpg,Closed,312,300,3,RGB,1.04,9.51,True,ab1c6e1282c331349e5dff4dace8787f,SIM_0254,test
D:\driver-drowsiness-detection\dataset\train\Closed\_327.jpg,_327.jpg,Closed,568,587,3,RGB,0.9676,57.15,True,41fe17eeab91bed75db275c6466e39b2,SIM_0255,train
D:\driver-drowsiness-detection\dataset\train\Closed\_328.jpg,_328.jpg,Closed,461,364,3,RGB,1.2665,42.58,True,deef6d9c96ce8f2ad248d05d83cb15fe,SIM_0256,validation
D:\driver-drowsiness-detection\dataset\train\Closed\_329.jpg,_329.jpg,Closed,125,125,3,RGB,1.0,3.91,True,a675a3c6b01e3567a1bf4b21ba6e4613,SIM_0257,train
D:\driver-drowsiness-detection\dataset\train\Closed\_33.jpg,_33.jpg,Closed,117,110,3,RGB,1.0636,22.48,True,965ef020730e38301d99e195d4152409,SIM_0258,train
D:\driver-drowsiness-detection\dataset\train\Closed\_330.jpg,_330.jpg,Closed,263,274,3,RGB,0.9599,16.62,True,0bb978bb4f3e6be847238437e1ddfced,SIM_0259,validation
D:\driver-drowsiness-detection\dataset\train\Closed\_331.jpg,_331.jpg,Closed,111,111,3,RGB,1.0,4.3,True,8cf66bcd8071d38784c8680ffecad493,SIM_0260,train
D:\driver-drowsiness-detection\dataset\train\Closed\_332.jpg,_332.jpg,Closed,337,243,3,RGB,1.3868,33.92,True,e72c9a23e067148938d8ff2ac7043e98,SIM_0261,validation
D:\driver-drowsiness-detection\dataset\train\Closed\_333.jpg,_333.jpg,Closed,314,258,3,RGB,1.2171,35.0,True,0101f9ac49020a12105d5e3ec641c3af,SIM_0262,train
D:\driver-drowsiness-detection\dataset\train\Closed\_334.jpg,_334.jpg,Closed,97,91,3,RGB,1.0659,3.48,True,d5b43aaf04f11167fd62851397a13ea2,SIM_0263,test
D:\driver-drowsiness-detection\dataset\train\Closed\_335.jpg,_335.jpg,Closed,84,94,3,RGB,0.8936,3.14,True,0db9ea84e0781b58dc1df8dc1180bfa2,SIM_0264,train
D:\driver-drowsiness-detection\dataset\train\Closed\_336.jpg,_336.jpg,Closed,349,300,3,RGB,1.1633,11.88,True,6d5dfb919dc972af9e32e241fe24da9a,SIM_0265,validation
D:\driver-drowsiness-detection\dataset\train\Closed\_337.jpg,_337.jpg,Closed,390,300,3,RGB,1.3,12.26,True,33932a4273b1db35dafa60e9f280aef1,SIM_0266,train
D:\driver-drowsiness-detection\dataset\train\Closed\_338.jpg,_338.jpg,Closed,428,471,3,RGB,0.9087,70.09,True,b949a22d44f6e2c90ddead10e617f633,SIM_0267,train
D:\driver-drowsiness-detection\dataset\train\Closed\_339.jpg,_339.jpg,Closed,449,542,3,RGB,0.8284,83.64,True,5a4062104af0f4367a0081a4be2156d7,SIM_0268,train
D:\driver-drowsiness-detection\dataset\train\Closed\_34.jpg,_34.jpg,Closed,133,93,3,RGB,1.4301,24.15,True,795e98f4b28dfbcf87cd1b31f6e3015a,SIM_0269,test
D:\driver-drowsiness-detection\dataset\train\Closed\_340.jpg,_340.jpg,Closed,391,300,3,RGB,1.3033,30.28,True,5b96a717719dcfd2eb45756ecc88170f,SIM_0270,train
D:\driver-drowsiness-detection\dataset\train\Closed\_341.jpg,_341.jpg,Closed,209,171,3,RGB,1.2222,26.51,True,76dbc3a389888956e895d6b5db53d8b9,SIM_0271,train
D:\driver-drowsiness-detection\dataset\train\Closed\_342.jpg,_342.jpg,Closed,345,300,3,RGB,1.15,25.45,True,d74f25cc04c02c484149696e42bfe7d9,SIM_0272,train
D:\driver-drowsiness-detection\dataset\train\Closed\_343.jpg,_343.jpg,Closed,360,300,3,RGB,1.2,18.15,True,61bde51b39e269598b409f7c279b4203,SIM_0273,train
D:\driver-drowsiness-detection\dataset\train\Closed\_344.jpg,_344.jpg,Closed,135,135,3,RGB,1.0,4.95,True,3ec1b8b0b1f15c9efc0b293ee2d39339,SIM_0274,train
D:\driver-drowsiness-detection\dataset\train\Closed\_345.jpg,_345.jpg,Closed,116,116,3,RGB,1.0,4.29,True,3665a792786605ae0ca232c721d15474,SIM_0275,train
D:\driver-drowsiness-detection\dataset\train\Closed\_346.jpg,_346.jpg,Closed,435,300,3,RGB,1.45,23.0,True,c69f13460a6b63af86fb040823976c25,SIM_0276,train
D:\driver-drowsiness-detection\dataset\train\Closed\_347.jpg,_347.jpg,Closed,112,112,3,RGB,1.0,4.16,True,6d57b1eda563f573389f841a4605927c,SIM_0277,train
D:\driver-drowsiness-detection\dataset\train\Closed\_348.jpg,_348.jpg,Closed,114,114,3,RGB,1.0,4.45,True,535feb2314fa1f7ca6296b1cdbcabb86,SIM_0278,train
D:\driver-drowsiness-detection\dataset\train\Closed\_349.jpg,_349.jpg,Closed,345,300,3,RGB,1.15,22.87,True,ce1a6247c1d657f762e3bbef9e0b99f9,SIM_0279,train
D:\driver-drowsiness-detection\dataset\train\Closed\_35.jpg,_35.jpg,Closed,86,88,3,RGB,0.9773,20.57,True,b7b0742778785452232a95d56296aaad,SIM_0280,train
D:\driver-drowsiness-detection\dataset\train\Closed\_350.jpg,_350.jpg,Closed,392,300,3,RGB,1.3067,24.73,True,65c4a9ee8989defb33ff1fd44298cd53,SIM_0281,validation
D:\driver-drowsiness-detection\dataset\train\Closed\_351.jpg,_351.jpg,Closed,128,128,3,RGB,1.0,3.82,True,a49058e71a1433365e9308d00ff800af,SIM_0282,train
D:\driver-drowsiness-detection\dataset\train\Closed\_352.jpg,_352.jpg,Closed,113,113,3,RGB,1.0,5.16,True,6e0c804d1676b8920d97a85b5f2a7256,SIM_0283,train
D:\driver-drowsiness-detection\dataset\train\Closed\_353.jpg,_353.jpg,Closed,144,136,3,RGB,1.0588,12.03,True,8ddd48648c0c226640d7bf5877e26aa8,SIM_0284,train
D:\driver-drowsiness-detection\dataset\train\Closed\_354.jpg,_354.jpg,Closed,110,98,4,RGBA,1.1224,22.53,True,889dd23534f40ee09cfb2092a34c7368,SIM_0285,validation
D:\driver-drowsiness-detection\dataset\train\Closed\_355.jpg,_355.jpg,Closed,208,161,3,RGB,1.2919,26.05,True,eeda708d5881ff1e4ecdd62766dc9fdf,SIM_0286,train
D:\driver-drowsiness-detection\dataset\train\Closed\_356.jpg,_356.jpg,Closed,120,121,3,RGB,0.9917,4.59,True,efe87f2a132a67dcf98110d9d3cdd945,SIM_0287,train
D:\driver-drowsiness-detection\dataset\train\Closed\_357.jpg,_357.jpg,Closed,137,137,3,RGB,1.0,4.25,True,b0d4c768a78554940ffd11f031b396fe,SIM_0288,train
D:\driver-drowsiness-detection\dataset\train\Closed\_358.jpg,_358.jpg,Closed,129,130,3,RGB,0.9923,4.93,True,46b2bb084085ba57f94f46431ffbeb18,SIM_0289,train
D:\driver-drowsiness-detection\dataset\train\Closed\_359.jpg,_359.jpg,Closed,409,300,3,RGB,1.3633,25.27,True,e38a8dea20d1ddebdd4c0e2a74ba7cad,SIM_0290,train
D:\driver-drowsiness-detection\dataset\train\Closed\_36.jpg,_36.jpg,Closed,87,83,3,RGB,1.0482,21.17,True,6e611e095710f41bf274b937829e84d4,SIM_0291,train
D:\driver-drowsiness-detection\dataset\train\Closed\_360.jpg,_360.jpg,Closed,117,117,3,RGB,1.0,3.14,True,cfcb65781a4860d338ba7c1c88228081,SIM_0292,train
D:\driver-drowsiness-detection\dataset\train\Closed\_361.jpg,_361.jpg,Closed,103,103,3,RGB,1.0,3.73,True,2e6c2445ea50cb64d0b261d8061f3a5e,SIM_0293,train
D:\driver-drowsiness-detection\dataset\train\Closed\_362.jpg,_362.jpg,Closed,433,300,3,RGB,1.4433,52.81,True,3cac98e7b3a16c8cb79ade553af2f118,SIM_0294,test
D:\driver-drowsiness-detection\dataset\train\Closed\_363.jpg,_363.jpg,Closed,410,300,3,RGB,1.3667,50.4,True,984069382aea890e43c7b4d5b0421419,SIM_0295,train
D:\driver-drowsiness-detection\dataset\train\Closed\_364.jpg,_364.jpg,Closed,105,105,3,RGB,1.0,3.58,True,3404b8344c14bd4f00775da5d6467bfb,SIM_0296,train
D:\driver-drowsiness-detection\dataset\train\Closed\_365.jpg,_365.jpg,Closed,99,99,3,RGB,1.0,3.51,True,767ff269b4941d00de96e124aea1592b,SIM_0297,train
D:\driver-drowsiness-detection\dataset\train\Closed\_366.jpg,_366.jpg,Closed,102,99,3,RGB,1.0303,10.32,True,01b11164a834203696881b7116471d4d,SIM_0298,train
D:\driver-drowsiness-detection\dataset\train\Closed\_367.jpg,_367.jpg,Closed,343,300,3,RGB,1.1433,16.36,True,edaad33df8b95a4cefad770ddc34bb17,SIM_0299,train
D:\driver-drowsiness-detection\dataset\train\Closed\_368.jpg,_368.jpg,Closed,384,300,3,RGB,1.28,11.66,True,9c8f390eb7c3030874a23270cedc5787,SIM_0300,train
D:\driver-drowsiness-detection\dataset\train\Closed\_369.jpg,_369.jpg,Closed,342,300,3,RGB,1.14,12.89,True,fb3db31551fcfb76092b2574ee964aa1,SIM_0301,train
D:\driver-drowsiness-detection\dataset\train\Closed\_37.jpg,_37.jpg,Closed,125,127,3,RGB,0.9843,23.63,True,32be4b6d94689e6c160441b3e304526e,SIM_0302,test
D:\driver-drowsiness-detection\dataset\train\Closed\_370.jpg,_370.jpg,Closed,300,326,3,RGB,0.9202,9.74,True,4d8fe7000fe6aef0bf317fad57af38b4,SIM_0303,validation
D:\driver-drowsiness-detection\dataset\train\Closed\_371.jpg,_371.jpg,Closed,461,461,3,RGB,1.0,41.25,True,7cae05e6248944ecea0d1c185c3f94f0,SIM_0304,train
D:\driver-drowsiness-detection\dataset\train\Closed\_372.jpg,_372.jpg,Closed,558,558,3,RGB,1.0,58.62,True,fdd9a37de9f378c2234ff58939c54ae9,SIM_0305,train
D:\driver-drowsiness-detection\dataset\train\Closed\_373.jpg,_373.jpg,Closed,532,542,3,RGB,0.9815,59.41,True,b8d41aff10245f7b89b14dd1aef43153,SIM_0306,train
D:\driver-drowsiness-detection\dataset\train\Closed\_374.jpg,_374.jpg,Closed,550,513,3,RGB,1.0721,59.97,True,ee22f8776cb9c7db5c653a7128898b69,SIM_0307,train
D:\driver-drowsiness-detection\dataset\train\Closed\_375.jpg,_375.jpg,Closed,858,845,3,RGB,1.0154,225.29,True,e66369ce0916ed1e86aeee3bb5ec829b,SIM_0308,train
D:\driver-drowsiness-detection\dataset\train\Closed\_376.jpg,_376.jpg,Closed,703,702,3,RGB,1.0014,81.28,True,a62b57ad2160ffcde1ef002e9307cee7,SIM_0309,train
D:\driver-drowsiness-detection\dataset\train\Closed\_377.jpg,_377.jpg,Closed,134,120,3,RGB,1.1167,21.97,True,dbd1b6e7a39f30eb8c838d64a771528b,SIM_0310,train
D:\driver-drowsiness-detection\dataset\train\Closed\_378.jpg,_378.jpg,Closed,247,247,3,RGB,1.0,14.13,True,e853fd568ecc8c1589b605fcf776fff1,SIM_0311,train
D:\driver-drowsiness-detection\dataset\train\Closed\_379.jpg,_379.jpg,Closed,234,234,3,RGB,1.0,13.89,True,fc5175a44823b893304b996d22fa0fa2,SIM_0312,train
D:\driver-drowsiness-detection\dataset\train\Closed\_38.jpg,_38.jpg,Closed,92,86,3,RGB,1.0698,20.92,True,02343f4c487c79e33f42f4c67ebfb55e,SIM_0313,train
D:\driver-drowsiness-detection\dataset\train\Closed\_380.jpg,_380.jpg,Closed,362,310,3,RGB,1.1677,49.98,True,11da1c64997ad90caca0c680c0f44393,SIM_0314,train
D:\driver-drowsiness-detection\dataset\train\Closed\_381.jpg,_381.jpg,Closed,279,264,3,RGB,1.0568,30.37,True,dba25e7097a63d01d61bc4df665696d4,SIM_0315,validation
D:\driver-drowsiness-detection\dataset\train\Closed\_382.jpg,_382.jpg,Closed,455,447,3,RGB,1.0179,67.43,True,b6d9af9d695b66e211d76912b464d418,SIM_0316,train
D:\driver-drowsiness-detection\dataset\train\Closed\_383.jpg,_383.jpg,Closed,441,441,3,RGB,1.0,31.15,True,3ff695467b9efcf08f8796e85b10512a,SIM_0317,train
D:\driver-drowsiness-detection\dataset\train\Closed\_384.jpg,_384.jpg,Closed,644,644,3,RGB,1.0,78.67,True,6e1b61633559c95d421264e4f227ca65,SIM_0318,test
D:\driver-drowsiness-detection\dataset\train\Closed\_385.jpg,_385.jpg,Closed,512,512,3,RGB,1.0,59.12,True,e3584b78ef5173b93a562dbd6337d09c,SIM_0319,train
D:\driver-drowsiness-detection\dataset\train\Closed\_386.jpg,_386.jpg,Closed,766,766,3,RGB,1.0,89.02,True,f28fe835c74ed6f5a90793ba575e8896,SIM_0320,train
D:\driver-drowsiness-detection\dataset\train\Closed\_387.jpg,_387.jpg,Closed,693,693,3,RGB,1.0,71.59,True,c05888bdae0ffcfd4f1df19122b52e75,SIM_0321,validation
D:\driver-drowsiness-detection\dataset\train\Closed\_388.jpg,_388.jpg,Closed,130,117,3,RGB,1.1111,26.4,True,064eb6afcc4f9e27758f13110785928e,SIM_0322,train
D:\driver-drowsiness-detection\dataset\train\Closed\_389.jpg,_389.jpg,Closed,706,706,3,RGB,1.0,110.62,True,b6d41bfbec332882f8e3fa6c21a51380,SIM_0323,train
D:\driver-drowsiness-detection\dataset\train\Closed\_39.jpg,_39.jpg,Closed,356,356,3,RGB,1.0,26.52,True,4e01c6ad2374a99735f50e71d61f7253,SIM_0324,train
D:\driver-drowsiness-detection\dataset\train\Closed\_390.jpg,_390.jpg,Closed,644,644,3,RGB,1.0,88.36,True,ad58dbd6cf19021d1f265641209c3393,SIM_0325,train
D:\driver-drowsiness-detection\dataset\train\Closed\_391.jpg,_391.jpg,Closed,487,487,3,RGB,1.0,14.54,True,66e4ea71d97c1026271a299300cdb7f2,SIM_0326,validation
D:\driver-drowsiness-detection\dataset\train\Closed\_392.jpg,_392.jpg,Closed,185,163,3,RGB,1.135,4.51,True,d93d63c3f52f72afca5f5351ee0f6cf2,SIM_0327,train
D:\driver-drowsiness-detection\dataset\train\Closed\_393.jpg,_393.jpg,Closed,144,144,3,RGB,1.0,4.95,True,6baf3774eed9aa88bc9c7a6a5ca59f08,SIM_0328,train
D:\driver-drowsiness-detection\dataset\train\Closed\_394.jpg,_394.jpg,Closed,177,176,3,RGB,1.0057,5.86,True,df1b2ab1ffe1d92e043d0026a34e57a7,SIM_0329,validation
D:\driver-drowsiness-detection\dataset\train\Closed\_395.jpg,_395.jpg,Closed,160,159,3,RGB,1.0063,6.44,True,a4269d8100bfe534f58c9fa3ae926e38,SIM_0330,train
D:\driver-drowsiness-detection\dataset\train\Closed\_396.jpg,_396.jpg,Closed,186,185,3,RGB,1.0054,7.26,True,c09aa0b91fb9741fffdf5893def676c1,SIM_0331,test
D:\driver-drowsiness-detection\dataset\train\Closed\_397.jpg,_397.jpg,Closed,166,167,3,RGB,0.994,9.2,True,e1e996b5d60c8656eaf389f0753ef897,SIM_0332,train
D:\driver-drowsiness-detection\dataset\train\Closed\_398.jpg,_398.jpg,Closed,169,169,3,RGB,1.0,8.88,True,e034df49a7f9a9f128cc278be84a94a8,SIM_0333,train
D:\driver-drowsiness-detection\dataset\train\Closed\_399.jpg,_399.jpg,Closed,160,156,3,RGB,1.0256,11.05,True,7bb4f4a81d138ce4759d64fe4a54e7dd,SIM_0334,validation
D:\driver-drowsiness-detection\dataset\train\Closed\_4.jpg,_4.jpg,Closed,249,232,3,RGB,1.0733,16.96,True,de7d7d69000e6688ce204e63f4240b6b,SIM_0335,train
D:\driver-drowsiness-detection\dataset\train\Closed\_40.jpg,_40.jpg,Closed,77,77,3,RGB,1.0,2.71,True,4e9b03973659269ddd6f494dd3c309e8,SIM_0336,validation
D:\driver-drowsiness-detection\dataset\train\Closed\_400.jpg,_400.jpg,Closed,181,181,3,RGB,1.0,10.98,True,c71365921a39613060ce6c7b57e359fb,SIM_0337,train
D:\driver-drowsiness-detection\dataset\train\Closed\_401.jpg,_401.jpg,Closed,189,189,3,RGB,1.0,12.54,True,6256172aa7e15c68c539fd96e0355dc0,SIM_0338,test
D:\driver-drowsiness-detection\dataset\train\Closed\_402.jpg,_402.jpg,Closed,841,841,3,RGB,1.0,151.17,True,3d506aaec313dd4067ee74c1b6707edc,SIM_0339,train
D:\driver-drowsiness-detection\dataset\train\Closed\_403.jpg,_403.jpg,Closed,726,726,3,RGB,1.0,114.79,True,956632fa49d5544954a3f5d48fcd90f1,SIM_0340,train
D:\driver-drowsiness-detection\dataset\train\Closed\_404.jpg,_404.jpg,Closed,118,118,3,RGB,1.0,5.51,True,60632f5a6fcb4a643cbfbc25c5c2a000,SIM_0341,train
D:\driver-drowsiness-detection\dataset\train\Closed\_405.jpg,_405.jpg,Closed,109,109,3,RGB,1.0,4.67,True,19b78c82917906b9c3cce55981b34825,SIM_0342,train
D:\driver-drowsiness-detection\dataset\train\Closed\_406.jpg,_406.jpg,Closed,129,129,3,RGB,1.0,5.33,True,03a2efa897a9130cf0b2bc6ac0956131,SIM_0343,train
D:\driver-drowsiness-detection\dataset\train\Closed\_407.jpg,_407.jpg,Closed,117,117,3,RGB,1.0,3.86,True,4e00e29f36efcb87e4764efe1c81c7f6,SIM_0344,train
D:\driver-drowsiness-detection\dataset\train\Closed\_408.jpg,_408.jpg,Closed,98,98,3,RGB,1.0,3.51,True,628378f4f9f93224e47705a5d493a4ef,SIM_0345,train
D:\driver-drowsiness-detection\dataset\train\Closed\_409.jpg,_409.jpg,Closed,114,113,3,RGB,1.0088,3.59,True,f8b12bc1f66cd4d638e775f0284aaebd,SIM_0346,validation
D:\driver-drowsiness-detection\dataset\train\Closed\_41.jpg,_41.jpg,Closed,78,68,3,RGB,1.1471,20.42,True,6574f4f3cf4571db55a6676914cf3203,SIM_0347,train
D:\driver-drowsiness-detection\dataset\train\Closed\_410.jpg,_410.jpg,Closed,225,224,3,RGB,1.0045,3.85,True,efb26de3aa73f73f6ff5d7f72d030739,SIM_0348,train
D:\driver-drowsiness-detection\dataset\train\Closed\_411.jpg,_411.jpg,Closed,895,895,3,RGB,1.0,147.56,True,0f2a3d7c2c9c8f11fc4e5d27c28389e6,SIM_0349,train
D:\driver-drowsiness-detection\dataset\train\Closed\_412.jpg,_412.jpg,Closed,956,956,3,RGB,1.0,159.34,True,d26121b0a770621c35914cff87f1a750,SIM_0350,train
D:\driver-drowsiness-detection\dataset\train\Closed\_413.jpg,_413.jpg,Closed,831,830,3,RGB,1.0012,126.61,True,a240b64e1f306d19e214192427d07874,SIM_0351,train
D:\driver-drowsiness-detection\dataset\train\Closed\_414.jpg,_414.jpg,Closed,783,783,3,RGB,1.0,110.81,True,9edb9fc702a26edba720d2a5b8aad4db,SIM_0352,train
D:\driver-drowsiness-detection\dataset\train\Closed\_415.jpg,_415.jpg,Closed,107,107,3,RGB,1.0,2.63,True,749b9a80e9f2e8440ce7febae77fd8a7,SIM_0353,train
D:\driver-drowsiness-detection\dataset\train\Closed\_416.jpg,_416.jpg,Closed,107,107,3,RGB,1.0,2.65,True,6f5e72081da1bcd61bc0939b2fd9a4ee,SIM_0354,train
D:\driver-drowsiness-detection\dataset\train\Closed\_417.jpg,_417.jpg,Closed,100,100,3,RGB,1.0,2.86,True,111e670695e82a7518a1f4045d217eac,SIM_0355,train
D:\driver-drowsiness-detection\dataset\train\Closed\_418.jpg,_418.jpg,Closed,102,102,3,RGB,1.0,2.59,True,8b8cea8fd96b32e1c363c5472245e89d,SIM_0356,train
D:\driver-drowsiness-detection\dataset\train\Closed\_419.jpg,_419.jpg,Closed,110,109,3,RGB,1.0092,3.37,True,b5a757fd2281ba230fa5b89685421083,SIM_0357,test
D:\driver-drowsiness-detection\dataset\train\Closed\_42.jpg,_42.jpg,Closed,202,150,3,RGB,1.3467,29.18,True,3711601ea51c6d296ebf24df3f1d4d5e,SIM_0358,train
D:\driver-drowsiness-detection\dataset\train\Closed\_420.jpg,_420.jpg,Closed,109,109,3,RGB,1.0,3.37,True,0ecba196a556145b76b24ee3537b61be,SIM_0359,train
D:\driver-drowsiness-detection\dataset\train\Closed\_421.jpg,_421.jpg,Closed,85,96,3,RGB,0.8854,8.62,True,87322af98535c9e1452618b004990ec9,SIM_0360,train
D:\driver-drowsiness-detection\dataset\train\Closed\_422.jpg,_422.jpg,Closed,153,153,3,RGB,1.0,5.45,True,14641e8f1a3954889b7e553a5a71c079,SIM_0361,train
D:\driver-drowsiness-detection\dataset\train\Closed\_423.jpg,_423.jpg,Closed,126,127,3,RGB,0.9921,3.87,True,3f4beb85687f70e7ab4489b6b04a4e9e,SIM_0362,train
D:\driver-drowsiness-detection\dataset\train\Closed\_424.jpg,_424.jpg,Closed,137,137,3,RGB,1.0,4.84,True,02feea509aac7c92991026ffe9ad9da5,SIM_0363,validation
D:\driver-drowsiness-detection\dataset\train\Closed\_425.jpg,_425.jpg,Closed,136,136,3,RGB,1.0,5.19,True,b3f71477c53105c4760d8ffdd09fdc78,SIM_0364,train
D:\driver-drowsiness-detection\dataset\train\Closed\_426.jpg,_426.jpg,Closed,134,134,3,RGB,1.0,5.57,True,804a3e332de497cce36e9986f9b819bd,SIM_0365,validation
D:\driver-drowsiness-detection\dataset\train\Closed\_427.jpg,_427.jpg,Closed,1280,1280,3,RGB,1.0,92.08,True,9207af54645b786d2351b50ca9e66c5d,SIM_0366,train
D:\driver-drowsiness-detection\dataset\train\Closed\_428.jpg,_428.jpg,Closed,1280,1280,3,RGB,1.0,90.01,True,ac2e47ddc57751bfb93bd523534f5592,SIM_0367,train
D:\driver-drowsiness-detection\dataset\train\Closed\_429.jpg,_429.jpg,Closed,695,694,3,RGB,1.0014,90.1,True,37b00f68f153c4e122b4ab780898d1d8,SIM_0368,train
D:\driver-drowsiness-detection\dataset\train\Closed\_43.jpg,_43.jpg,Closed,107,90,3,RGB,1.1889,21.26,True,1c187be1b9dbfa6ef7f6929aabb48020,SIM_0369,train
D:\driver-drowsiness-detection\dataset\train\Closed\_430.jpg,_430.jpg,Closed,745,745,3,RGB,1.0,50.75,True,d1c1eef8eae1234ef49313fd8e661a90,SIM_0370,test
D:\driver-drowsiness-detection\dataset\train\Closed\_431.jpg,_431.jpg,Closed,788,788,3,RGB,1.0,108.41,True,86176b4e197b536a38c7d64b633fec93,SIM_0371,validation
D:\driver-drowsiness-detection\dataset\train\Closed\_432.jpg,_432.jpg,Closed,108,102,3,RGB,1.0588,9.05,True,6390e41b892c3608d2671806f5ace5ed,SIM_0372,train
D:\driver-drowsiness-detection\dataset\train\Closed\_433.jpg,_433.jpg,Closed,762,761,3,RGB,1.0013,111.32,True,d3e029b1fe3ab69d49d9c910b9805098,SIM_0373,train
D:\driver-drowsiness-detection\dataset\train\Closed\_434.jpg,_434.jpg,Closed,799,799,3,RGB,1.0,206.49,True,c035af334fb2414c82e5febe096321fa,SIM_0374,validation
D:\driver-drowsiness-detection\dataset\train\Closed\_435.jpg,_435.jpg,Closed,861,861,3,RGB,1.0,124.47,True,4d8e41e038ba89b8ad89cc3b368404e5,SIM_0375,train
D:\driver-drowsiness-detection\dataset\train\Closed\_436.jpg,_436.jpg,Closed,873,872,3,RGB,1.0011,252.62,True,c60a13544ec0439b0ee608156659d4e0,SIM_0376,train
D:\driver-drowsiness-detection\dataset\train\Closed\_437.jpg,_437.jpg,Closed,886,886,3,RGB,1.0,193.72,True,5854a45dee64268d005be5a076b2c05e,SIM_0377,train
D:\driver-drowsiness-detection\dataset\train\Closed\_438.jpg,_438.jpg,Closed,638,638,3,RGB,1.0,67.25,True,5b6562ea927aa824d875ef4d2f824cd8,SIM_0378,train
D:\driver-drowsiness-detection\dataset\train\Closed\_439.jpg,_439.jpg,Closed,580,580,3,RGB,1.0,57.31,True,5c6e8be3caa9932f561da6ccb83c9371,SIM_0379,test
D:\driver-drowsiness-detection\dataset\train\Closed\_44.jpg,_44.jpg,Closed,99,101,3,RGB,0.9802,21.82,True,9f1cc209b589267a61a79bb781274949,SIM_0380,test
D:\driver-drowsiness-detection\dataset\train\Closed\_440.jpg,_440.jpg,Closed,1126,1126,3,RGB,1.0,112.81,True,36611364984f77c49b1e034e78d2dede,SIM_0381,train
D:\driver-drowsiness-detection\dataset\train\Closed\_441.jpg,_441.jpg,Closed,1280,1280,3,RGB,1.0,85.17,True,73f6d2b3c80848b054abdf9f0a2a88ba,SIM_0382,train
D:\driver-drowsiness-detection\dataset\train\Closed\_442.jpg,_442.jpg,Closed,994,994,3,RGB,1.0,180.68,True,d7ba3fddd456ba01852ccccb70b26d22,SIM_0383,train
D:\driver-drowsiness-detection\dataset\train\Closed\_443.jpg,_443.jpg,Closed,299,244,3,RGB,1.2254,35.62,True,b9539aad6291b084331656c48cc47dd7,SIM_0384,train
D:\driver-drowsiness-detection\dataset\train\Closed\_444.jpg,_444.jpg,Closed,963,962,3,RGB,1.001,159.85,True,1a307ff293c7a27b77a4867844fb3e66,SIM_0385,validation
D:\driver-drowsiness-detection\dataset\train\Closed\_445.jpg,_445.jpg,Closed,1280,1280,3,RGB,1.0,77.35,True,0496572d6c1984305fd5887188d09826,SIM_0386,train
D:\driver-drowsiness-detection\dataset\train\Closed\_446.jpg,_446.jpg,Closed,1280,1280,3,RGB,1.0,59.12,True,f26c9ea410d8f5c9435c5e88cdead5ff,SIM_0387,validation
D:\driver-drowsiness-detection\dataset\train\Closed\_447.jpg,_447.jpg,Closed,924,923,3,RGB,1.0011,111.01,True,beab5a4ab9ad96ffb7c7be8a8acc494f,SIM_0388,train
D:\driver-drowsiness-detection\dataset\train\Closed\_448.jpg,_448.jpg,Closed,889,889,3,RGB,1.0,94.68,True,6482c49d77c30e4e546db2c875f8f394,SIM_0389,validation
D:\driver-drowsiness-detection\dataset\train\Closed\_449.jpg,_449.jpg,Closed,811,811,3,RGB,1.0,127.59,True,9a672572d41f1fbceaddf7f90a8ba40a,SIM_0390,train
D:\driver-drowsiness-detection\dataset\train\Closed\_45.jpg,_45.jpg,Closed,234,121,3,RGB,1.9339,28.58,True,e479ccf6972ad55ea6cc6272f1094590,SIM_0391,train
D:\driver-drowsiness-detection\dataset\train\Closed\_450.jpg,_450.jpg,Closed,813,813,3,RGB,1.0,75.13,True,a56a5867f8a42a21d65ed98c9bb25a19,SIM_0392,test
D:\driver-drowsiness-detection\dataset\train\Closed\_451.jpg,_451.jpg,Closed,749,749,3,RGB,1.0,60.33,True,b5b8fe3fecc4a7942b6f4642aa5a80e8,SIM_0393,test
D:\driver-drowsiness-detection\dataset\train\Closed\_452.jpg,_452.jpg,Closed,159,158,3,RGB,1.0063,7.92,True,68e3ea62cc1e9db6199dd53f66b57796,SIM_0394,train
D:\driver-drowsiness-detection\dataset\train\Closed\_453.jpg,_453.jpg,Closed,175,175,3,RGB,1.0,9.91,True,07fffd1f8bd3f01c927c3a71c7131bfe,SIM_0395,train
D:\driver-drowsiness-detection\dataset\train\Closed\_454.jpg,_454.jpg,Closed,266,233,3,RGB,1.1416,34.91,True,bfbb7f7a2121c3546bb7fd1c149af3f4,SIM_0396,validation
D:\driver-drowsiness-detection\dataset\train\Closed\_455.jpg,_455.jpg,Closed,657,658,3,RGB,0.9985,61.01,True,3ca0c66ecb60b487120b298bbfdcec19,SIM_0397,train
D:\driver-drowsiness-detection\dataset\train\Closed\_456.jpg,_456.jpg,Closed,685,686,3,RGB,0.9985,53.87,True,98e086e1af179d1cb589506a62a71b55,SIM_0398,test
D:\driver-drowsiness-detection\dataset\train\Closed\_457.jpg,_457.jpg,Closed,326,326,3,RGB,1.0,18.89,True,562e6f16c481bf7a125cbfeab74a2d0b,SIM_0399,train
D:\driver-drowsiness-detection\dataset\train\Closed\_458.jpg,_458.jpg,Closed,383,383,3,RGB,1.0,36.97,True,f9e22356be2cf1dfd4c87f6dbdf34a37,SIM_0400,test
D:\driver-drowsiness-detection\dataset\train\Closed\_459.jpg,_459.jpg,Closed,208,207,3,RGB,1.0048,10.34,True,fac47793744f858cf7c6a88315403201,SIM_0401,test
D:\driver-drowsiness-detection\dataset\train\Closed\_46.jpg,_46.jpg,Closed,166,127,3,RGB,1.3071,22.96,True,fed623194b83f2cee6cf0f452cae9ea0,SIM_0402,validation
D:\driver-drowsiness-detection\dataset\train\Closed\_460.jpg,_460.jpg,Closed,202,202,3,RGB,1.0,10.69,True,b15adc1f76ed29c83b212c9bdaf0bb7e,SIM_0403,train
D:\driver-drowsiness-detection\dataset\train\Closed\_461.jpg,_461.jpg,Closed,297,297,3,RGB,1.0,19.37,True,a030f2dbce88dc0d08e2d6f622d51a7b,SIM_0404,test
D:\driver-drowsiness-detection\dataset\train\Closed\_462.jpg,_462.jpg,Closed,239,239,3,RGB,1.0,13.93,True,e8908d3f09640c28fd0e586cce1f02c1,SIM_0405,train
D:\driver-drowsiness-detection\dataset\train\Closed\_463.jpg,_463.jpg,Closed,280,280,3,RGB,1.0,14.21,True,59d193e9d696da63af8846f31c01fce5,SIM_0406,train
D:\driver-drowsiness-detection\dataset\train\Closed\_464.jpg,_464.jpg,Closed,308,308,3,RGB,1.0,17.41,True,e2c5603a3a336209545f53fc5e9f4f97,SIM_0407,train
D:\driver-drowsiness-detection\dataset\train\Closed\_465.jpg,_465.jpg,Closed,127,127,3,RGB,1.0,4.37,True,cd9a8dc9335961ab7d5fb38546419223,SIM_0408,train
D:\driver-drowsiness-detection\dataset\train\Closed\_466.jpg,_466.jpg,Closed,145,128,3,RGB,1.1328,13.12,True,570cc840cfb998db4650bfcd535d2791,SIM_0409,train
D:\driver-drowsiness-detection\dataset\train\Closed\_467.jpg,_467.jpg,Closed,186,183,3,RGB,1.0164,32.38,True,0db96aba4144436e127c5958e1783d43,SIM_0410,train
D:\driver-drowsiness-detection\dataset\train\Closed\_468.jpg,_468.jpg,Closed,242,242,3,RGB,1.0,15.41,True,3d4c9117474ace78db216338364fff4d,SIM_0411,train
D:\driver-drowsiness-detection\dataset\train\Closed\_469.jpg,_469.jpg,Closed,230,230,3,RGB,1.0,15.19,True,666920b9e629e56378c2bf79bdd951f7,SIM_0412,train
D:\driver-drowsiness-detection\dataset\train\Closed\_47.jpg,_47.jpg,Closed,154,105,3,RGB,1.4667,22.31,True,eedf2286306b24a8847aa12800370030,SIM_0413,validation
D:\driver-drowsiness-detection\dataset\train\Closed\_470.jpg,_470.jpg,Closed,676,555,3,RGB,1.218,18.3,True,2a0ad1a5a23d771d93ca7a26df20f5e8,SIM_0414,train
D:\driver-drowsiness-detection\dataset\train\Closed\_471.jpg,_471.jpg,Closed,237,237,3,RGB,1.0,9.09,True,83560bb4615d6b569665281f6801d6b5,SIM_0415,train
D:\driver-drowsiness-detection\dataset\train\Closed\_472.jpg,_472.jpg,Closed,233,234,3,RGB,0.9957,10.43,True,b271325c99e1aff0c98e11fa0c7819fc,SIM_0416,train
D:\driver-drowsiness-detection\dataset\train\Closed\_473.jpg,_473.jpg,Closed,214,213,3,RGB,1.0047,9.21,True,10da7a969b97658937f0b14a55321c29,SIM_0417,train
D:\driver-drowsiness-detection\dataset\train\Closed\_474.jpg,_474.jpg,Closed,227,227,3,RGB,1.0,11.09,True,162776d65295afa7166998bd70b95382,SIM_0418,validation
D:\driver-drowsiness-detection\dataset\train\Closed\_475.jpg,_475.jpg,Closed,279,278,3,RGB,1.0036,22.61,True,67694512f921d4d920dcb392673be35b,SIM_0419,test
D:\driver-drowsiness-detection\dataset\train\Closed\_476.jpg,_476.jpg,Closed,295,295,3,RGB,1.0,23.29,True,003b42a84aed5c8d74e05931e7b153c8,SIM_0420,validation
D:\driver-drowsiness-detection\dataset\train\Closed\_477.jpg,_477.jpg,Closed,940,714,3,RGB,1.3165,31.78,True,bd61d71996c7cfbc328a60d9baa7d553,SIM_0421,train
D:\driver-drowsiness-detection\dataset\train\Closed\_478.jpg,_478.jpg,Closed,275,183,3,RGB,1.5027,5.25,True,eba188bb87e3ff1550c06064baa138c9,SIM_0422,train
D:\driver-drowsiness-detection\dataset\train\Closed\_479.jpg,_479.jpg,Closed,357,357,3,RGB,1.0,23.55,True,e526b124294fbb7051107e168f03b803,SIM_0423,train
D:\driver-drowsiness-detection\dataset\train\Closed\_48.jpg,_48.jpg,Closed,304,300,3,RGB,1.0133,21.18,True,38a1a7afcdcb5b72173c66e80825ef7d,SIM_0424,train
D:\driver-drowsiness-detection\dataset\train\Closed\_480.jpg,_480.jpg,Closed,443,444,3,RGB,0.9977,34.14,True,f8c5757e31b27cd4d9b2fefff86e3553,SIM_0425,train
D:\driver-drowsiness-detection\dataset\train\Closed\_481.jpg,_481.jpg,Closed,360,361,3,RGB,0.9972,24.51,True,774d16ad2a64106f2097a1e198fe8a39,SIM_0426,train
D:\driver-drowsiness-detection\dataset\train\Closed\_482.jpg,_482.jpg,Closed,417,416,3,RGB,1.0024,27.5,True,0619993fe3a6108628ae4d7161c2e22e,SIM_0427,train
D:\driver-drowsiness-detection\dataset\train\Closed\_483.jpg,_483.jpg,Closed,337,337,3,RGB,1.0,17.7,True,e9b16316b2dc97b00c045cc568767a03,SIM_0428,train
D:\driver-drowsiness-detection\dataset\train\Closed\_484.jpg,_484.jpg,Closed,662,664,3,RGB,0.997,109.5,True,54e29820a51bdfdb710f20372c7f8ad5,SIM_0429,train
D:\driver-drowsiness-detection\dataset\train\Closed\_485.jpg,_485.jpg,Closed,763,762,3,RGB,1.0013,158.84,True,e3bf4eb1320f3376ff1631cdb618eb0f,SIM_0430,train
D:\driver-drowsiness-detection\dataset\train\Closed\_486.jpg,_486.jpg,Closed,741,741,3,RGB,1.0,166.87,True,b752868cd3e861f2faf98d36aca26f7c,SIM_0431,train
D:\driver-drowsiness-detection\dataset\train\Closed\_487.jpg,_487.jpg,Closed,710,639,3,RGB,1.1111,157.86,True,174418942821e4a002d0382b3b62c772,SIM_0432,train
D:\driver-drowsiness-detection\dataset\train\Closed\_488.jpg,_488.jpg,Closed,216,216,3,RGB,1.0,9.81,True,cc3962285b276b1e0c37c3cecc82abee,SIM_0433,train
D:\driver-drowsiness-detection\dataset\train\Closed\_489.jpg,_489.jpg,Closed,462,433,3,RGB,1.067,97.86,True,c50219277ce7bf2ad145dd0c1f01c2ca,SIM_0434,train
D:\driver-drowsiness-detection\dataset\train\Closed\_49.jpg,_49.jpg,Closed,342,300,3,RGB,1.14,17.96,True,80aa27850c9e37737d6d94ef6b3ee311,SIM_0435,validation
D:\driver-drowsiness-detection\dataset\train\Closed\_490.jpg,_490.jpg,Closed,219,218,3,RGB,1.0046,9.88,True,673bfd26ce82c9564ee4afcf2fbb7f4f,SIM_0436,train
D:\driver-drowsiness-detection\dataset\train\Closed\_491.jpg,_491.jpg,Closed,170,170,3,RGB,1.0,8.21,True,481a7a16481b25f5ba9c2ed420c6e5b0,SIM_0437,train
D:\driver-drowsiness-detection\dataset\train\Closed\_492.jpg,_492.jpg,Closed,180,179,3,RGB,1.0056,8.5,True,dd6b93f3430e8dbdb69d7b2e93e01797,SIM_0438,train
D:\driver-drowsiness-detection\dataset\train\Closed\_493.jpg,_493.jpg,Closed,155,155,3,RGB,1.0,8.81,True,86d0e965d3b2ed6976be170539efc060,SIM_0439,train
D:\driver-drowsiness-detection\dataset\train\Closed\_494.jpg,_494.jpg,Closed,156,156,3,RGB,1.0,9.12,True,2d32e60b0c9860a4fd7b00483eed68a5,SIM_0440,train
D:\driver-drowsiness-detection\dataset\train\Closed\_495.jpg,_495.jpg,Closed,144,144,3,RGB,1.0,7.12,True,bdff8846a350597cab2363ab143d4559,SIM_0441,train
D:\driver-drowsiness-detection\dataset\train\Closed\_496.jpg,_496.jpg,Closed,155,155,3,RGB,1.0,7.3,True,aad8b44fb2d9ec0bf5ed8e2692ba7698,SIM_0442,train
D:\driver-drowsiness-detection\dataset\train\Closed\_497.jpg,_497.jpg,Closed,128,128,3,RGB,1.0,7.26,True,21e067161a53a5f7ec102d3b7d4a5b8a,SIM_0443,train
D:\driver-drowsiness-detection\dataset\train\Closed\_498.jpg,_498.jpg,Closed,143,143,3,RGB,1.0,8.58,True,b6e7c625409a53537ba4b3910b90119c,SIM_0444,train
D:\driver-drowsiness-detection\dataset\train\Closed\_499.jpg,_499.jpg,Closed,337,300,3,RGB,1.1233,24.41,True,77cbc30ba81ebdc88c7ca11cd2b6fe8b,SIM_0445,train
D:\driver-drowsiness-detection\dataset\train\Closed\_5.jpg,_5.jpg,Closed,124,102,3,RGB,1.2157,24.49,True,388df848fd22977951d48cf6260881b9,SIM_0446,train
D:\driver-drowsiness-detection\dataset\train\Closed\_50.jpg,_50.jpg,Closed,351,300,3,RGB,1.17,21.13,True,864556e9475f7b668f884bb4b692520f,SIM_0447,validation
D:\driver-drowsiness-detection\dataset\train\Closed\_500.jpg,_500.jpg,Closed,136,135,3,RGB,1.0074,24.46,True,d9c483eb5c1f645fbe3dc03213537ce5,SIM_0448,train
D:\driver-drowsiness-detection\dataset\train\Closed\_501.jpg,_501.jpg,Closed,421,300,3,RGB,1.4033,26.89,True,36d5f4c0fa070a2f4932e24f77f4ccd7,SIM_0449,train
D:\driver-drowsiness-detection\dataset\train\Closed\_502.jpg,_502.jpg,Closed,323,300,3,RGB,1.0767,10.48,True,b11443db0a7f3b5d27fcda7ad0e72883,SIM_0450,train
D:\driver-drowsiness-detection\dataset\train\Closed\_503.jpg,_503.jpg,Closed,381,300,3,RGB,1.27,12.84,True,6d24d08d63de77e30ca75f0f79454a7d,SIM_0451,train
D:\driver-drowsiness-detection\dataset\train\Closed\_504.jpg,_504.jpg,Closed,327,300,3,RGB,1.09,18.45,True,564ebf31b2b25fcce45a054a392f798e,SIM_0452,train
D:\driver-drowsiness-detection\dataset\train\Closed\_505.jpg,_505.jpg,Closed,408,300,3,RGB,1.36,25.21,True,f51b5ba7aaa3293bd86aa161a11c9a11,SIM_0453,test
D:\driver-drowsiness-detection\dataset\train\Closed\_506.jpg,_506.jpg,Closed,300,307,3,RGB,0.9772,13.96,True,6e44cdecf565dea3f9c4af73934b356f,SIM_0454,train
D:\driver-drowsiness-detection\dataset\train\Closed\_507.jpg,_507.jpg,Closed,300,322,3,RGB,0.9317,16.31,True,f5e30e83b12f31c680e6c54531ba2130,SIM_0455,train
D:\driver-drowsiness-detection\dataset\train\Closed\_508.jpg,_508.jpg,Closed,300,306,3,RGB,0.9804,14.26,True,0bbe117078fe99557fa34c8972ae6a51,SIM_0456,test
D:\driver-drowsiness-detection\dataset\train\Closed\_509.jpg,_509.jpg,Closed,300,303,3,RGB,0.9901,16.07,True,2fc7c790898b11d690b7600c441a9f9a,SIM_0457,validation
D:\driver-drowsiness-detection\dataset\train\Closed\_51.jpg,_51.jpg,Closed,358,360,3,RGB,0.9944,27.12,True,2d3e474e6ec28e0cde72888a10f48e66,SIM_0458,train
D:\driver-drowsiness-detection\dataset\train\Closed\_510.jpg,_510.jpg,Closed,300,319,3,RGB,0.9404,11.57,True,06cd473d40460cd6d5d960fa0c31114d,SIM_0459,train
D:\driver-drowsiness-detection\dataset\train\Closed\_511.jpg,_511.jpg,Closed,128,128,3,RGB,1.0,24.16,True,38cf5ac15ff0a6421ef759da0cb3fe4f,SIM_0460,test
D:\driver-drowsiness-detection\dataset\train\Closed\_512.jpg,_512.jpg,Closed,300,302,3,RGB,0.9934,11.33,True,dd73ac58a4e5f61f827362aa7f169c38,SIM_0461,train
D:\driver-drowsiness-detection\dataset\train\Closed\_513.jpg,_513.jpg,Closed,308,300,3,RGB,1.0267,16.48,True,a8db1c455c5d68e4690dff3dd0ce54b4,SIM_0462,train
D:\driver-drowsiness-detection\dataset\train\Closed\_514.jpg,_514.jpg,Closed,300,335,3,RGB,0.8955,18.71,True,b62ac9b60f723cf2cbfd96898fcca1f1,SIM_0463,train
D:\driver-drowsiness-detection\dataset\train\Closed\_515.jpg,_515.jpg,Closed,320,300,3,RGB,1.0667,15.53,True,b92e78ecd143095e9cf3decb410c7e7d,SIM_0464,train
D:\driver-drowsiness-detection\dataset\train\Closed\_516.jpg,_516.jpg,Closed,310,300,3,RGB,1.0333,15.79,True,58c4d23b723ecdbc171caf3d5e4afae6,SIM_0465,train
D:\driver-drowsiness-detection\dataset\train\Closed\_517.jpg,_517.jpg,Closed,329,300,3,RGB,1.0967,21.13,True,49d21569453362fcb2c3bcbc42355c46,SIM_0466,train
D:\driver-drowsiness-detection\dataset\train\Closed\_518.jpg,_518.jpg,Closed,323,300,3,RGB,1.0767,18.62,True,08d934c78c2a7cf97c848d73a6d12886,SIM_0467,test
D:\driver-drowsiness-detection\dataset\train\Closed\_519.jpg,_519.jpg,Closed,300,310,3,RGB,0.9677,22.47,True,ad56467cbebfcad67f5901eedcc3e084,SIM_0468,train
D:\driver-drowsiness-detection\dataset\train\Closed\_52.jpg,_52.jpg,Closed,67,68,3,RGB,0.9853,8.83,True,0351788143112108033e501820f033ca,SIM_0469,train
D:\driver-drowsiness-detection\dataset\train\Closed\_520.jpg,_520.jpg,Closed,300,335,3,RGB,0.8955,14.73,True,11b0ef6431f8dab1c54d6b20af0edae3,SIM_0470,test
D:\driver-drowsiness-detection\dataset\train\Closed\_521.jpg,_521.jpg,Closed,300,344,3,RGB,0.8721,25.56,True,c3f0f6f7b497a08826915d8ef5170d90,SIM_0471,validation
D:\driver-drowsiness-detection\dataset\train\Closed\_522.jpg,_522.jpg,Closed,316,370,3,RGB,0.8541,18.08,True,a61789a785215edac84f3edfc931e506,SIM_0472,train
D:\driver-drowsiness-detection\dataset\train\Closed\_523.jpg,_523.jpg,Closed,358,300,3,RGB,1.1933,19.57,True,022ed713ed32f710889dd0293d6d7b71,SIM_0473,train
D:\driver-drowsiness-detection\dataset\train\Closed\_524.jpg,_524.jpg,Closed,300,359,3,RGB,0.8357,29.72,True,fa75bd39abb07141eab4df2c03901a93,SIM_0474,train
D:\driver-drowsiness-detection\dataset\train\Closed\_525.jpg,_525.jpg,Closed,300,309,3,RGB,0.9709,19.51,True,51950be9aac4b4457b0d6b0810bce86b,SIM_0475,test
D:\driver-drowsiness-detection\dataset\train\Closed\_526.jpg,_526.jpg,Closed,137,137,3,RGB,1.0,4.25,True,e04854ed1f5addd9651c2e9b43e9a768,SIM_0476,train
D:\driver-drowsiness-detection\dataset\train\Closed\_527.jpg,_527.jpg,Closed,122,122,3,RGB,1.0,3.6,True,a3b4c6b4005e0b099b0b60ad21eac1d6,SIM_0477,train
D:\driver-drowsiness-detection\dataset\train\Closed\_528.jpg,_528.jpg,Closed,273,303,3,RGB,0.901,16.82,True,8bdf8193f8ffb45e6037e7087f1b0204,SIM_0478,train
D:\driver-drowsiness-detection\dataset\train\Closed\_529.jpg,_529.jpg,Closed,323,300,3,RGB,1.0767,19.02,True,cbd4273b503f9fc0fd913bd82384b76c,SIM_0479,train
D:\driver-drowsiness-detection\dataset\train\Closed\_53.jpg,_53.jpg,Closed,385,373,3,RGB,1.0322,42.63,True,a8dbbc47607cce4df936df49d1908620,SIM_0480,train
D:\driver-drowsiness-detection\dataset\train\Closed\_530.jpg,_530.jpg,Closed,300,303,3,RGB,0.9901,19.39,True,9c107b0f0f14b041711f0aa98b55a824,SIM_0481,train
D:\driver-drowsiness-detection\dataset\train\Closed\_531.jpg,_531.jpg,Closed,300,314,3,RGB,0.9554,16.69,True,0d3f18152cc3c346baff879216ce0d33,SIM_0482,train
D:\driver-drowsiness-detection\dataset\train\Closed\_532.jpg,_532.jpg,Closed,300,349,3,RGB,0.8596,21.19,True,b7a83e45b8e4f292ac5d62269347decf,SIM_0483,train
D:\driver-drowsiness-detection\dataset\train\Closed\_533.jpg,_533.jpg,Closed,164,145,3,RGB,1.131,9.01,True,9d463e45ee1f6201719e78ca0c7656c6,SIM_0484,train
D:\driver-drowsiness-detection\dataset\train\Closed\_534.jpg,_534.jpg,Closed,331,300,3,RGB,1.1033,22.89,True,b36f82bdb8945e6ea62a0ff1a7c19b6d,SIM_0485,train
D:\driver-drowsiness-detection\dataset\train\Closed\_535.jpg,_535.jpg,Closed,300,314,3,RGB,0.9554,22.42,True,1c2798b4e58fd1295f1c92f049932a1c,SIM_0486,train
D:\driver-drowsiness-detection\dataset\train\Closed\_536.jpg,_536.jpg,Closed,300,311,3,RGB,0.9646,20.5,True,ddae3e877aff7135d5a0b36f5520c67b,SIM_0487,train
D:\driver-drowsiness-detection\dataset\train\Closed\_537.jpg,_537.jpg,Closed,300,354,3,RGB,0.8475,17.4,True,327cd0c306b6b05bd8e1fc64c6c70e03,SIM_0488,test
D:\driver-drowsiness-detection\dataset\train\Closed\_538.jpg,_538.jpg,Closed,253,253,3,RGB,1.0,16.4,True,fd060bf2ba593142f16b4ce179bec4f6,SIM_0489,test
D:\driver-drowsiness-detection\dataset\train\Closed\_539.jpg,_539.jpg,Closed,362,300,3,RGB,1.2067,16.56,True,58e93eb555988233792b252031473bbe,SIM_0490,train
D:\driver-drowsiness-detection\dataset\train\Closed\_54.jpg,_54.jpg,Closed,294,310,3,RGB,0.9484,46.78,True,a09c98b9b250a8de2a659257766da50c,SIM_0491,train
D:\driver-drowsiness-detection\dataset\train\Closed\_540.jpg,_540.jpg,Closed,311,300,3,RGB,1.0367,20.72,True,d2529080ee83731d5885336a5fecdfdb,SIM_0492,validation
D:\driver-drowsiness-detection\dataset\train\Closed\_541.jpg,_541.jpg,Closed,300,335,3,RGB,0.8955,23.04,True,d6767c8dc999082b2263224c5d209991,SIM_0493,test
D:\driver-drowsiness-detection\dataset\train\Closed\_542.jpg,_542.jpg,Closed,359,300,3,RGB,1.1967,18.93,True,d3514bcb7ab3307fa8fdc813b2853d93,SIM_0494,train
D:\driver-drowsiness-detection\dataset\train\Closed\_543.jpg,_543.jpg,Closed,362,300,3,RGB,1.2067,20.76,True,9472a7c9a92febdf59793566df540630,SIM_0495,train
D:\driver-drowsiness-detection\dataset\train\Closed\_544.jpg,_544.jpg,Closed,300,300,3,RGB,1.0,27.29,True,c61d2f3b1d6f0afb02b10b12f2161209,SIM_0496,train
D:\driver-drowsiness-detection\dataset\train\Closed\_545.jpg,_545.jpg,Closed,300,307,3,RGB,0.9772,16.36,True,1b4bb48a3722593d64c190682160e3eb,SIM_0497,train
D:\driver-drowsiness-detection\dataset\train\Closed\_546.jpg,_546.jpg,Closed,304,300,3,RGB,1.0133,15.91,True,3c8b3bce0e4d2619c4b5346fad039266,SIM_0498,train
D:\driver-drowsiness-detection\dataset\train\Closed\_547.jpg,_547.jpg,Closed,300,315,3,RGB,0.9524,14.68,True,9cf21505f910f9baeef4a4985c3ff630,SIM_0499,train
D:\driver-drowsiness-detection\dataset\train\Closed\_548.jpg,_548.jpg,Closed,300,305,3,RGB,0.9836,13.71,True,ae0fbe43edc9db0c715b4ac6d3abba88,SIM_0500,train
D:\driver-drowsiness-detection\dataset\train\Closed\_549.jpg,_549.jpg,Closed,300,322,3,RGB,0.9317,15.79,True,66df3006df6fc7f59e6f13aaf971fe4f,SIM_0501,train
D:\driver-drowsiness-detection\dataset\train\Closed\_55.jpg,_55.jpg,Closed,278,225,3,RGB,1.2356,37.77,True,c27b36d9abae6e77b203b736a55c4414,SIM_0502,validation
D:\driver-drowsiness-detection\dataset\train\Closed\_550.jpg,_550.jpg,Closed,326,300,3,RGB,1.0867,17.73,True,875d1886ff7b20454cd497f29045c219,SIM_0503,test
D:\driver-drowsiness-detection\dataset\train\Closed\_551.jpg,_551.jpg,Closed,305,300,3,RGB,1.0167,14.0,True,61a8815afb92760506c61f1fa7c2bc7a,SIM_0504,train
D:\driver-drowsiness-detection\dataset\train\Closed\_552.jpg,_552.jpg,Closed,323,300,3,RGB,1.0767,15.68,True,228114fe42cbe9efe63517dcbc2dd755,SIM_0505,train
D:\driver-drowsiness-detection\dataset\train\Closed\_553.jpg,_553.jpg,Closed,328,300,3,RGB,1.0933,23.16,True,cffa45bfc63cc8b9c06e62dd67bf71d6,SIM_0506,train
D:\driver-drowsiness-detection\dataset\train\Closed\_554.jpg,_554.jpg,Closed,720,720,3,RGB,1.0,97.59,True,6a22f57d98bfbe8dcf25f019b722cb4c,SIM_0507,train
D:\driver-drowsiness-detection\dataset\train\Closed\_555.jpg,_555.jpg,Closed,161,142,3,RGB,1.1338,10.71,True,2632dba51102589075c95481d80f117c,SIM_0508,train
D:\driver-drowsiness-detection\dataset\train\Closed\_556.jpg,_556.jpg,Closed,303,300,3,RGB,1.01,21.62,True,aefb861533ddb70829dfd246b0c152cf,SIM_0509,train
D:\driver-drowsiness-detection\dataset\train\Closed\_557.jpg,_557.jpg,Closed,307,300,3,RGB,1.0233,26.18,True,c98c214a7365ec5f65b422f7d96458ad,SIM_0510,train
D:\driver-drowsiness-detection\dataset\train\Closed\_558.jpg,_558.jpg,Closed,568,568,3,RGB,1.0,58.81,True,5bfebefd89857caa0bc2917d2d188c0f,SIM_0511,train
D:\driver-drowsiness-detection\dataset\train\Closed\_559.jpg,_559.jpg,Closed,311,300,3,RGB,1.0367,25.07,True,484502253e377b7ff5595cbdbc0be435,SIM_0512,train
D:\driver-drowsiness-detection\dataset\train\Closed\_56.jpg,_56.jpg,Closed,282,237,3,RGB,1.1899,37.15,True,da849f83e2e0a3f86cbb8d94f4e46268,SIM_0513,test
D:\driver-drowsiness-detection\dataset\train\Closed\_560.jpg,_560.jpg,Closed,303,300,3,RGB,1.01,28.6,True,e5081cb1d1905f19ce309381a0f7e30e,SIM_0514,train
D:\driver-drowsiness-detection\dataset\train\Closed\_561.jpg,_561.jpg,Closed,300,318,3,RGB,0.9434,32.03,True,3991cb04fa3701c7328160359de32e99,SIM_0515,train
D:\driver-drowsiness-detection\dataset\train\Closed\_562.jpg,_562.jpg,Closed,720,720,3,RGB,1.0,73.49,True,6056e57c71c0fc8e8823a33fe0e11b70,SIM_0516,train
D:\driver-drowsiness-detection\dataset\train\Closed\_563.jpg,_563.jpg,Closed,336,300,3,RGB,1.12,22.61,True,29051e41aca9a40ced96ce9a02342536,SIM_0517,validation
D:\driver-drowsiness-detection\dataset\train\Closed\_564.jpg,_564.jpg,Closed,314,300,3,RGB,1.0467,26.82,True,cfce7b90ad0bf1bfa165a02e71463b48,SIM_0518,train
D:\driver-drowsiness-detection\dataset\train\Closed\_565.jpg,_565.jpg,Closed,335,300,3,RGB,1.1167,17.01,True,cf8a66b3b3e6d450c20880ab915e34e1,SIM_0519,train
D:\driver-drowsiness-detection\dataset\train\Closed\_566.jpg,_566.jpg,Closed,126,94,3,RGB,1.3404,4.22,True,29363fd205f3d308cb8659df2d5bc2ba,SIM_0520,train
D:\driver-drowsiness-detection\dataset\train\Closed\_567.jpg,_567.jpg,Closed,302,300,3,RGB,1.0067,17.63,True,9cd84d1d03816555913547af8edfae38,SIM_0521,train
D:\driver-drowsiness-detection\dataset\train\Closed\_568.jpg,_568.jpg,Closed,553,553,3,RGB,1.0,74.49,True,d81f8c30d069e19c33ff0dcd79ebb3a2,SIM_0522,train
D:\driver-drowsiness-detection\dataset\train\Closed\_569.jpg,_569.jpg,Closed,573,573,3,RGB,1.0,86.03,True,4f281b1ea4b4a634dab70d3c6f1f34bd,SIM_0523,train
D:\driver-drowsiness-detection\dataset\train\Closed\_57.jpg,_57.jpg,Closed,357,263,3,RGB,1.3574,43.21,True,986b2a1d9bafa356ad5204e469fb673c,SIM_0524,train
D:\driver-drowsiness-detection\dataset\train\Closed\_570.jpg,_570.jpg,Closed,457,457,3,RGB,1.0,67.31,True,c174fa604ec28fd746e76990a4c322fb,SIM_0525,test
D:\driver-drowsiness-detection\dataset\train\Closed\_571.jpg,_571.jpg,Closed,568,568,3,RGB,1.0,68.84,True,7d0592a67cfbcb49f518507b9866af86,SIM_0526,validation
D:\driver-drowsiness-detection\dataset\train\Closed\_572.jpg,_572.jpg,Closed,589,589,3,RGB,1.0,70.45,True,6f9490436f42913e56da67d803f02995,SIM_0527,train
D:\driver-drowsiness-detection\dataset\train\Closed\_573.jpg,_573.jpg,Closed,440,441,3,RGB,0.9977,44.42,True,161b7fd4cab0d930825a4f8759097d10,SIM_0528,train
D:\driver-drowsiness-detection\dataset\train\Closed\_574.jpg,_574.jpg,Closed,544,544,3,RGB,1.0,35.63,True,8a68bd8a9a3836240d707c031a5e8019,SIM_0529,train
D:\driver-drowsiness-detection\dataset\train\Closed\_575.jpg,_575.jpg,Closed,544,544,3,RGB,1.0,57.96,True,56eac61d377743a04521491de15db48f,SIM_0530,train
D:\driver-drowsiness-detection\dataset\train\Closed\_576.jpg,_576.jpg,Closed,544,544,3,RGB,1.0,67.19,True,d21b0cd415faad05909790d2b6bb80ee,SIM_0531,train
D:\driver-drowsiness-detection\dataset\train\Closed\_577.jpg,_577.jpg,Closed,133,133,3,RGB,1.0,3.99,True,213f735f6814e84179b301b5fe51ca89,SIM_0532,validation
D:\driver-drowsiness-detection\dataset\train\Closed\_578.jpg,_578.jpg,Closed,133,112,3,RGB,1.1875,12.45,True,1721d643071f57428067a6984f7ae9ca,SIM_0533,train
D:\driver-drowsiness-detection\dataset\train\Closed\_579.jpg,_579.jpg,Closed,139,104,3,RGB,1.3365,4.97,True,6c95bda3d6a950625dad93ff8d959ac5,SIM_0534,train
D:\driver-drowsiness-detection\dataset\train\Closed\_58.jpg,_58.jpg,Closed,348,251,3,RGB,1.3865,34.64,True,106a685041a730ce38a4df45b6f18f4c,SIM_0535,train
D:\driver-drowsiness-detection\dataset\train\Closed\_580.jpg,_580.jpg,Closed,391,391,3,RGB,1.0,29.68,True,6cc391ef8e60da59ca210552bd9f81be,SIM_0536,train
D:\driver-drowsiness-detection\dataset\train\Closed\_581.jpg,_581.jpg,Closed,466,465,3,RGB,1.0022,35.83,True,b40e54935101f417148f5f9c646f3b8c,SIM_0537,train
D:\driver-drowsiness-detection\dataset\train\Closed\_582.jpg,_582.jpg,Closed,472,472,3,RGB,1.0,30.49,True,e981ec456941fe72f586781e4df22794,SIM_0538,test
D:\driver-drowsiness-detection\dataset\train\Closed\_583.jpg,_583.jpg,Closed,165,151,3,RGB,1.0927,23.62,True,3e80f541423701eb41060600f39682fa,SIM_0539,train
D:\driver-drowsiness-detection\dataset\train\Closed\_584.jpg,_584.jpg,Closed,148,137,3,RGB,1.0803,23.41,True,4c4e44c38f2921465764e9352c2a421f,SIM_0540,validation
D:\driver-drowsiness-detection\dataset\train\Closed\_585.jpg,_585.jpg,Closed,526,526,3,RGB,1.0,94.43,True,9ce8c3a26d03a906e53a66c68003ef78,SIM_0541,test
D:\driver-drowsiness-detection\dataset\train\Closed\_586.jpg,_586.jpg,Closed,790,789,3,RGB,1.0013,166.1,True,8abf9026697e7b5985c1b123a7409e17,SIM_0542,train
D:\driver-drowsiness-detection\dataset\train\Closed\_587.jpg,_587.jpg,Closed,471,548,3,RGB,0.8595,47.7,True,62d2e9fe9ffc92e3ca0b558b7b695faa,SIM_0543,train
D:\driver-drowsiness-detection\dataset\train\Closed\_588.jpg,_588.jpg,Closed,493,541,3,RGB,0.9113,51.77,True,0ea7b5799fc1321fe8c7a1641042cf14,SIM_0544,train
D:\driver-drowsiness-detection\dataset\train\Closed\_589.jpg,_589.jpg,Closed,472,407,3,RGB,1.1597,59.88,True,ba8d153da2b623cc94afd9b8f13da3c9,SIM_0545,train
D:\driver-drowsiness-detection\dataset\train\Closed\_59.jpg,_59.jpg,Closed,334,256,3,RGB,1.3047,35.49,True,19799bf40fab5053f09e1716ad017675,SIM_0546,validation
D:\driver-drowsiness-detection\dataset\train\Closed\_590.jpg,_590.jpg,Closed,101,90,3,RGB,1.1222,21.52,True,605d85a923efff0caf14117843a6cf4d,SIM_0547,test
D:\driver-drowsiness-detection\dataset\train\Closed\_591.jpg,_591.jpg,Closed,517,437,3,RGB,1.1831,63.48,True,a3a0e1e70ec339a67900f1d63e6346fd,SIM_0548,validation
D:\driver-drowsiness-detection\dataset\train\Closed\_592.jpg,_592.jpg,Closed,652,652,3,RGB,1.0,114.47,True,78961762b6e32537d4705b7ee1b7b856,SIM_0549,train
D:\driver-drowsiness-detection\dataset\train\Closed\_593.jpg,_593.jpg,Closed,241,259,3,RGB,0.9305,37.7,True,fa9e04b6fe17bee036c156d3af9ca14d,SIM_0550,validation
D:\driver-drowsiness-detection\dataset\train\Closed\_594.jpg,_594.jpg,Closed,252,263,3,RGB,0.9582,33.06,True,aef67a08d7fad0d2233a0ee420096e2d,SIM_0551,test
D:\driver-drowsiness-detection\dataset\train\Closed\_595.jpg,_595.jpg,Closed,659,658,3,RGB,1.0015,149.54,True,9c288249d1cd0f8b2ae8056e73c96c1d,SIM_0552,train
D:\driver-drowsiness-detection\dataset\train\Closed\_596.jpg,_596.jpg,Closed,267,180,3,RGB,1.4833,27.7,True,73b29263f150804954f9862d0a4e1d30,SIM_0553,train
D:\driver-drowsiness-detection\dataset\train\Closed\_597.jpg,_597.jpg,Closed,254,181,3,RGB,1.4033,28.11,True,5af6bccdde0128a58c075b746a5a9ef0,SIM_0554,train
D:\driver-drowsiness-detection\dataset\train\Closed\_598.jpg,_598.jpg,Closed,589,589,3,RGB,1.0,80.08,True,d7cc16297c1f04223730b0691d925463,SIM_0555,train
D:\driver-drowsiness-detection\dataset\train\Closed\_599.jpg,_599.jpg,Closed,564,564,3,RGB,1.0,88.03,True,60b711ace9b97c99229ea6f10a0bb949,SIM_0556,train
D:\driver-drowsiness-detection\dataset\train\Closed\_6.jpg,_6.jpg,Closed,114,102,3,RGB,1.1176,24.13,True,620d812742ec3e47848ad62cb603fda0,SIM_0557,train
D:\driver-drowsiness-detection\dataset\train\Closed\_60.jpg,_60.jpg,Closed,352,281,3,RGB,1.2527,39.29,True,7a35f3fe918ee94d3b0b8a92d6541773,SIM_0558,train
D:\driver-drowsiness-detection\dataset\train\Closed\_600.jpg,_600.jpg,Closed,626,626,3,RGB,1.0,106.72,True,432ef1c938fedcca85c415425865dac6,SIM_0559,train
D:\driver-drowsiness-detection\dataset\train\Closed\_601.jpg,_601.jpg,Closed,162,161,3,RGB,1.0062,28.73,True,dcbaa87360f638ebe5becb68758285a2,SIM_0560,test
D:\driver-drowsiness-detection\dataset\train\Closed\_602.jpg,_602.jpg,Closed,340,300,3,RGB,1.1333,23.51,True,f0b8e5c2a8cc3e237cffb84aae16e5ea,SIM_0561,validation
D:\driver-drowsiness-detection\dataset\train\Closed\_603.jpg,_603.jpg,Closed,300,309,3,RGB,0.9709,20.21,True,90a67640ba087244caa5956143d29698,SIM_0562,train
D:\driver-drowsiness-detection\dataset\train\Closed\_604.jpg,_604.jpg,Closed,386,300,3,RGB,1.2867,15.04,True,8696979a6a410694c915418ad8dc2f85,SIM_0563,test
D:\driver-drowsiness-detection\dataset\train\Closed\_605.jpg,_605.jpg,Closed,305,300,3,RGB,1.0167,11.64,True,85e96b9f29b41a265692d201b67abac1,SIM_0564,test
D:\driver-drowsiness-detection\dataset\train\Closed\_606.jpg,_606.jpg,Closed,300,323,3,RGB,0.9288,16.62,True,8cea6d238f7def07496cf6844eba3fe0,SIM_0565,train
D:\driver-drowsiness-detection\dataset\train\Closed\_607.jpg,_607.jpg,Closed,412,300,3,RGB,1.3733,23.37,True,13f9624106d65b42cbf0132347d929fb,SIM_0566,train
D:\driver-drowsiness-detection\dataset\train\Closed\_608.jpg,_608.jpg,Closed,300,306,3,RGB,0.9804,26.04,True,2386f63546667757ce0a87ab5157959f,SIM_0567,train
D:\driver-drowsiness-detection\dataset\train\Closed\_609.jpg,_609.jpg,Closed,310,300,3,RGB,1.0333,24.39,True,209b279a61e3624ec5aad7e076ee1601,SIM_0568,train
D:\driver-drowsiness-detection\dataset\train\Closed\_61.jpg,_61.jpg,Closed,266,308,3,RGB,0.8636,34.02,True,19b27fb2b125a6eb0f9bb2f63e704688,SIM_0569,train
D:\driver-drowsiness-detection\dataset\train\Closed\_610.jpg,_610.jpg,Closed,343,300,3,RGB,1.1433,17.84,True,e19b6e184008a5bbf7008d6e430a4326,SIM_0570,test
D:\driver-drowsiness-detection\dataset\train\Closed\_611.jpg,_611.jpg,Closed,300,300,3,RGB,1.0,16.55,True,2dec62f29ff788f71a301e2337ac28f4,SIM_0571,train
D:\driver-drowsiness-detection\dataset\train\Closed\_612.jpg,_612.jpg,Closed,189,188,3,RGB,1.0053,35.39,True,a5984bc512cde0e755831f6611163585,SIM_0572,train
D:\driver-drowsiness-detection\dataset\train\Closed\_613.jpg,_613.jpg,Closed,314,300,3,RGB,1.0467,18.79,True,627f7d1bb28e1f6814f1fa4c1dd277cd,SIM_0573,train
D:\driver-drowsiness-detection\dataset\train\Closed\_614.jpg,_614.jpg,Closed,300,310,3,RGB,0.9677,20.75,True,bd1599ae46a65baa9b7058775a10485f,SIM_0574,train
D:\driver-drowsiness-detection\dataset\train\Closed\_615.jpg,_615.jpg,Closed,300,285,3,RGB,1.0526,30.07,True,7489cd68657e544e5be5de8af3b5cd19,SIM_0575,test
D:\driver-drowsiness-detection\dataset\train\Closed\_616.jpg,_616.jpg,Closed,351,300,3,RGB,1.17,25.43,True,0fa55a9449de9fa2cd75dc8d086f565b,SIM_0576,train
D:\driver-drowsiness-detection\dataset\train\Closed\_617.jpg,_617.jpg,Closed,300,303,3,RGB,0.9901,23.75,True,366808f4e8cba8631c6f862c48d51e80,SIM_0577,train
D:\driver-drowsiness-detection\dataset\train\Closed\_618.jpg,_618.jpg,Closed,300,304,3,RGB,0.9868,21.56,True,a58cd15b550474649343dfef2a94e529,SIM_0578,validation
D:\driver-drowsiness-detection\dataset\train\Closed\_619.jpg,_619.jpg,Closed,323,300,3,RGB,1.0767,25.92,True,cb4fe3c2c971a33362eedc72b889063f,SIM_0579,train
D:\driver-drowsiness-detection\dataset\train\Closed\_62.jpg,_62.jpg,Closed,329,300,3,RGB,1.0967,18.06,True,ad1313945fa8a9a1067214d4b5c9b616,SIM_0580,train
D:\driver-drowsiness-detection\dataset\train\Closed\_620.jpg,_620.jpg,Closed,329,300,3,RGB,1.0967,31.98,True,4f590442b15fa174fe0d6b7cbafa9dc3,SIM_0581,test
D:\driver-drowsiness-detection\dataset\train\Closed\_621.jpg,_621.jpg,Closed,300,300,3,RGB,1.0,25.43,True,c46bfcc0024a077c4e64ae11849d9410,SIM_0582,train
D:\driver-drowsiness-detection\dataset\train\Closed\_622.jpg,_622.jpg,Closed,351,300,3,RGB,1.17,41.78,True,a62f675d46e1350e9ac765947acdf59e,SIM_0583,train
D:\driver-drowsiness-detection\dataset\train\Closed\_623.jpg,_623.jpg,Closed,108,108,3,RGB,1.0,23.71,True,82b15ea12a973fc78eacfcdb3879446f,SIM_0584,train
D:\driver-drowsiness-detection\dataset\train\Closed\_624.jpg,_624.jpg,Closed,338,300,3,RGB,1.1267,18.71,True,acc7b8c8729001026c45b01ab4d1b7f6,SIM_0585,train
D:\driver-drowsiness-detection\dataset\train\Closed\_625.jpg,_625.jpg,Closed,299,256,3,RGB,1.168,12.35,True,5c915f88131fb00401180b5f48fe2f7f,SIM_0586,train
D:\driver-drowsiness-detection\dataset\train\Closed\_626.jpg,_626.jpg,Closed,283,290,3,RGB,0.9759,20.55,True,1024ca30018bf3e1f4bc1e86e4ef5702,SIM_0587,test
D:\driver-drowsiness-detection\dataset\train\Closed\_627.jpg,_627.jpg,Closed,300,272,3,RGB,1.1029,26.0,True,bd20db4ded251991db495474c2a7bf26,SIM_0588,validation
D:\driver-drowsiness-detection\dataset\train\Closed\_628.jpg,_628.jpg,Closed,308,300,3,RGB,1.0267,24.64,True,a498d90d72bac5d6e71ed465c204fbd3,SIM_0589,train
D:\driver-drowsiness-detection\dataset\train\Closed\_629.jpg,_629.jpg,Closed,372,300,3,RGB,1.24,24.12,True,2ea5127e7bf7ee544015fa51c2d99c2b,SIM_0590,train
D:\driver-drowsiness-detection\dataset\train\Closed\_63.jpg,_63.jpg,Closed,456,456,3,RGB,1.0,46.48,True,de37407ee9f2519acecbb60383f60e38,SIM_0591,train
D:\driver-drowsiness-detection\dataset\train\Closed\_630.jpg,_630.jpg,Closed,438,300,3,RGB,1.46,18.5,True,6dbef9cae9b89f958d8680951d7b3f37,SIM_0592,train
D:\driver-drowsiness-detection\dataset\train\Closed\_631.jpg,_631.jpg,Closed,409,300,3,RGB,1.3633,21.3,True,cb76a69c2c1e4f57f4eec9ee4584c09a,SIM_0593,train
D:\driver-drowsiness-detection\dataset\train\Closed\_632.jpg,_632.jpg,Closed,319,300,3,RGB,1.0633,12.66,True,28181d505a41ab4c417e580e48a86d52,SIM_0594,train
D:\driver-drowsiness-detection\dataset\train\Closed\_633.jpg,_633.jpg,Closed,363,300,3,RGB,1.21,14.4,True,ec062b518e5750d219789a51e3d3df27,SIM_0595,train
D:\driver-drowsiness-detection\dataset\train\Closed\_634.jpg,_634.jpg,Closed,157,98,3,RGB,1.602,24.68,True,8b6be590cdbc36ab6af56c8704aa1bf4,SIM_0596,validation
D:\driver-drowsiness-detection\dataset\train\Closed\_635.jpg,_635.jpg,Closed,419,300,3,RGB,1.3967,28.08,True,7b5d8fd7fd8644c2a94949f29ceb4d4c,SIM_0597,train
D:\driver-drowsiness-detection\dataset\train\Closed\_636.jpg,_636.jpg,Closed,481,300,3,RGB,1.6033,30.72,True,6f17d48d6f0f478c105a9a62a0ed9d24,SIM_0598,validation
D:\driver-drowsiness-detection\dataset\train\Closed\_637.jpg,_637.jpg,Closed,315,300,3,RGB,1.05,20.77,True,6365c98fafbf5bb7198cbb4af16cfcc2,SIM_0599,train
D:\driver-drowsiness-detection\dataset\train\Closed\_638.jpg,_638.jpg,Closed,300,314,3,RGB,0.9554,20.01,True,d9ec27ef9a13844eead25c5e938a60d3,SIM_0600,train
D:\driver-drowsiness-detection\dataset\train\Closed\_639.jpg,_639.jpg,Closed,300,306,3,RGB,0.9804,18.62,True,540775b838eeb41e438ea855a0acd04c,SIM_0601,test
D:\driver-drowsiness-detection\dataset\train\Closed\_64.jpg,_64.jpg,Closed,184,163,3,RGB,1.1288,15.01,True,714e4f7ac72267aa88acba80b54c43ba,SIM_0602,train
D:\driver-drowsiness-detection\dataset\train\Closed\_640.jpg,_640.jpg,Closed,331,300,3,RGB,1.1033,30.32,True,96764dce740e303a2cd509900104c4c0,SIM_0603,train
D:\driver-drowsiness-detection\dataset\train\Closed\_641.jpg,_641.jpg,Closed,300,315,3,RGB,0.9524,14.5,True,c7211b751287d7471c63ff5cba81aad4,SIM_0604,train
D:\driver-drowsiness-detection\dataset\train\Closed\_642.jpg,_642.jpg,Closed,306,300,3,RGB,1.02,15.17,True,f768ffcb557b9167dba1c5f919ecfa25,SIM_0605,train
D:\driver-drowsiness-detection\dataset\train\Closed\_643.jpg,_643.jpg,Closed,370,300,3,RGB,1.2333,19.42,True,ef5967b30f55d59e246718574697ded1,SIM_0606,train
D:\driver-drowsiness-detection\dataset\train\Closed\_644.jpg,_644.jpg,Closed,326,300,3,RGB,1.0867,17.96,True,fe9c8772a414175e807de9d52b41a38c,SIM_0607,test
D:\driver-drowsiness-detection\dataset\train\Closed\_645.jpg,_645.jpg,Closed,149,100,3,RGB,1.49,25.03,True,cbc0ce166c5fc099a7823fb24d8ded56,SIM_0608,train
D:\driver-drowsiness-detection\dataset\train\Closed\_646.jpg,_646.jpg,Closed,370,300,3,RGB,1.2333,12.28,True,1709fcec956c73a209ca50ccfa061564,SIM_0609,test
D:\driver-drowsiness-detection\dataset\train\Closed\_647.jpg,_647.jpg,Closed,387,300,3,RGB,1.29,13.12,True,19741754fd23251937dbed176636848c,SIM_0610,train
D:\driver-drowsiness-detection\dataset\train\Closed\_648.jpg,_648.jpg,Closed,376,300,3,RGB,1.2533,13.08,True,53bcc6d0c7971303d856e0014ed1d6af,SIM_0611,train
D:\driver-drowsiness-detection\dataset\train\Closed\_649.jpg,_649.jpg,Closed,281,278,3,RGB,1.0108,9.6,True,c5c3dfacdf5a5c8475f53f102803e076,SIM_0612,train
D:\driver-drowsiness-detection\dataset\train\Closed\_65.jpg,_65.jpg,Closed,629,317,3,RGB,1.9842,89.15,True,ac71845b4afeb492fd3324df810685c1,SIM_0613,validation
D:\driver-drowsiness-detection\dataset\train\Closed\_650.jpg,_650.jpg,Closed,300,310,3,RGB,0.9677,18.91,True,9692c986c1e194d75c5cca9bcfd84587,SIM_0614,train
D:\driver-drowsiness-detection\dataset\train\Closed\_651.jpg,_651.jpg,Closed,300,313,3,RGB,0.9585,17.95,True,5dde49f7cbf8f4ed23adde4224dd69cb,SIM_0615,train
D:\driver-drowsiness-detection\dataset\train\Closed\_652.jpg,_652.jpg,Closed,309,300,3,RGB,1.03,18.7,True,1a06d4c0f4980562f23c48a958635711,SIM_0616,train
D:\driver-drowsiness-detection\dataset\train\Closed\_653.jpg,_653.jpg,Closed,358,300,3,RGB,1.1933,20.27,True,59bc95c916dccfb9cdc6aca6566e4fd7,SIM_0617,validation
D:\driver-drowsiness-detection\dataset\train\Closed\_654.jpg,_654.jpg,Closed,390,300,3,RGB,1.3,46.05,True,c3e8b53dda71ba9e69b967295a4e088f,SIM_0618,train
D:\driver-drowsiness-detection\dataset\train\Closed\_655.jpg,_655.jpg,Closed,395,300,3,RGB,1.3167,45.4,True,6dff5b37948b52827a2d919442efa01c,SIM_0619,train
D:\driver-drowsiness-detection\dataset\train\Closed\_656.jpg,_656.jpg,Closed,111,103,3,RGB,1.0777,23.5,True,805612602ae56acdac1b74dd2f0ebf1d,SIM_0620,train
D:\driver-drowsiness-detection\dataset\train\Closed\_657.jpg,_657.jpg,Closed,341,300,3,RGB,1.1367,24.16,True,fac4ec40435a9284ca7c7c107931808e,SIM_0621,train
D:\driver-drowsiness-detection\dataset\train\Closed\_658.jpg,_658.jpg,Closed,300,336,3,RGB,0.8929,26.93,True,c4433268a00310221cc91bab0997499a,SIM_0622,train
D:\driver-drowsiness-detection\dataset\train\Closed\_659.jpg,_659.jpg,Closed,342,300,3,RGB,1.14,20.21,True,03c56e47c6d95c8b998010b8bfc5d155,SIM_0623,validation
D:\driver-drowsiness-detection\dataset\train\Closed\_66.jpg,_66.jpg,Closed,88,58,3,RGB,1.5172,19.87,True,fca81cc686a3c7f548d7744f5233efc5,SIM_0624,test
D:\driver-drowsiness-detection\dataset\train\Closed\_660.jpg,_660.jpg,Closed,317,300,3,RGB,1.0567,19.22,True,392d804546b14214b7d3556b8f02a48c,SIM_0625,train
D:\driver-drowsiness-detection\dataset\train\Closed\_661.jpg,_661.jpg,Closed,365,300,3,RGB,1.2167,17.42,True,82874558c7f1977167c0b834d31806a1,SIM_0626,test
D:\driver-drowsiness-detection\dataset\train\Closed\_662.jpg,_662.jpg,Closed,445,300,3,RGB,1.4833,25.68,True,a7cdf0f81d009f3ac90ec8a5051e4ad0,SIM_0627,validation
D:\driver-drowsiness-detection\dataset\train\Closed\_663.jpg,_663.jpg,Closed,312,300,3,RGB,1.04,13.63,True,719328da49025d79375d67ebdfd4364c,SIM_0628,test
D:\driver-drowsiness-detection\dataset\train\Closed\_664.jpg,_664.jpg,Closed,300,321,3,RGB,0.9346,13.96,True,425929013c30ba32e0207ca8798169c5,SIM_0629,train
D:\driver-drowsiness-detection\dataset\train\Closed\_665.jpg,_665.jpg,Closed,300,307,3,RGB,0.9772,19.74,True,b7006ae7dd69f45c3cb27c7c9fcc5bc8,SIM_0630,train
D:\driver-drowsiness-detection\dataset\train\Closed\_666.jpg,_666.jpg,Closed,346,300,3,RGB,1.1533,18.55,True,f58d88bc41ee901d9dde2180eafe1ee9,SIM_0631,train
D:\driver-drowsiness-detection\dataset\train\Closed\_667.jpg,_667.jpg,Closed,108,97,3,RGB,1.1134,23.23,True,98df93f116d5953c2b92eb632ef531dc,SIM_0632,train
D:\driver-drowsiness-detection\dataset\train\Closed\_668.jpg,_668.jpg,Closed,345,300,3,RGB,1.15,15.99,True,45cbb6295dff1b0c3013bffba63d991c,SIM_0633,train
D:\driver-drowsiness-detection\dataset\train\Closed\_669.jpg,_669.jpg,Closed,344,300,3,RGB,1.1467,20.54,True,7d5d0026d8aeb5dc0e74ff2f7e2cb956,SIM_0634,test
D:\driver-drowsiness-detection\dataset\train\Closed\_67.jpg,_67.jpg,Closed,100,59,3,RGB,1.6949,20.88,True,6fb03f83c7943353a98b5fb43bef0e55,SIM_0635,train
D:\driver-drowsiness-detection\dataset\train\Closed\_670.jpg,_670.jpg,Closed,300,302,3,RGB,0.9934,23.64,True,0f62ef175171a36ad12b9109e712f9c6,SIM_0636,test
D:\driver-drowsiness-detection\dataset\train\Closed\_671.jpg,_671.jpg,Closed,300,301,3,RGB,0.9967,21.18,True,0dcdd9e8aa2279fbaac261d164ab41e1,SIM_0637,train
D:\driver-drowsiness-detection\dataset\train\Closed\_672.jpg,_672.jpg,Closed,300,311,3,RGB,0.9646,30.32,True,93ac0e9d7f148f385926c9871bb0a8dc,SIM_0638,train
D:\driver-drowsiness-detection\dataset\train\Closed\_673.jpg,_673.jpg,Closed,322,300,3,RGB,1.0733,17.62,True,3ef892687b58f8f36fb49817cf04c01b,SIM_0639,train
D:\driver-drowsiness-detection\dataset\train\Closed\_674.jpg,_674.jpg,Closed,308,300,3,RGB,1.0267,22.68,True,05ccd2f04d52ba522b36df35498dc9e3,SIM_0640,test
D:\driver-drowsiness-detection\dataset\train\Closed\_675.jpg,_675.jpg,Closed,309,300,3,RGB,1.03,16.86,True,2a618bb9f98bd79db8f8d574dd6a4c67,SIM_0641,test
D:\driver-drowsiness-detection\dataset\train\Closed\_676.jpg,_676.jpg,Closed,355,300,3,RGB,1.1833,34.9,True,a309aaf074b576b2fb5d593d4baa6ee6,SIM_0642,test
D:\driver-drowsiness-detection\dataset\train\Closed\_677.jpg,_677.jpg,Closed,381,300,3,RGB,1.27,23.86,True,8421eb55dc6f83a34b222be8aa33d171,SIM_0643,train
D:\driver-drowsiness-detection\dataset\train\Closed\_678.jpg,_678.jpg,Closed,240,134,3,RGB,1.791,31.78,True,3a1ab897d873a2e6338876459ccce59d,SIM_0644,train
D:\driver-drowsiness-detection\dataset\train\Closed\_679.jpg,_679.jpg,Closed,298,346,3,RGB,0.8613,14.67,True,804b9cd61c0f004a585afbb6476d532d,SIM_0645,train
D:\driver-drowsiness-detection\dataset\train\Closed\_68.jpg,_68.jpg,Closed,79,75,3,RGB,1.0533,20.48,True,3785acd44315dbe9d0b3a243ab19d721,SIM_0646,validation
D:\driver-drowsiness-detection\dataset\train\Closed\_680.jpg,_680.jpg,Closed,400,300,3,RGB,1.3333,19.35,True,18a9b4ecbc080fd4bb673fd55178683e,SIM_0647,test
D:\driver-drowsiness-detection\dataset\train\Closed\_681.jpg,_681.jpg,Closed,220,208,3,RGB,1.0577,7.27,True,8e0b572c82fd0fc3203c41b051d10183,SIM_0648,train
D:\driver-drowsiness-detection\dataset\train\Closed\_682.jpg,_682.jpg,Closed,443,443,3,RGB,1.0,74.53,True,2cbf164e87fd71268541a5097f2d1624,SIM_0649,test
D:\driver-drowsiness-detection\dataset\train\Closed\_683.jpg,_683.jpg,Closed,113,113,3,RGB,1.0,23.18,True,fddc6d5ee018ad34a5e46cf4b29186cc,SIM_0650,train
D:\driver-drowsiness-detection\dataset\train\Closed\_684.jpg,_684.jpg,Closed,114,114,3,RGB,1.0,23.0,True,f312225f4f9f82865459e8fd2c88806c,SIM_0651,train
D:\driver-drowsiness-detection\dataset\train\Closed\_685.jpg,_685.jpg,Closed,364,300,3,RGB,1.2133,12.93,True,88de7df6d05164cc358e2e6a56485a9a,SIM_0652,train
D:\driver-drowsiness-detection\dataset\train\Closed\_686.jpg,_686.jpg,Closed,380,300,3,RGB,1.2667,17.62,True,0ece73e8620f0d3db3fce66338701ae8,SIM_0653,validation
D:\driver-drowsiness-detection\dataset\train\Closed\_687.jpg,_687.jpg,Closed,347,300,3,RGB,1.1567,17.08,True,dae39b0111702dae15928e1b948dc6ad,SIM_0654,validation
D:\driver-drowsiness-detection\dataset\train\Closed\_688.jpg,_688.jpg,Closed,269,232,3,RGB,1.1595,11.99,True,ca40efd79712e7ee6eb3cc87e7e62f7c,SIM_0655,train
D:\driver-drowsiness-detection\dataset\train\Closed\_689.jpg,_689.jpg,Closed,153,153,3,RGB,1.0,3.94,True,7f63191d6458586cb3942c51b2bee538,SIM_0656,train
D:\driver-drowsiness-detection\dataset\train\Closed\_69.jpg,_69.jpg,Closed,72,76,3,RGB,0.9474,20.28,True,38605651c55b0bedcb5e8c75651205ad,SIM_0657,test
D:\driver-drowsiness-detection\dataset\train\Closed\_690.jpg,_690.jpg,Closed,73,71,3,RGB,1.0282,8.81,True,ad9389b08bebc336bb1f82a4e8b7add8,SIM_0658,train
D:\driver-drowsiness-detection\dataset\train\Closed\_691.jpg,_691.jpg,Closed,258,147,3,RGB,1.7551,29.47,True,c21685a8dbb9ef7ddbfb03eb241950f5,SIM_0659,test
D:\driver-drowsiness-detection\dataset\train\Closed\_692.jpg,_692.jpg,Closed,362,300,3,RGB,1.2067,16.47,True,3e6a8a13f2b46339b6f1175f34ff7c99,SIM_0660,test
D:\driver-drowsiness-detection\dataset\train\Closed\_693.jpg,_693.jpg,Closed,112,125,3,RGB,0.896,22.47,True,f44ad59fe0031e6a1093a221462938bd,SIM_0661,validation
D:\driver-drowsiness-detection\dataset\train\Closed\_694.jpg,_694.jpg,Closed,126,121,3,RGB,1.0413,22.88,True,6146cd38967566d690e87bc02c18f53b,SIM_0662,validation
D:\driver-drowsiness-detection\dataset\train\Closed\_695.jpg,_695.jpg,Closed,450,300,3,RGB,1.5,18.29,True,3e2c8b663c57028d30a9f45035dbe86a,SIM_0663,train
D:\driver-drowsiness-detection\dataset\train\Closed\_696.jpg,_696.jpg,Closed,417,300,3,RGB,1.39,18.81,True,ba51a7ab856d11e4b10254326ce2a141,SIM_0664,test
D:\driver-drowsiness-detection\dataset\train\Closed\_697.jpg,_697.jpg,Closed,420,300,3,RGB,1.4,16.27,True,db83941ef92c35c1d8e6ff65d3a6c03e,SIM_0665,validation
D:\driver-drowsiness-detection\dataset\train\Closed\_698.jpg,_698.jpg,Closed,352,300,3,RGB,1.1733,12.87,True,22957f5478b7998f8ee40ac21f0f6079,SIM_0666,train
D:\driver-drowsiness-detection\dataset\train\Closed\_699.jpg,_699.jpg,Closed,300,337,3,RGB,0.8902,12.37,True,84714eb462b8ab8e593ac9133af1c078,SIM_0667,train
D:\driver-drowsiness-detection\dataset\train\Closed\_7.jpg,_7.jpg,Closed,116,65,3,RGB,1.7846,21.09,True,534bc9298455d6ebf54654cca8f70e0a,SIM_0668,validation
D:\driver-drowsiness-detection\dataset\train\Closed\_70.jpg,_70.jpg,Closed,90,91,3,RGB,0.989,21.1,True,90f6baae0921f90cc0c44ac7a56caae9,SIM_0669,train
D:\driver-drowsiness-detection\dataset\train\Closed\_700.jpg,_700.jpg,Closed,120,86,3,RGB,1.3953,22.79,True,6c2eb7363727c5d513e53c51bfa6e195,SIM_0670,train
D:\driver-drowsiness-detection\dataset\train\Closed\_701.jpg,_701.jpg,Closed,105,92,3,RGB,1.1413,20.53,True,c931dcc88b8232516c08707548b3fb43,SIM_0671,train
D:\driver-drowsiness-detection\dataset\train\Closed\_702.jpg,_702.jpg,Closed,132,132,3,RGB,1.0,3.03,True,54a9488c1c64a00c235ea15587268051,SIM_0672,validation
D:\driver-drowsiness-detection\dataset\train\Closed\_703.jpg,_703.jpg,Closed,84,77,3,RGB,1.0909,8.94,True,6973418070292fef029b68e7a3cd4c0b,SIM_0673,train
D:\driver-drowsiness-detection\dataset\train\Closed\_704.jpg,_704.jpg,Closed,180,167,3,RGB,1.0778,9.22,True,d2e5090a3ca69e8a977bf9a37fbb9940,SIM_0674,validation
D:\driver-drowsiness-detection\dataset\train\Closed\_705.jpg,_705.jpg,Closed,1179,1169,3,RGB,1.0086,77.6,True,0d8bed49a47ff89b165fcbead29610e4,SIM_0675,train
D:\driver-drowsiness-detection\dataset\train\Closed\_706.jpg,_706.jpg,Closed,115,82,3,RGB,1.4024,20.52,True,46632c2563d39884fa525cb43b47e068,SIM_0676,validation
D:\driver-drowsiness-detection\dataset\train\Closed\_707.jpg,_707.jpg,Closed,115,91,3,RGB,1.2637,22.89,True,1496ee08c71874cded5e28a6adfb8e1e,SIM_0677,train
D:\driver-drowsiness-detection\dataset\train\Closed\_708.jpg,_708.jpg,Closed,157,157,3,RGB,1.0,28.28,True,699c9ddfc69df5a3b561167f79f81fca,SIM_0678,train
D:\driver-drowsiness-detection\dataset\train\Closed\_709.jpg,_709.jpg,Closed,77,70,3,RGB,1.1,20.97,True,4cf2fdd704eb2e194dcf80ad0609cf14,SIM_0679,train
D:\driver-drowsiness-detection\dataset\train\Closed\_71.jpg,_71.jpg,Closed,80,88,3,RGB,0.9091,20.13,True,bf9803cbd3eaea7cb1e89ae57d99460e,SIM_0680,train
D:\driver-drowsiness-detection\dataset\train\Closed\_710.jpg,_710.jpg,Closed,77,64,3,RGB,1.2031,20.46,True,1e621356b899b2fefd918536a21fc65a,SIM_0681,train
D:\driver-drowsiness-detection\dataset\train\Closed\_711.jpg,_711.jpg,Closed,71,68,3,RGB,1.0441,20.12,True,f8eca3ed7fc7ca17c717a2c197a60e49,SIM_0682,test
D:\driver-drowsiness-detection\dataset\train\Closed\_712.jpg,_712.jpg,Closed,83,74,3,RGB,1.1216,20.93,True,36a411fd40866275dc3425299b401356,SIM_0683,train
D:\driver-drowsiness-detection\dataset\train\Closed\_713.jpg,_713.jpg,Closed,83,73,3,RGB,1.137,20.9,True,e6d3232ba80d7c8b77bbfa21211411f2,SIM_0684,test
D:\driver-drowsiness-detection\dataset\train\Closed\_714.jpg,_714.jpg,Closed,139,138,3,RGB,1.0072,4.1,True,8a43fb4b35afb34e2a13c2efdddc49f0,SIM_0685,test
D:\driver-drowsiness-detection\dataset\train\Closed\_715.jpg,_715.jpg,Closed,298,278,3,RGB,1.0719,21.74,True,75b36de73249343808e57ea61f220f77,SIM_0686,train
D:\driver-drowsiness-detection\dataset\train\Closed\_716.jpg,_716.jpg,Closed,117,104,3,RGB,1.125,22.53,True,3479db55d8cd0f8fe048e75d25175a3c,SIM_0687,train
D:\driver-drowsiness-detection\dataset\train\Closed\_717.jpg,_717.jpg,Closed,106,105,3,RGB,1.0095,21.99,True,9be628cea96c43c6903ca821d3853dc5,SIM_0688,train
D:\driver-drowsiness-detection\dataset\train\Closed\_718.jpg,_718.jpg,Closed,108,83,3,RGB,1.3012,21.03,True,4e521625a694f492440aba688c97307e,SIM_0689,train
D:\driver-drowsiness-detection\dataset\train\Closed\_719.jpg,_719.jpg,Closed,92,90,3,RGB,1.0222,21.53,True,4e617c92fba5c21085585e5e489612e5,SIM_0690,validation
D:\driver-drowsiness-detection\dataset\train\Closed\_72.jpg,_72.jpg,Closed,134,112,3,RGB,1.1964,23.53,True,03a38292a97a016c792d444460b9dddc,SIM_0691,train
D:\driver-drowsiness-detection\dataset\train\Closed\_720.jpg,_720.jpg,Closed,77,54,3,RGB,1.4259,20.31,True,cfe52d374ec2bf3ed4fa08ea2cf81810,SIM_0692,validation
D:\driver-drowsiness-detection\dataset\train\Closed\_721.jpg,_721.jpg,Closed,87,75,3,RGB,1.16,20.81,True,16819d3b9034d491cb5cc1aabb5fbb8d,SIM_0693,train
D:\driver-drowsiness-detection\dataset\train\Closed\_722.jpg,_722.jpg,Closed,104,93,3,RGB,1.1183,21.4,True,bc491388877ad58b6093454204bbec86,SIM_0694,train
D:\driver-drowsiness-detection\dataset\train\Closed\_723.jpg,_723.jpg,Closed,111,124,3,RGB,0.8952,22.94,True,f7863e7896d4047ba7396dc97333e7c6,SIM_0695,train
D:\driver-drowsiness-detection\dataset\train\Closed\_724.jpg,_724.jpg,Closed,119,122,3,RGB,0.9754,22.41,True,8f8eda9c35d0ed56463a274d1ca172cd,SIM_0696,train
D:\driver-drowsiness-detection\dataset\train\Closed\_725.jpg,_725.jpg,Closed,185,183,3,RGB,1.0109,32.35,True,f1c5eed82230afad90d0ab26a0ea31d2,SIM_0697,train
D:\driver-drowsiness-detection\dataset\train\Closed\_73.jpg,_73.jpg,Closed,114,105,3,RGB,1.0857,23.48,True,6566a180949513849010f515e4400670,SIM_0698,train
D:\driver-drowsiness-detection\dataset\train\Closed\_74.jpg,_74.jpg,Closed,115,80,3,RGB,1.4375,21.67,True,3665ec03d7481e88ac1141f2ccf6d7d9,SIM_0699,test
D:\driver-drowsiness-detection\dataset\train\Closed\_75.jpg,_75.jpg,Closed,464,465,3,RGB,0.9978,48.23,True,ce714a3274f40243559b811bf0b36154,SIM_0700,test
D:\driver-drowsiness-detection\dataset\train\Closed\_76.jpg,_76.jpg,Closed,277,236,3,RGB,1.1737,16.86,True,a1dda48cd6134d6624270e0c583eabcd,SIM_0701,train
D:\driver-drowsiness-detection\dataset\train\Closed\_77.jpg,_77.jpg,Closed,101,98,3,RGB,1.0306,22.0,True,6203db95e48d055bde2a39157cfcc151,SIM_0702,train
D:\driver-drowsiness-detection\dataset\train\Closed\_78.jpg,_78.jpg,Closed,93,97,3,RGB,0.9588,21.17,True,50dd189f9013dc7459787a23c44fcb52,SIM_0703,test
D:\driver-drowsiness-detection\dataset\train\Closed\_79.jpg,_79.jpg,Closed,88,88,3,RGB,1.0,20.63,True,bb15f68b810db1da90c25926279a8e5b,SIM_0704,test
D:\driver-drowsiness-detection\dataset\train\Closed\_8.jpg,_8.jpg,Closed,120,114,3,RGB,1.0526,21.86,True,85384a692ff128e8d889e287e5d40eb0,SIM_0705,train
D:\driver-drowsiness-detection\dataset\train\Closed\_80.jpg,_80.jpg,Closed,246,258,3,RGB,0.9535,42.84,True,2519b83ade9cfe6789a2c9e7cb19fd6f,SIM_0706,train
D:\driver-drowsiness-detection\dataset\train\Closed\_81.jpg,_81.jpg,Closed,180,156,3,RGB,1.1538,30.7,True,1d84ae5e94405114f0cf3094edbe13c7,SIM_0707,train
D:\driver-drowsiness-detection\dataset\train\Closed\_82.jpg,_82.jpg,Closed,195,147,3,RGB,1.3265,30.13,True,78dabe043a78260f14d2542c0002943f,SIM_0708,train
D:\driver-drowsiness-detection\dataset\train\Closed\_83.jpg,_83.jpg,Closed,284,300,3,RGB,0.9467,18.84,True,d953be8398f02f9cdebf20c881fce580,SIM_0709,train
D:\driver-drowsiness-detection\dataset\train\Closed\_84.jpg,_84.jpg,Closed,319,300,3,RGB,1.0633,21.32,True,9f575d8825662fddcf55985e6f60836a,SIM_0710,test
D:\driver-drowsiness-detection\dataset\train\Closed\_85.jpg,_85.jpg,Closed,364,317,3,RGB,1.1483,61.21,True,b095b0c6e1ff5a0ac6fbfe308fdeea8e,SIM_0711,train
D:\driver-drowsiness-detection\dataset\train\Closed\_86.jpg,_86.jpg,Closed,273,232,3,RGB,1.1767,50.51,True,32bd73c087e3ce4a64e6fa055573b3e6,SIM_0712,train
D:\driver-drowsiness-detection\dataset\train\Closed\_87.jpg,_87.jpg,Closed,1238,1280,3,RGB,0.9672,125.52,True,7414ba0d2d220114cf5a8cfde375b9c7,SIM_0713,train
D:\driver-drowsiness-detection\dataset\train\Closed\_88.jpg,_88.jpg,Closed,111,118,3,RGB,0.9407,9.35,True,4fcd0193023340d3604046399c4b6331,SIM_0714,train
D:\driver-drowsiness-detection\dataset\train\Closed\_89.jpg,_89.jpg,Closed,285,238,3,RGB,1.1975,48.18,True,ebbd1ee86d8db94267ebe20db45f0b56,SIM_0715,validation
D:\driver-drowsiness-detection\dataset\train\Closed\_9.jpg,_9.jpg,Closed,121,128,3,RGB,0.9453,21.8,True,13150f2d7c63d7e9fd3b5a1d99dd3717,SIM_0716,train
D:\driver-drowsiness-detection\dataset\train\Closed\_90.jpg,_90.jpg,Closed,314,241,3,RGB,1.3029,43.87,True,2e3b387b78da0ca450ed7ccb5552d825,SIM_0717,validation
D:\driver-drowsiness-detection\dataset\train\Closed\_91.jpg,_91.jpg,Closed,321,252,3,RGB,1.2738,45.54,True,3d362fde1647ad6283cbd422a6679826,SIM_0718,validation
D:\driver-drowsiness-detection\dataset\train\Closed\_92.jpg,_92.jpg,Closed,247,196,3,RGB,1.2602,36.39,True,89917facfedbab71c5a617312dca4748,SIM_0719,train
D:\driver-drowsiness-detection\dataset\train\Closed\_93.jpg,_93.jpg,Closed,266,216,3,RGB,1.2315,38.97,True,1341d1703cd9d91b0a0b9938160a0077,SIM_0720,train
D:\driver-drowsiness-detection\dataset\train\Closed\_94.jpg,_94.jpg,Closed,409,393,3,RGB,1.0407,61.04,True,792072b42a5e282371a12d999af8336e,SIM_0721,train
D:\driver-drowsiness-detection\dataset\train\Closed\_95.jpg,_95.jpg,Closed,372,390,3,RGB,0.9538,52.83,True,a5207f9a8237923979fbda1e9ffd07dd,SIM_0722,train
D:\driver-drowsiness-detection\dataset\train\Closed\_96.jpg,_96.jpg,Closed,116,99,3,RGB,1.1717,24.54,True,dbf9a0712eb9d66fb28aefda06d97501,SIM_0723,train
D:\driver-drowsiness-detection\dataset\train\Closed\_97.jpg,_97.jpg,Closed,89,120,3,RGB,0.7417,23.78,True,781a7ae050797663554d56fef1b0dc89,SIM_0724,validation
D:\driver-drowsiness-detection\dataset\train\Closed\_98.jpg,_98.jpg,Closed,170,160,3,RGB,1.0625,27.83,True,0df37d1024ab9b10be82101c0bb75d10,SIM_0725,validation
D:\driver-drowsiness-detection\dataset\train\Closed\_99.jpg,_99.jpg,Closed,1280,1265,3,RGB,1.0119,140.89,True,66c78e883ddd24c2faf37718d86e0933,SIM_0726,train
D:\driver-drowsiness-detection\dataset\train\no_yawn\1.jpg,1.jpg,no_yawn,640,480,3,RGB,1.3333,59.58,True,8f2090c4dd35703c13c5cd340e9b4121,SIM_0727,train
D:\driver-drowsiness-detection\dataset\train\no_yawn\1003.jpg,1003.jpg,no_yawn,640,480,3,RGB,1.3333,81.62,True,f512a06405cbf75a8f4f204cd8ccc1b3,SIM_0728,train
D:\driver-drowsiness-detection\dataset\train\no_yawn\1004.jpg,1004.jpg,no_yawn,640,480,3,RGB,1.3333,81.2,True,2d5e9644a460d81390d1de3edf77b425,SIM_0729,train
D:\driver-drowsiness-detection\dataset\train\no_yawn\1006.jpg,1006.jpg,no_yawn,640,480,3,RGB,1.3333,74.76,True,5d1fe767e9118850bc8c11457bf1a836,SIM_0730,train
D:\driver-drowsiness-detection\dataset\train\no_yawn\1007.jpg,1007.jpg,no_yawn,640,480,3,RGB,1.3333,73.08,True,022949d0b8af150a319ad56e39b1a77d,SIM_0731,train
D:\driver-drowsiness-detection\dataset\train\no_yawn\1008.jpg,1008.jpg,no_yawn,640,480,3,RGB,1.3333,72.0,True,91e4aabc3f502b2ef426a5d29e5b672e,SIM_0732,train
D:\driver-drowsiness-detection\dataset\train\no_yawn\1009.jpg,1009.jpg,no_yawn,640,480,3,RGB,1.3333,70.42,True,9625c8de25259a14caa31fd0a4483aed,SIM_0731,train
D:\driver-drowsiness-detection\dataset\train\no_yawn\1010.jpg,1010.jpg,no_yawn,640,480,3,RGB,1.3333,59.45,True,79aa5fa1c6cdd789ca95fad664442e2e,SIM_0733,validation
D:\driver-drowsiness-detection\dataset\train\no_yawn\1021.jpg,1021.jpg,no_yawn,640,480,3,RGB,1.3333,70.09,True,0b745d0123a63daf4b6fbc0eefc897f6,SIM_0731,train
D:\driver-drowsiness-detection\dataset\train\no_yawn\1028.jpg,1028.jpg,no_yawn,640,480,3,RGB,1.3333,70.26,True,9bc7cb51f6a63b494c22b56f7250883c,SIM_0731,train
D:\driver-drowsiness-detection\dataset\train\no_yawn\1029.jpg,1029.jpg,no_yawn,640,480,3,RGB,1.3333,69.75,True,02efd8f4329b028b5f2ab95dd11883c1,SIM_0731,train
D:\driver-drowsiness-detection\dataset\train\no_yawn\1030.jpg,1030.jpg,no_yawn,640,480,3,RGB,1.3333,69.78,True,b86680a20159d456dadc1465ee2442dd,SIM_0731,train
D:\driver-drowsiness-detection\dataset\train\no_yawn\1031.jpg,1031.jpg,no_yawn,640,480,3,RGB,1.3333,70.63,True,59db7bd25042eec26177266f71ad30d7,SIM_0731,train
D:\driver-drowsiness-detection\dataset\train\no_yawn\1032.jpg,1032.jpg,no_yawn,640,480,3,RGB,1.3333,70.66,True,6675d280dd785616473a5763ff907e35,SIM_0731,train
D:\driver-drowsiness-detection\dataset\train\no_yawn\1033.jpg,1033.jpg,no_yawn,640,480,3,RGB,1.3333,68.47,True,1679c935808af61358dd5fd933123981,SIM_0731,train
D:\driver-drowsiness-detection\dataset\train\no_yawn\1034.jpg,1034.jpg,no_yawn,640,480,3,RGB,1.3333,57.61,True,52b05779a42bb0423a5c7f0d2be69ae0,SIM_0731,train
D:\driver-drowsiness-detection\dataset\train\no_yawn\1038.jpg,1038.jpg,no_yawn,640,480,3,RGB,1.3333,69.97,True,b6a83bb2da986aad4d7cac871ab7a2ea,SIM_0734,train
D:\driver-drowsiness-detection\dataset\train\no_yawn\1039.jpg,1039.jpg,no_yawn,640,480,3,RGB,1.3333,69.74,True,26c3c84a0bdc24a1d7ee3c8de219ec74,SIM_0735,train
D:\driver-drowsiness-detection\dataset\train\no_yawn\1042.jpg,1042.jpg,no_yawn,640,480,3,RGB,1.3333,69.91,True,2558ac5639fa069ec7dbf4e7c69ce02d,SIM_0736,validation
D:\driver-drowsiness-detection\dataset\train\no_yawn\1044.jpg,1044.jpg,no_yawn,640,480,3,RGB,1.3333,71.45,True,3a51be761b0db93b013939946f9a5718,SIM_0737,train
D:\driver-drowsiness-detection\dataset\train\no_yawn\1046.jpg,1046.jpg,no_yawn,640,480,3,RGB,1.3333,61.43,True,61b1d90bb8d0f3ecea99c945a06de853,SIM_0738,validation
D:\driver-drowsiness-detection\dataset\train\no_yawn\1047.jpg,1047.jpg,no_yawn,640,480,3,RGB,1.3333,65.15,True,ecd1704fc60d69d5eaf75d6332eef301,SIM_0738,validation
D:\driver-drowsiness-detection\dataset\train\no_yawn\1050.jpg,1050.jpg,no_yawn,640,480,3,RGB,1.3333,69.07,True,a07685f85e148275ffe551fc6c9e44c8,SIM_0739,train
D:\driver-drowsiness-detection\dataset\train\no_yawn\1061.jpg,1061.jpg,no_yawn,640,480,3,RGB,1.3333,78.5,True,021051ab9c30476e45f8a9bb8028ca6e,SIM_0740,validation
D:\driver-drowsiness-detection\dataset\train\no_yawn\1062.jpg,1062.jpg,no_yawn,640,480,3,RGB,1.3333,80.43,True,4ca4f1d661037cf04c7680d2f3be8d50,SIM_0741,test
D:\driver-drowsiness-detection\dataset\train\no_yawn\1063.jpg,1063.jpg,no_yawn,640,480,3,RGB,1.3333,81.27,True,5ae1cbef2989cd7571da9ba3df46fbef,SIM_0742,train
D:\driver-drowsiness-detection\dataset\train\no_yawn\1067.jpg,1067.jpg,no_yawn,640,480,3,RGB,1.3333,80.57,True,66f948305c685110b1bc95da2523423c,SIM_0743,train
D:\driver-drowsiness-detection\dataset\train\no_yawn\1068.jpg,1068.jpg,no_yawn,640,480,3,RGB,1.3333,81.78,True,4c8f0e1672f48ca89160e914273d7552,SIM_0743,train
D:\driver-drowsiness-detection\dataset\train\no_yawn\1069.jpg,1069.jpg,no_yawn,640,480,3,RGB,1.3333,81.72,True,629f49a3f34899dfc348c04c0dba483d,SIM_0743,train
D:\driver-drowsiness-detection\dataset\train\no_yawn\1073.jpg,1073.jpg,no_yawn,640,480,3,RGB,1.3333,75.51,True,9f79c46097aae271fde9f937e9abe231,SIM_0743,train
D:\driver-drowsiness-detection\dataset\train\no_yawn\1074.jpg,1074.jpg,no_yawn,640,480,3,RGB,1.3333,78.09,True,2c9e8813f662ffde24b2d03ae153a5a9,SIM_0743,train
D:\driver-drowsiness-detection\dataset\train\no_yawn\1096.jpg,1096.jpg,no_yawn,640,480,3,RGB,1.3333,81.32,True,f77f954120087264c963d42ca46668ce,SIM_0744,train
D:\driver-drowsiness-detection\dataset\train\no_yawn\1097.jpg,1097.jpg,no_yawn,640,480,3,RGB,1.3333,78.38,True,5242c80e00c32f8fa75be06ab143399c,SIM_0745,train
D:\driver-drowsiness-detection\dataset\train\no_yawn\1098.jpg,1098.jpg,no_yawn,640,480,3,RGB,1.3333,80.95,True,2403200b899143bef18281476e0ac9e1,SIM_0746,train
D:\driver-drowsiness-detection\dataset\train\no_yawn\111.jpg,111.jpg,no_yawn,640,480,3,RGB,1.3333,80.04,True,813c87720a183c6dbb331204c35c1f90,SIM_0747,train
D:\driver-drowsiness-detection\dataset\train\no_yawn\1111.jpg,1111.jpg,no_yawn,640,480,3,RGB,1.3333,78.92,True,46103fe18997da32e9a6e4f2a2f1b64c,SIM_0748,test
D:\driver-drowsiness-detection\dataset\train\no_yawn\1114.jpg,1114.jpg,no_yawn,640,480,3,RGB,1.3333,65.97,True,8bf650218db0a97871bd661e97e643e5,SIM_0749,train
D:\driver-drowsiness-detection\dataset\train\no_yawn\1116.jpg,1116.jpg,no_yawn,640,480,3,RGB,1.3333,72.9,True,fd67bcc03f6ba55edb1ea0032858a11e,SIM_0750,train
D:\driver-drowsiness-detection\dataset\train\no_yawn\1117.jpg,1117.jpg,no_yawn,640,480,3,RGB,1.3333,76.39,True,d2374c229e86313af9344461f6d89be3,SIM_0750,train
D:\driver-drowsiness-detection\dataset\train\no_yawn\1118.jpg,1118.jpg,no_yawn,640,480,3,RGB,1.3333,74.16,True,39cd806c415a742bccd8fd4ebee6f3b1,SIM_0750,train
D:\driver-drowsiness-detection\dataset\train\no_yawn\112.jpg,112.jpg,no_yawn,640,480,3,RGB,1.3333,79.28,True,3db202bf9d084840937a4fc2188f29fd,SIM_0747,train
D:\driver-drowsiness-detection\dataset\train\no_yawn\1120.jpg,1120.jpg,no_yawn,640,480,3,RGB,1.3333,75.91,True,e997edc1b4b1487df87c3069d5cee560,SIM_0750,train
D:\driver-drowsiness-detection\dataset\train\no_yawn\1121.jpg,1121.jpg,no_yawn,640,480,3,RGB,1.3333,76.69,True,f4bd6b944fa991c7bb02ff254f1c77a3,SIM_0750,train
D:\driver-drowsiness-detection\dataset\train\no_yawn\1122.jpg,1122.jpg,no_yawn,640,480,3,RGB,1.3333,77.94,True,4c7da35bd5fbc11c2464c73b956e2d59,SIM_0751,validation
D:\driver-drowsiness-detection\dataset\train\no_yawn\1128.jpg,1128.jpg,no_yawn,640,480,3,RGB,1.3333,80.14,True,7181766a376db189e91feec6c64d282a,SIM_0752,train
D:\driver-drowsiness-detection\dataset\train\no_yawn\1129.jpg,1129.jpg,no_yawn,640,480,3,RGB,1.3333,78.71,True,3f275f55d1579239a96ea38ddada42fd,SIM_0753,train
D:\driver-drowsiness-detection\dataset\train\no_yawn\113.jpg,113.jpg,no_yawn,640,480,3,RGB,1.3333,77.33,True,157a66ce9dd43c078f8ffbda93314dd5,SIM_0747,train
D:\driver-drowsiness-detection\dataset\train\no_yawn\1130.jpg,1130.jpg,no_yawn,640,480,3,RGB,1.3333,63.74,True,723c89a49cbe6c7bd2e367605ce59260,SIM_0754,train
D:\driver-drowsiness-detection\dataset\train\no_yawn\1131.jpg,1131.jpg,no_yawn,640,480,3,RGB,1.3333,76.06,True,5615807d28815dc86562ded29990251f,SIM_0755,train
D:\driver-drowsiness-detection\dataset\train\no_yawn\1132.jpg,1132.jpg,no_yawn,640,480,3,RGB,1.3333,74.98,True,f6498f9ba7d394e54190bc11a2721eed,SIM_0756,train
D:\driver-drowsiness-detection\dataset\train\no_yawn\1133.jpg,1133.jpg,no_yawn,640,480,3,RGB,1.3333,77.52,True,4b32166fa9ee48ed2e8210ce3b485d88,SIM_0757,train
D:\driver-drowsiness-detection\dataset\train\no_yawn\1134.jpg,1134.jpg,no_yawn,640,480,3,RGB,1.3333,76.09,True,83ee6d778ce355cd21d8c9c12eb266e9,SIM_0758,train
D:\driver-drowsiness-detection\dataset\train\no_yawn\1139.jpg,1139.jpg,no_yawn,640,480,3,RGB,1.3333,78.03,True,b9834224d5ab21ebde9662644cc06931,SIM_0759,validation
D:\driver-drowsiness-detection\dataset\train\no_yawn\114.jpg,114.jpg,no_yawn,640,480,3,RGB,1.3333,79.76,True,a4480c39b95203463f222a089b4a72fe,SIM_0747,train
D:\driver-drowsiness-detection\dataset\train\no_yawn\115.jpg,115.jpg,no_yawn,640,480,3,RGB,1.3333,79.74,True,25331a2bb452a42f75994032d5f667c0,SIM_0747,train
D:\driver-drowsiness-detection\dataset\train\no_yawn\117.jpg,117.jpg,no_yawn,640,480,3,RGB,1.3333,78.46,True,adb550813e782553480dba2e313adca2,SIM_0747,train
D:\driver-drowsiness-detection\dataset\train\no_yawn\1172.jpg,1172.jpg,no_yawn,640,480,3,RGB,1.3333,74.05,True,52a9a251cf32982b19dbeb286b089e5d,SIM_0760,train
D:\driver-drowsiness-detection\dataset\train\no_yawn\1173.jpg,1173.jpg,no_yawn,640,480,3,RGB,1.3333,75.18,True,9074c9ccd0500b89eb2a1f3dcc1e9d38,SIM_0761,train
D:\driver-drowsiness-detection\dataset\train\no_yawn\1174.jpg,1174.jpg,no_yawn,640,480,3,RGB,1.3333,76.08,True,8494fa023115663a9f187622047077e3,SIM_0762,train
D:\driver-drowsiness-detection\dataset\train\no_yawn\1176.jpg,1176.jpg,no_yawn,640,480,3,RGB,1.3333,75.11,True,d9b5e9788589153bd0eaac6597f0eb57,SIM_0763,train
D:\driver-drowsiness-detection\dataset\train\no_yawn\1177.jpg,1177.jpg,no_yawn,640,480,3,RGB,1.3333,77.53,True,7b8b50a4192b58a9de5d03d04d18294a,SIM_0764,test
D:\driver-drowsiness-detection\dataset\train\no_yawn\1178.jpg,1178.jpg,no_yawn,640,480,3,RGB,1.3333,76.32,True,c393f1ff88bf499333dfca890fd4307b,SIM_0765,train
D:\driver-drowsiness-detection\dataset\train\no_yawn\1201.jpg,1201.jpg,no_yawn,640,480,3,RGB,1.3333,77.12,True,b87a43499bf8da7fbdbab54307af8636,SIM_0766,train
D:\driver-drowsiness-detection\dataset\train\no_yawn\1202.jpg,1202.jpg,no_yawn,640,480,3,RGB,1.3333,67.02,True,0371592e19c3e040c0501acf74bee538,SIM_0767,test
D:\driver-drowsiness-detection\dataset\train\no_yawn\1203.jpg,1203.jpg,no_yawn,640,480,3,RGB,1.3333,69.62,True,33388d0fd83b955dc8ebd2de9dc145cd,SIM_0768,train
D:\driver-drowsiness-detection\dataset\train\no_yawn\1208.jpg,1208.jpg,no_yawn,640,480,3,RGB,1.3333,76.79,True,1c4a4b61a9a91c70a4448a38dbd85dbb,SIM_0769,train
D:\driver-drowsiness-detection\dataset\train\no_yawn\1209.jpg,1209.jpg,no_yawn,640,480,3,RGB,1.3333,75.79,True,b096dc627713788f4e3fa02e1c939b45,SIM_0770,test
D:\driver-drowsiness-detection\dataset\train\no_yawn\1210.jpg,1210.jpg,no_yawn,640,480,3,RGB,1.3333,77.13,True,c134bfd20ac00aa3275f4094ff33f347,SIM_0768,train
D:\driver-drowsiness-detection\dataset\train\no_yawn\1213.jpg,1213.jpg,no_yawn,640,480,3,RGB,1.3333,67.99,True,c352f6d0accb5155ce2e3ebef49e267b,SIM_0771,train
D:\driver-drowsiness-detection\dataset\train\no_yawn\1214.jpg,1214.jpg,no_yawn,640,480,3,RGB,1.3333,73.2,True,dc5f9b6ef5992e36ec26a86f9405312b,SIM_0772,train
D:\driver-drowsiness-detection\dataset\train\no_yawn\1246.jpg,1246.jpg,no_yawn,640,480,3,RGB,1.3333,72.19,True,0c8568cd3e65fa28f613ce0b4e09be13,SIM_0773,train
D:\driver-drowsiness-detection\dataset\train\no_yawn\1247.jpg,1247.jpg,no_yawn,640,480,3,RGB,1.3333,78.75,True,7d2cc1aa892e137213e731597cbd34ab,SIM_0774,test
D:\driver-drowsiness-detection\dataset\train\no_yawn\1248.jpg,1248.jpg,no_yawn,640,480,3,RGB,1.3333,77.92,True,7ac0f6bd1ba7430174e211b65f885ab8,SIM_0775,train
D:\driver-drowsiness-detection\dataset\train\no_yawn\1250.jpg,1250.jpg,no_yawn,640,480,3,RGB,1.3333,80.68,True,34a5e6dbd135c1b54be7262e934a400e,SIM_0775,train
D:\driver-drowsiness-detection\dataset\train\no_yawn\1261.jpg,1261.jpg,no_yawn,640,480,3,RGB,1.3333,83.33,True,c02b900cb45e6a08fef05c73967505a4,SIM_0776,test
D:\driver-drowsiness-detection\dataset\train\no_yawn\1266.jpg,1266.jpg,no_yawn,640,480,3,RGB,1.3333,78.95,True,7c1a4c0b9c5b367db833f13e97fd0017,SIM_0777,validation
D:\driver-drowsiness-detection\dataset\train\no_yawn\1267.jpg,1267.jpg,no_yawn,640,480,3,RGB,1.3333,80.82,True,ff20d283c9212f5424521c8781d096c7,SIM_0778,train
D:\driver-drowsiness-detection\dataset\train\no_yawn\1268.jpg,1268.jpg,no_yawn,640,480,3,RGB,1.3333,83.37,True,2fb036e739d282d3623d74699a3c9382,SIM_0779,train
D:\driver-drowsiness-detection\dataset\train\no_yawn\1269.jpg,1269.jpg,no_yawn,640,480,3,RGB,1.3333,82.37,True,9c5f199c4d5a8ed887ee75791324cea8,SIM_0780,test
D:\driver-drowsiness-detection\dataset\train\no_yawn\1270.jpg,1270.jpg,no_yawn,640,480,3,RGB,1.3333,83.28,True,2de90f78bf1358e9af191ece4ddefa15,SIM_0781,train
D:\driver-drowsiness-detection\dataset\train\no_yawn\1281.jpg,1281.jpg,no_yawn,640,480,3,RGB,1.3333,80.3,True,63655d923f03e4ba4429e076d8571ca7,SIM_0782,train
D:\driver-drowsiness-detection\dataset\train\no_yawn\1282.jpg,1282.jpg,no_yawn,640,480,3,RGB,1.3333,78.94,True,c28a507f7900b5d38ed89be07d56ed54,SIM_0783,train
D:\driver-drowsiness-detection\dataset\train\no_yawn\1318.jpg,1318.jpg,no_yawn,640,480,3,RGB,1.3333,71.88,True,337ef98bf57ec19e7dd38074ff2e31a4,SIM_0784,train
D:\driver-drowsiness-detection\dataset\train\no_yawn\1319.jpg,1319.jpg,no_yawn,640,480,3,RGB,1.3333,61.84,True,e77d38b2a0af958dfe1d9cd0f4da74e1,SIM_0785,test
D:\driver-drowsiness-detection\dataset\train\no_yawn\1320.jpg,1320.jpg,no_yawn,640,480,3,RGB,1.3333,65.7,True,cd49bca882145372b8eeebc495ee5b8a,SIM_0785,test
D:\driver-drowsiness-detection\dataset\train\no_yawn\1322.jpg,1322.jpg,no_yawn,640,480,3,RGB,1.3333,68.83,True,90c15e60ec7047f2576d52b20c16c84f,SIM_0786,train
D:\driver-drowsiness-detection\dataset\train\no_yawn\1323.jpg,1323.jpg,no_yawn,640,480,3,RGB,1.3333,69.15,True,d7dfba74b0b52bc2234dc05d788ac14f,SIM_0787,train
D:\driver-drowsiness-detection\dataset\train\no_yawn\1324.jpg,1324.jpg,no_yawn,640,480,3,RGB,1.3333,70.64,True,eafff9d42186d08da9445ace655f4bde,SIM_0787,train
D:\driver-drowsiness-detection\dataset\train\no_yawn\1326.jpg,1326.jpg,no_yawn,640,480,3,RGB,1.3333,85.49,True,6ba49b8b9c9b5e0b5819a651221a500f,SIM_0788,train
D:\driver-drowsiness-detection\dataset\train\no_yawn\1327.jpg,1327.jpg,no_yawn,640,480,3,RGB,1.3333,86.45,True,d879f503a7fcb8ded538d8edde6f0cb8,SIM_0789,train
D:\driver-drowsiness-detection\dataset\train\no_yawn\1332.jpg,1332.jpg,no_yawn,640,480,3,RGB,1.3333,79.91,True,19402d5b01fac8a0b2042f1cf0da5219,SIM_0790,train
D:\driver-drowsiness-detection\dataset\train\no_yawn\1333.jpg,1333.jpg,no_yawn,640,480,3,RGB,1.3333,81.06,True,3a8a36c7cd50215f6efdf4ec0b6d4b16,SIM_0791,train
D:\driver-drowsiness-detection\dataset\train\no_yawn\1334.jpg,1334.jpg,no_yawn,640,480,3,RGB,1.3333,81.9,True,1bfa137841678c696ec49e3fd8749861,SIM_0792,test
D:\driver-drowsiness-detection\dataset\train\no_yawn\1356.jpg,1356.jpg,no_yawn,640,480,3,RGB,1.3333,80.45,True,3d8bba63ae0ce0659f2fa27d93749ce4,SIM_0793,train
D:\driver-drowsiness-detection\dataset\train\no_yawn\1357.jpg,1357.jpg,no_yawn,640,480,3,RGB,1.3333,82.41,True,8d1e844f774f4b7781f0313b65f29708,SIM_0794,validation
D:\driver-drowsiness-detection\dataset\train\no_yawn\1359.jpg,1359.jpg,no_yawn,640,480,3,RGB,1.3333,78.01,True,0f990d5e9ea91a8c3187a8552f5b1cad,SIM_0795,validation
D:\driver-drowsiness-detection\dataset\train\no_yawn\1362.jpg,1362.jpg,no_yawn,640,480,3,RGB,1.3333,81.24,True,ebf8e66dabdfd4d49fba7a819b1c760c,SIM_0795,validation
D:\driver-drowsiness-detection\dataset\train\no_yawn\1363.jpg,1363.jpg,no_yawn,640,480,3,RGB,1.3333,79.91,True,733c6e2cce6bd72c39a61a559e3af8e6,SIM_0796,test
D:\driver-drowsiness-detection\dataset\train\no_yawn\1367.jpg,1367.jpg,no_yawn,640,480,3,RGB,1.3333,80.27,True,ba345d543f2935ad11f7e2cbd492085a,SIM_0797,train
D:\driver-drowsiness-detection\dataset\train\no_yawn\1368.jpg,1368.jpg,no_yawn,640,480,3,RGB,1.3333,81.13,True,202aee4708b490d5ce3de517cf1e8d26,SIM_0798,test
D:\driver-drowsiness-detection\dataset\train\no_yawn\1369.jpg,1369.jpg,no_yawn,640,480,3,RGB,1.3333,79.76,True,49d3b59f709a51d4698ba804e6c30ad0,SIM_0795,validation
D:\driver-drowsiness-detection\dataset\train\no_yawn\1370.jpg,1370.jpg,no_yawn,640,480,3,RGB,1.3333,64.42,True,6d40ec02d8621d6e865159a5256860a2,SIM_0795,validation
D:\driver-drowsiness-detection\dataset\train\no_yawn\1371.jpg,1371.jpg,no_yawn,640,480,3,RGB,1.3333,75.94,True,bd5809fcf0f21a1ccbdf6969b2d9d9d2,SIM_0799,train
D:\driver-drowsiness-detection\dataset\train\no_yawn\1374.jpg,1374.jpg,no_yawn,640,480,3,RGB,1.3333,75.83,True,9d25270c6dc3af68d77328b05d23ebcc,SIM_0800,validation
D:\driver-drowsiness-detection\dataset\train\no_yawn\1376.jpg,1376.jpg,no_yawn,640,480,3,RGB,1.3333,63.04,True,d28db9bce0ab8335aef2d77121cdda49,SIM_0801,train
D:\driver-drowsiness-detection\dataset\train\no_yawn\1378.jpg,1378.jpg,no_yawn,640,480,3,RGB,1.3333,69.6,True,e34d9fde8e3b16405aa1a031480129f1,SIM_0802,train
D:\driver-drowsiness-detection\dataset\train\no_yawn\141.jpg,141.jpg,no_yawn,640,480,3,RGB,1.3333,78.78,True,b05518548e13c071274d3ebcd7dd568e,SIM_0803,train
D:\driver-drowsiness-detection\dataset\train\no_yawn\1411.jpg,1411.jpg,no_yawn,640,480,3,RGB,1.3333,72.54,True,77899d99a3c5c906cdad3f3a4a808563,SIM_0804,validation
D:\driver-drowsiness-detection\dataset\train\no_yawn\1412.jpg,1412.jpg,no_yawn,640,480,3,RGB,1.3333,73.58,True,9a913f59b53928ec6c69479508bf8488,SIM_0804,validation
D:\driver-drowsiness-detection\dataset\train\no_yawn\1413.jpg,1413.jpg,no_yawn,640,480,3,RGB,1.3333,73.63,True,ceb2dba2b31ee1cb573aa94f55d6ca83,SIM_0804,validation
D:\driver-drowsiness-detection\dataset\train\no_yawn\142.jpg,142.jpg,no_yawn,640,480,3,RGB,1.3333,88.51,True,ae3136dceb1f57c7eb7fcdd7cb296494,SIM_0805,test
D:\driver-drowsiness-detection\dataset\train\no_yawn\144.jpg,144.jpg,no_yawn,640,480,3,RGB,1.3333,92.2,True,be1276359fa1f433ea92acf23fd2dc37,SIM_0806,train
D:\driver-drowsiness-detection\dataset\train\no_yawn\1447.jpg,1447.jpg,no_yawn,640,480,3,RGB,1.3333,70.72,True,bb092993c915f8512ae5806853a760b6,SIM_0807,train
D:\driver-drowsiness-detection\dataset\train\no_yawn\1448.jpg,1448.jpg,no_yawn,640,480,3,RGB,1.3333,71.23,True,a8b30f83b52a42bad1d35b76f4940962,SIM_0808,train
D:\driver-drowsiness-detection\dataset\train\no_yawn\1449.jpg,1449.jpg,no_yawn,640,480,3,RGB,1.3333,71.26,True,973621d2e2de341c76211ef907632ad5,SIM_0808,train
D:\driver-drowsiness-detection\dataset\train\no_yawn\145.jpg,145.jpg,no_yawn,640,480,3,RGB,1.3333,92.01,True,10ec2a5c1a99a63ed0d9f60b503da56a,SIM_0809,train
D:\driver-drowsiness-detection\dataset\train\no_yawn\1450.jpg,1450.jpg,no_yawn,640,480,3,RGB,1.3333,72.72,True,5e9ea27ec74fba134e08cf5dd1261f86,SIM_0807,train
D:\driver-drowsiness-detection\dataset\train\no_yawn\1451.jpg,1451.jpg,no_yawn,640,480,3,RGB,1.3333,72.41,True,6aa8c2b0a60b3de639d8ce2aa76f9fd9,SIM_0807,train
D:\driver-drowsiness-detection\dataset\train\no_yawn\1452.jpg,1452.jpg,no_yawn,640,480,3,RGB,1.3333,75.35,True,091e8bc65b5e33cf6c7c5a7fcd56811c,SIM_0810,train
D:\driver-drowsiness-detection\dataset\train\no_yawn\1459.jpg,1459.jpg,no_yawn,640,480,3,RGB,1.3333,74.03,True,9adcb18f42a0eb8e430d0b36b6ebf979,SIM_0811,train
D:\driver-drowsiness-detection\dataset\train\no_yawn\146.jpg,146.jpg,no_yawn,640,480,3,RGB,1.3333,93.37,True,7d7c97f0e714b84c4ee0e894c89b80fa,SIM_0812,validation
D:\driver-drowsiness-detection\dataset\train\no_yawn\1460.jpg,1460.jpg,no_yawn,640,480,3,RGB,1.3333,76.17,True,17aade3e92fd0a8f1c46032133c4e364,SIM_0811,train
D:\driver-drowsiness-detection\dataset\train\no_yawn\1461.jpg,1461.jpg,no_yawn,640,480,3,RGB,1.3333,76.47,True,25d808728917c0bba623231f00f6a0c2,SIM_0813,train
D:\driver-drowsiness-detection\dataset\train\no_yawn\1462.jpg,1462.jpg,no_yawn,640,480,3,RGB,1.3333,63.42,True,c9eae87bba96156e1a52ef89c56ead69,SIM_0813,train
D:\driver-drowsiness-detection\dataset\train\no_yawn\1463.jpg,1463.jpg,no_yawn,640,480,3,RGB,1.3333,66.98,True,0938ad412f31961c473656c06400a982,SIM_0814,train
D:\driver-drowsiness-detection\dataset\train\no_yawn\1464.jpg,1464.jpg,no_yawn,640,480,3,RGB,1.3333,70.35,True,ae56f74bd8e8bf39a434731e107f6e62,SIM_0815,train
D:\driver-drowsiness-detection\dataset\train\no_yawn\147.jpg,147.jpg,no_yawn,640,480,3,RGB,1.3333,95.31,True,f9adb559290acc6251db4b3876c7c3d5,SIM_0805,test
D:\driver-drowsiness-detection\dataset\train\no_yawn\148.jpg,148.jpg,no_yawn,640,480,3,RGB,1.3333,94.84,True,13dbc82725eefa230577541597ac133c,SIM_0803,train
D:\driver-drowsiness-detection\dataset\train\no_yawn\1486.jpg,1486.jpg,no_yawn,640,480,3,RGB,1.3333,75.79,True,97323c66cfed35aa7a8145d2f685a180,SIM_0816,test
D:\driver-drowsiness-detection\dataset\train\no_yawn\1487.jpg,1487.jpg,no_yawn,640,480,3,RGB,1.3333,77.08,True,7c93a73227f45955b73388ea3f74d19c,SIM_0816,test
D:\driver-drowsiness-detection\dataset\train\no_yawn\149.jpg,149.jpg,no_yawn,640,480,3,RGB,1.3333,91.37,True,bf8a758910a4274d60d28b2e061b38d7,SIM_0817,train
D:\driver-drowsiness-detection\dataset\train\no_yawn\1492.jpg,1492.jpg,no_yawn,640,480,3,RGB,1.3333,69.52,True,3af2b3809d8b9f98b52f86ebd1ec7203,SIM_0816,test
D:\driver-drowsiness-detection\dataset\train\no_yawn\1493.jpg,1493.jpg,no_yawn,640,480,3,RGB,1.3333,73.92,True,338c4ae329376e5d1d2ec69012cd863f,SIM_0816,test
D:\driver-drowsiness-detection\dataset\train\no_yawn\1496.jpg,1496.jpg,no_yawn,640,480,3,RGB,1.3333,75.57,True,cf02686fa53368d8bb687310b4116362,SIM_0816,test
D:\driver-drowsiness-detection\dataset\train\no_yawn\1497.jpg,1497.jpg,no_yawn,640,480,3,RGB,1.3333,74.6,True,c5f0fcbc97a939ccaa3724b825d87c09,SIM_0816,test
D:\driver-drowsiness-detection\dataset\train\no_yawn\1498.jpg,1498.jpg,no_yawn,640,480,3,RGB,1.3333,75.76,True,dcfc1246693452ff947c774def27b0f5,SIM_0816,test
D:\driver-drowsiness-detection\dataset\train\no_yawn\1499.jpg,1499.jpg,no_yawn,640,480,3,RGB,1.3333,74.41,True,bceeba51e708bed4709ab848adde9219,SIM_0816,test
D:\driver-drowsiness-detection\dataset\train\no_yawn\1500.jpg,1500.jpg,no_yawn,640,480,3,RGB,1.3333,76.22,True,caf571d9ca817b8a8b45024c03fb9e1b,SIM_0816,test
D:\driver-drowsiness-detection\dataset\train\no_yawn\1503.jpg,1503.jpg,no_yawn,640,480,3,RGB,1.3333,79.88,True,570e7260a24e88b4c86f8ad1f8a1bf6b,SIM_0818,train
D:\driver-drowsiness-detection\dataset\train\no_yawn\1507.jpg,1507.jpg,no_yawn,640,480,3,RGB,1.3333,76.09,True,1e1ba2bcaa78935712b8f9d05a553ab7,SIM_0818,train
D:\driver-drowsiness-detection\dataset\train\no_yawn\1508.jpg,1508.jpg,no_yawn,640,480,3,RGB,1.3333,75.05,True,edfd8eefb43549d038204f28738ed820,SIM_0818,train
D:\driver-drowsiness-detection\dataset\train\no_yawn\1509.jpg,1509.jpg,no_yawn,640,480,3,RGB,1.3333,76.19,True,9704e52bc372182820b9da2e973cc381,SIM_0818,train
D:\driver-drowsiness-detection\dataset\train\no_yawn\1510.jpg,1510.jpg,no_yawn,640,480,3,RGB,1.3333,75.73,True,0b922b79c0c00076d55e2eef50113846,SIM_0818,train
D:\driver-drowsiness-detection\dataset\train\no_yawn\1532.jpg,1532.jpg,no_yawn,640,480,3,RGB,1.3333,77.17,True,9a9b3d849a27cdb23a0f316bbe96bf6f,SIM_0818,train
D:\driver-drowsiness-detection\dataset\train\no_yawn\1536.jpg,1536.jpg,no_yawn,640,480,3,RGB,1.3333,72.95,True,80c739e4806028196900247f272011db,SIM_0819,train
D:\driver-drowsiness-detection\dataset\train\no_yawn\1537.jpg,1537.jpg,no_yawn,640,480,3,RGB,1.3333,71.78,True,86ee3edbec260fc0830a5cb034d80743,SIM_0820,train
D:\driver-drowsiness-detection\dataset\train\no_yawn\1538.jpg,1538.jpg,no_yawn,640,480,3,RGB,1.3333,70.95,True,d47911acefc50c6b05517038cb302a49,SIM_0821,train
D:\driver-drowsiness-detection\dataset\train\no_yawn\1541.jpg,1541.jpg,no_yawn,640,480,3,RGB,1.3333,71.62,True,c081ba0786874a571144caa01b8f15a1,SIM_0822,train
D:\driver-drowsiness-detection\dataset\train\no_yawn\1542.jpg,1542.jpg,no_yawn,640,480,3,RGB,1.3333,70.64,True,ac50a6390f6e413d277a788a9625415b,SIM_0822,train
D:\driver-drowsiness-detection\dataset\train\no_yawn\1543.jpg,1543.jpg,no_yawn,640,480,3,RGB,1.3333,50.37,True,c967f3ce619485545c61918c80e8cc2d,SIM_0823,validation
D:\driver-drowsiness-detection\dataset\train\no_yawn\1544.jpg,1544.jpg,no_yawn,640,480,3,RGB,1.3333,68.53,True,d3e4f9330053354ad99e7626c876b6ea,SIM_0824,train
D:\driver-drowsiness-detection\dataset\train\no_yawn\1558.jpg,1558.jpg,no_yawn,640,480,3,RGB,1.3333,65.07,True,d19bf87f99fe5faac30b264feef32175,SIM_0825,train
D:\driver-drowsiness-detection\dataset\train\no_yawn\1559.jpg,1559.jpg,no_yawn,640,480,3,RGB,1.3333,67.67,True,1741af02243475dd5de42a2899fab3e5,SIM_0826,train
D:\driver-drowsiness-detection\dataset\train\no_yawn\1561.jpg,1561.jpg,no_yawn,640,480,3,RGB,1.3333,83.43,True,5194569c09768c593a0d8f4e491eb677,SIM_0827,train
D:\driver-drowsiness-detection\dataset\train\no_yawn\1562.jpg,1562.jpg,no_yawn,640,480,3,RGB,1.3333,82.71,True,4fcea0b423e58e8babe96beb878f75cb,SIM_0828,train
D:\driver-drowsiness-detection\dataset\train\no_yawn\1566.jpg,1566.jpg,no_yawn,640,480,3,RGB,1.3333,82.25,True,e0c658d304a89e20bfc79bc206948333,SIM_0829,train
D:\driver-drowsiness-detection\dataset\train\no_yawn\1567.jpg,1567.jpg,no_yawn,640,480,3,RGB,1.3333,66.76,True,0104f0638ba00bff0ecabf3ea290fd18,SIM_0830,train
D:\driver-drowsiness-detection\dataset\train\no_yawn\1570.jpg,1570.jpg,no_yawn,640,480,3,RGB,1.3333,79.09,True,5e36464a88164427ca97bdb301490164,SIM_0831,test
D:\driver-drowsiness-detection\dataset\train\no_yawn\1571.jpg,1571.jpg,no_yawn,640,480,3,RGB,1.3333,82.04,True,32b020e2ffaa2a2a315d1d7596be78da,SIM_0832,train
D:\driver-drowsiness-detection\dataset\train\no_yawn\1572.jpg,1572.jpg,no_yawn,640,480,3,RGB,1.3333,79.57,True,ed1dd8a9df5aecf54bf3c4a3e0a04b87,SIM_0833,train
D:\driver-drowsiness-detection\dataset\train\no_yawn\1573.jpg,1573.jpg,no_yawn,640,480,3,RGB,1.3333,80.85,True,35c8ff103c7e77a2cd0723e2f457eab8,SIM_0834,test
D:\driver-drowsiness-detection\dataset\train\no_yawn\1574.jpg,1574.jpg,no_yawn,640,480,3,RGB,1.3333,80.16,True,d6e38811f4e010428b9009d9572cee29,SIM_0834,test
D:\driver-drowsiness-detection\dataset\train\no_yawn\1576.jpg,1576.jpg,no_yawn,640,480,3,RGB,1.3333,81.06,True,d7b43706a83d1fc82604b8b3a2a99580,SIM_0835,train
D:\driver-drowsiness-detection\dataset\train\no_yawn\1592.jpg,1592.jpg,no_yawn,640,480,3,RGB,1.3333,73.49,True,89b1290f149c639f79198dbc0061ed3f,SIM_0836,test
D:\driver-drowsiness-detection\dataset\train\no_yawn\1593.jpg,1593.jpg,no_yawn,640,480,3,RGB,1.3333,73.87,True,76f78c4c61fde2555f6ece549ef24069,SIM_0837,train
D:\driver-drowsiness-detection\dataset\train\no_yawn\1594.jpg,1594.jpg,no_yawn,640,480,3,RGB,1.3333,73.68,True,3e36a88b0ab3b4fa4a4476d643940b88,SIM_0837,train
D:\driver-drowsiness-detection\dataset\train\no_yawn\1596.jpg,1596.jpg,no_yawn,640,480,3,RGB,1.3333,73.91,True,367fa193c2068df1cd46efb825f8b8f0,SIM_0838,test
D:\driver-drowsiness-detection\dataset\train\no_yawn\1597.jpg,1597.jpg,no_yawn,640,480,3,RGB,1.3333,59.78,True,0ff0d27784a81c51f2bfd892190c14ba,SIM_0839,train
D:\driver-drowsiness-detection\dataset\train\no_yawn\1598.jpg,1598.jpg,no_yawn,640,480,3,RGB,1.3333,68.14,True,4df348567844baeb97ea9ce52f4c556b,SIM_0840,train
D:\driver-drowsiness-detection\dataset\train\no_yawn\1599.jpg,1599.jpg,no_yawn,640,480,3,RGB,1.3333,66.41,True,eee40f476fcb9d61e85cb6e7614c09cb,SIM_0841,train
D:\driver-drowsiness-detection\dataset\train\no_yawn\1600.jpg,1600.jpg,no_yawn,640,480,3,RGB,1.3333,69.3,True,026b68d2e13da2f3dd4208577f1523cc,SIM_0842,train
D:\driver-drowsiness-detection\dataset\train\no_yawn\1611.jpg,1611.jpg,no_yawn,640,480,3,RGB,1.3333,68.7,True,2bb806f8a905f0373f2ad00147895300,SIM_0843,train
D:\driver-drowsiness-detection\dataset\train\no_yawn\1627.jpg,1627.jpg,no_yawn,640,480,3,RGB,1.3333,66.26,True,4194b44e6b2df4a97d389577f257df0f,SIM_0844,validation
D:\driver-drowsiness-detection\dataset\train\no_yawn\1629.jpg,1629.jpg,no_yawn,640,480,3,RGB,1.3333,64.78,True,a77b5cdf6bf545a9b3b7736e5fe4cbd9,SIM_0845,train
D:\driver-drowsiness-detection\dataset\train\no_yawn\1630.jpg,1630.jpg,no_yawn,640,480,3,RGB,1.3333,68.36,True,7c54251aa6d3d3d718f9144e95b59e68,SIM_0846,train
D:\driver-drowsiness-detection\dataset\train\no_yawn\1641.jpg,1641.jpg,no_yawn,640,480,3,RGB,1.3333,66.53,True,eaaa009c95135be2dd00932aec73f7d3,SIM_0844,validation
D:\driver-drowsiness-detection\dataset\train\no_yawn\1642.jpg,1642.jpg,no_yawn,640,480,3,RGB,1.3333,66.91,True,3b33602c0058d737e72d9786afac7764,SIM_0846,train
D:\driver-drowsiness-detection\dataset\train\no_yawn\1643.jpg,1643.jpg,no_yawn,640,480,3,RGB,1.3333,67.89,True,bcd0c81ef5ebc83cf2cb9bd8c919cd51,SIM_0844,validation
D:\driver-drowsiness-detection\dataset\train\no_yawn\1647.jpg,1647.jpg,no_yawn,640,480,3,RGB,1.3333,62.15,True,983a391532ff70972d80c0efc91f868b,SIM_0847,validation
D:\driver-drowsiness-detection\dataset\train\no_yawn\1648.jpg,1648.jpg,no_yawn,640,480,3,RGB,1.3333,75.69,True,1f29f41b4f0347f559c8f434e8e5550a,SIM_0848,validation
D:\driver-drowsiness-detection\dataset\train\no_yawn\1651.jpg,1651.jpg,no_yawn,640,480,3,RGB,1.3333,69.67,True,373dea44fc13ebdc8f9bbf90bc34132e,SIM_0849,train
D:\driver-drowsiness-detection\dataset\train\no_yawn\1652.jpg,1652.jpg,no_yawn,640,480,3,RGB,1.3333,69.79,True,eadea353a17dbd1c9eaa4ec87d1b1020,SIM_0850,train
D:\driver-drowsiness-detection\dataset\train\no_yawn\1653.jpg,1653.jpg,no_yawn,640,480,3,RGB,1.3333,68.16,True,ca0fb05238670b5fb419db5ffa769b78,SIM_0851,train
D:\driver-drowsiness-detection\dataset\train\no_yawn\1686.jpg,1686.jpg,no_yawn,640,480,3,RGB,1.3333,61.32,True,e7f0b0f953b3d63c3ea2af541138f403,SIM_0852,validation
D:\driver-drowsiness-detection\dataset\train\no_yawn\1689.jpg,1689.jpg,no_yawn,640,480,3,RGB,1.3333,72.23,True,a15a23f346cadb117d8ef5dd3bf9120b,SIM_0852,validation
D:\driver-drowsiness-detection\dataset\train\no_yawn\1690.jpg,1690.jpg,no_yawn,640,480,3,RGB,1.3333,73.21,True,b4dd9db2d672890e30a311f79dbddb98,SIM_0852,validation
D:\driver-drowsiness-detection\dataset\train\no_yawn\1701.jpg,1701.jpg,no_yawn,640,480,3,RGB,1.3333,73.19,True,bca04edfcd1450e2d5a5bba5d5342171,SIM_0853,train
D:\driver-drowsiness-detection\dataset\train\no_yawn\1703.jpg,1703.jpg,no_yawn,640,480,3,RGB,1.3333,70.2,True,eb36b2ca11d2e889cdd801f2cd84db7d,SIM_0854,test
D:\driver-drowsiness-detection\dataset\train\no_yawn\1706.jpg,1706.jpg,no_yawn,640,480,3,RGB,1.3333,77.67,True,6ee117e315e10ca1aa2064bec0d39cb8,SIM_0855,test
D:\driver-drowsiness-detection\dataset\train\no_yawn\1707.jpg,1707.jpg,no_yawn,640,480,3,RGB,1.3333,73.47,True,dbe1a8f161834aa1fd6e9200a711f292,SIM_0856,train
D:\driver-drowsiness-detection\dataset\train\no_yawn\1708.jpg,1708.jpg,no_yawn,640,480,3,RGB,1.3333,77.74,True,b0d898748c1e41179d2a91c97ecd4538,SIM_0857,train
D:\driver-drowsiness-detection\dataset\train\no_yawn\1711.jpg,1711.jpg,no_yawn,640,480,3,RGB,1.3333,76.98,True,610e750fbd50ac2bb16c498c59f184d9,SIM_0858,train
D:\driver-drowsiness-detection\dataset\train\no_yawn\1712.jpg,1712.jpg,no_yawn,640,480,3,RGB,1.3333,79.78,True,3cf54eab34f392f0296fb8c252b1b846,SIM_0858,train
D:\driver-drowsiness-detection\dataset\train\no_yawn\1714.jpg,1714.jpg,no_yawn,640,480,3,RGB,1.3333,82.73,True,e6abeabfa3cda9926171f8ad9e0fdd33,SIM_0859,validation
D:\driver-drowsiness-detection\dataset\train\no_yawn\1736.jpg,1736.jpg,no_yawn,640,480,3,RGB,1.3333,74.12,True,eb879007293e52f216fd1c4ae3ebf632,SIM_0860,train
D:\driver-drowsiness-detection\dataset\train\no_yawn\1738.jpg,1738.jpg,no_yawn,640,480,3,RGB,1.3333,78.55,True,fb9b41cfd65d54f32701cef70e3edf8d,SIM_0861,test
D:\driver-drowsiness-detection\dataset\train\no_yawn\174.jpg,174.jpg,no_yawn,640,480,3,RGB,1.3333,75.71,True,8eb89ec83a427440e3579f83c98f7326,SIM_0862,train
D:\driver-drowsiness-detection\dataset\train\no_yawn\1740.jpg,1740.jpg,no_yawn,640,480,3,RGB,1.3333,77.87,True,4bee13e45e033f50c997b995098f3fb9,SIM_0863,train
D:\driver-drowsiness-detection\dataset\train\no_yawn\175.jpg,175.jpg,no_yawn,640,480,3,RGB,1.3333,66.81,True,8a61377638592dcdd5fd6b9dfdd8ada6,SIM_0862,train
D:\driver-drowsiness-detection\dataset\train\no_yawn\176.jpg,176.jpg,no_yawn,640,480,3,RGB,1.3333,69.92,True,c3bd2141e02d43faaef36c5c4da94b55,SIM_0864,test
D:\driver-drowsiness-detection\dataset\train\no_yawn\1763.jpg,1763.jpg,no_yawn,640,480,3,RGB,1.3333,83.09,True,32d1a69cffb2eda2256e739772440448,SIM_0865,validation
D:\driver-drowsiness-detection\dataset\train\no_yawn\1764.jpg,1764.jpg,no_yawn,640,480,3,RGB,1.3333,81.72,True,3a4802dccce6ff3aa120f633338ba4d2,SIM_0866,train
D:\driver-drowsiness-detection\dataset\train\no_yawn\1766.jpg,1766.jpg,no_yawn,640,480,3,RGB,1.3333,82.15,True,3f6fe0561b53c2e7e5985f52dbb39156,SIM_0866,train
D:\driver-drowsiness-detection\dataset\train\no_yawn\1767.jpg,1767.jpg,no_yawn,640,480,3,RGB,1.3333,80.35,True,f86327f492f5ef2596e09787f3c25885,SIM_0867,train
D:\driver-drowsiness-detection\dataset\train\no_yawn\1768.jpg,1768.jpg,no_yawn,640,480,3,RGB,1.3333,79.65,True,5e9addd699bfad4baa6b49579858a59c,SIM_0868,train
D:\driver-drowsiness-detection\dataset\train\no_yawn\1769.jpg,1769.jpg,no_yawn,640,480,3,RGB,1.3333,80.59,True,76f3cfd23cc57fbb8be0ccfbdbc27e66,SIM_0868,train
D:\driver-drowsiness-detection\dataset\train\no_yawn\177.jpg,177.jpg,no_yawn,640,480,3,RGB,1.3333,69.49,True,e5765233cd421d501a32e153efdfc393,SIM_0869,validation
D:\driver-drowsiness-detection\dataset\train\no_yawn\1771.jpg,1771.jpg,no_yawn,640,480,3,RGB,1.3333,76.58,True,1ed2d5cee1f83f1ef282028267f7a391,SIM_0868,train
D:\driver-drowsiness-detection\dataset\train\no_yawn\1777.jpg,1777.jpg,no_yawn,640,480,3,RGB,1.3333,79.24,True,c40d555633455def2f0edd98df7e154b,SIM_0868,train
D:\driver-drowsiness-detection\dataset\train\no_yawn\1778.jpg,1778.jpg,no_yawn,640,480,3,RGB,1.3333,78.98,True,e14682ca083dc22ecedb74ed93e1e386,SIM_0868,train
D:\driver-drowsiness-detection\dataset\train\no_yawn\1779.jpg,1779.jpg,no_yawn,640,480,3,RGB,1.3333,81.39,True,bb3d050d0db99d2561aa3eaa03fd868a,SIM_0868,train
D:\driver-drowsiness-detection\dataset\train\no_yawn\1780.jpg,1780.jpg,no_yawn,640,480,3,RGB,1.3333,82.1,True,bb69a02a1f9db0283329c51f91777c7c,SIM_0868,train
D:\driver-drowsiness-detection\dataset\train\no_yawn\1781.jpg,1781.jpg,no_yawn,640,480,3,RGB,1.3333,81.18,True,bcf846445c685fdba27fb1be30bb417c,SIM_0868,train
D:\driver-drowsiness-detection\dataset\train\no_yawn\1782.jpg,1782.jpg,no_yawn,640,480,3,RGB,1.3333,90.81,True,88525f9c3d55db27d9b44e874c0b910f,SIM_0870,train
D:\driver-drowsiness-detection\dataset\train\no_yawn\1783.jpg,1783.jpg,no_yawn,640,480,3,RGB,1.3333,87.43,True,b748a6412513479cf97d8e0fe6e6182c,SIM_0871,test
D:\driver-drowsiness-detection\dataset\train\no_yawn\1784.jpg,1784.jpg,no_yawn,640,480,3,RGB,1.3333,89.67,True,b0acc850706ab01bd214f9305e57792a,SIM_0872,train
D:\driver-drowsiness-detection\dataset\train\no_yawn\1788.jpg,1788.jpg,no_yawn,640,480,3,RGB,1.3333,66.75,True,254515e29af3b5ae8a68090fdf51901c,SIM_0873,train
D:\driver-drowsiness-detection\dataset\train\no_yawn\179.jpg,179.jpg,no_yawn,640,480,3,RGB,1.3333,72.05,True,4682b969b13194e3b297d67afe143c5d,SIM_0874,train
D:\driver-drowsiness-detection\dataset\train\no_yawn\1802.jpg,1802.jpg,no_yawn,640,480,3,RGB,1.3333,80.3,True,3fd201728545d4f1c4e09214bf7b8ea6,SIM_0875,train
D:\driver-drowsiness-detection\dataset\train\no_yawn\1803.jpg,1803.jpg,no_yawn,640,480,3,RGB,1.3333,84.13,True,e8cb646cbba823d128c556a250e31a34,SIM_0876,train
D:\driver-drowsiness-detection\dataset\train\no_yawn\1804.jpg,1804.jpg,no_yawn,640,480,3,RGB,1.3333,86.72,True,0a1acbf64bd28726e32279a5b5b66ff8,SIM_0877,test
D:\driver-drowsiness-detection\dataset\train\no_yawn\1816.jpg,1816.jpg,no_yawn,640,480,3,RGB,1.3333,71.1,True,3d1984c6fe313b01b9b79684c1b80c8c,SIM_0878,test
D:\driver-drowsiness-detection\dataset\train\no_yawn\1817.jpg,1817.jpg,no_yawn,640,480,3,RGB,1.3333,71.55,True,b56873de3d44def53dc7d2026daa3f8d,SIM_0879,test
D:\driver-drowsiness-detection\dataset\train\no_yawn\1820.jpg,1820.jpg,no_yawn,640,480,3,RGB,1.3333,67.85,True,be333793a4f9dc63c1671abf87fe02db,SIM_0880,train
D:\driver-drowsiness-detection\dataset\train\no_yawn\1851.jpg,1851.jpg,no_yawn,640,480,3,RGB,1.3333,71.72,True,fa49ff45e08687ddb5adcb424efb4e76,SIM_0881,test
D:\driver-drowsiness-detection\dataset\train\no_yawn\1852.jpg,1852.jpg,no_yawn,640,480,3,RGB,1.3333,72.01,True,baff7119963938073a8bb257822e7844,SIM_0882,train
D:\driver-drowsiness-detection\dataset\train\no_yawn\1856.jpg,1856.jpg,no_yawn,640,480,3,RGB,1.3333,69.58,True,fa62a19bce14d34da24bbbd3e482c284,SIM_0883,train
D:\driver-drowsiness-detection\dataset\train\no_yawn\1857.jpg,1857.jpg,no_yawn,640,480,3,RGB,1.3333,67.34,True,d1c4ea40ee90b6d78c7a7c3e1a633f80,SIM_0884,train
D:\driver-drowsiness-detection\dataset\train\no_yawn\1859.jpg,1859.jpg,no_yawn,640,480,3,RGB,1.3333,71.5,True,4f788a7881f5fc0a914109241c70bbe1,SIM_0885,validation
D:\driver-drowsiness-detection\dataset\train\no_yawn\1862.jpg,1862.jpg,no_yawn,640,480,3,RGB,1.3333,65.36,True,f3a0df3a97e2bc09c9d2e4e0556a6836,SIM_0886,validation
D:\driver-drowsiness-detection\dataset\train\no_yawn\1863.jpg,1863.jpg,no_yawn,640,480,3,RGB,1.3333,77.29,True,ea54fa49c1636fbf558a5a09b0ff8c34,SIM_0887,train
D:\driver-drowsiness-detection\dataset\train\no_yawn\1864.jpg,1864.jpg,no_yawn,640,480,3,RGB,1.3333,78.22,True,dd761f3cef6829f8079926dc3cbef3cc,SIM_0888,train
D:\driver-drowsiness-detection\dataset\train\no_yawn\1866.jpg,1866.jpg,no_yawn,640,480,3,RGB,1.3333,83.21,True,12205c56adacc021ba242ba8623ba8be,SIM_0889,train
D:\driver-drowsiness-detection\dataset\train\no_yawn\1867.jpg,1867.jpg,no_yawn,640,480,3,RGB,1.3333,79.59,True,a8033df5bdce0d1207fff7341f96d4bd,SIM_0890,train
D:\driver-drowsiness-detection\dataset\train\no_yawn\1870.jpg,1870.jpg,no_yawn,640,480,3,RGB,1.3333,79.69,True,f5b6c281df7403adea34a9882e863230,SIM_0891,train
D:\driver-drowsiness-detection\dataset\train\no_yawn\1871.jpg,1871.jpg,no_yawn,640,480,3,RGB,1.3333,81.03,True,c59ea178ee850b7cae77220d216a0a16,SIM_0892,train
D:\driver-drowsiness-detection\dataset\train\no_yawn\1874.jpg,1874.jpg,no_yawn,640,480,3,RGB,1.3333,61.76,True,501b8e8192f07d845990fd3def237406,SIM_0893,train
D:\driver-drowsiness-detection\dataset\train\no_yawn\1876.jpg,1876.jpg,no_yawn,640,480,3,RGB,1.3333,74.6,True,9fb7bd574f234c6182278b9565bbdf1e,SIM_0894,train
D:\driver-drowsiness-detection\dataset\train\no_yawn\1878.jpg,1878.jpg,no_yawn,640,480,3,RGB,1.3333,77.77,True,b8465dc34d0d3ecc9804f7576fa77c4a,SIM_0895,validation
D:\driver-drowsiness-detection\dataset\train\no_yawn\1879.jpg,1879.jpg,no_yawn,640,480,3,RGB,1.3333,79.06,True,a6717c397f3ea411e92fdde57f15991f,SIM_0896,train
D:\driver-drowsiness-detection\dataset\train\no_yawn\1880.jpg,1880.jpg,no_yawn,640,480,3,RGB,1.3333,78.69,True,dfbdf0627bc6fc78f6ec439d4a77d008,SIM_0897,test
D:\driver-drowsiness-detection\dataset\train\no_yawn\1891.jpg,1891.jpg,no_yawn,640,480,3,RGB,1.3333,71.21,True,07b29f2a7a4d929caddcf487232209b5,SIM_0898,validation
D:\driver-drowsiness-detection\dataset\train\no_yawn\1893.jpg,1893.jpg,no_yawn,640,480,3,RGB,1.3333,71.76,True,7fe6651ae8af8919fa21226aed1f90ef,SIM_0899,train
D:\driver-drowsiness-detection\dataset\train\no_yawn\1897.jpg,1897.jpg,no_yawn,640,480,3,RGB,1.3333,65.36,True,41def28a83f59b2e7755455d9676c23b,SIM_0900,validation
D:\driver-drowsiness-detection\dataset\train\no_yawn\1898.jpg,1898.jpg,no_yawn,640,480,3,RGB,1.3333,68.6,True,4185ff842122bc4f98c740bc84f439e2,SIM_0901,train
D:\driver-drowsiness-detection\dataset\train\no_yawn\1899.jpg,1899.jpg,no_yawn,640,480,3,RGB,1.3333,67.42,True,e556f732d92fd9a3d82c85e5b78fc082,SIM_0902,train
D:\driver-drowsiness-detection\dataset\train\no_yawn\1900.jpg,1900.jpg,no_yawn,640,480,3,RGB,1.3333,70.42,True,ae915b1283766211f2b81dc8e109ecf9,SIM_0903,train
D:\driver-drowsiness-detection\dataset\train\no_yawn\1911.jpg,1911.jpg,no_yawn,640,480,3,RGB,1.3333,84.37,True,2a4c5636f0c78a16562e02b4b992598b,SIM_0904,train
D:\driver-drowsiness-detection\dataset\train\no_yawn\1913.jpg,1913.jpg,no_yawn,640,480,3,RGB,1.3333,85.29,True,a7f15ecf99415cb2215b54b8d1eb641a,SIM_0905,train
D:\driver-drowsiness-detection\dataset\train\no_yawn\1914.jpg,1914.jpg,no_yawn,640,480,3,RGB,1.3333,84.44,True,4850f49ae7c385e551429396895de171,SIM_0906,train
D:\driver-drowsiness-detection\dataset\train\no_yawn\1916.jpg,1916.jpg,no_yawn,640,480,3,RGB,1.3333,84.95,True,8cfde74c8fe259246bf06e278998bf91,SIM_0907,train
D:\driver-drowsiness-detection\dataset\train\no_yawn\1931.jpg,1931.jpg,no_yawn,640,480,3,RGB,1.3333,85.13,True,da2da37450e04f884976e7a0fcbcc3e5,SIM_0908,train
D:\driver-drowsiness-detection\dataset\train\no_yawn\1932.jpg,1932.jpg,no_yawn,640,480,3,RGB,1.3333,71.99,True,c8a35ceb100766f47c295bb98bf53b36,SIM_0909,train
D:\driver-drowsiness-detection\dataset\train\no_yawn\1933.jpg,1933.jpg,no_yawn,640,480,3,RGB,1.3333,69.95,True,465fc7c5bf89737608583a900d89616a,SIM_0910,train
D:\driver-drowsiness-detection\dataset\train\no_yawn\1934.jpg,1934.jpg,no_yawn,640,480,3,RGB,1.3333,69.57,True,8d7dc8c7f8b29d0d7d0a8ae5cca0c067,SIM_0911,train
D:\driver-drowsiness-detection\dataset\train\no_yawn\1936.jpg,1936.jpg,no_yawn,640,480,3,RGB,1.3333,71.27,True,d1d1f7ce1c3c0e69e06049298684b196,SIM_0912,train
D:\driver-drowsiness-detection\dataset\train\no_yawn\1937.jpg,1937.jpg,no_yawn,640,480,3,RGB,1.3333,70.83,True,01cc2d37b2f73ae04babde03d7fa80b1,SIM_0913,train
D:\driver-drowsiness-detection\dataset\train\no_yawn\1938.jpg,1938.jpg,no_yawn,640,480,3,RGB,1.3333,58.41,True,93da3fa56e303c46c2880a7e63af3a19,SIM_0914,train
D:\driver-drowsiness-detection\dataset\train\no_yawn\1942.jpg,1942.jpg,no_yawn,640,480,3,RGB,1.3333,66.22,True,d5e6146907b201bcc5b859187324ad6b,SIM_0915,train
D:\driver-drowsiness-detection\dataset\train\no_yawn\1946.jpg,1946.jpg,no_yawn,640,480,3,RGB,1.3333,68.38,True,4e192d9f478768ae376a17829261ddba,SIM_0916,train
D:\driver-drowsiness-detection\dataset\train\no_yawn\1947.jpg,1947.jpg,no_yawn,640,480,3,RGB,1.3333,68.8,True,770a0ace024cccd4e077735321627131,SIM_0916,train
D:\driver-drowsiness-detection\dataset\train\no_yawn\1948.jpg,1948.jpg,no_yawn,640,480,3,RGB,1.3333,68.83,True,438e3a3b7b338c5574889138c5c1bcc2,SIM_0917,train
D:\driver-drowsiness-detection\dataset\train\no_yawn\1949.jpg,1949.jpg,no_yawn,640,480,3,RGB,1.3333,69.98,True,80f59b2f9545574abad4a6fdff412b2f,SIM_0918,validation
D:\driver-drowsiness-detection\dataset\train\no_yawn\1950.jpg,1950.jpg,no_yawn,640,480,3,RGB,1.3333,58.72,True,14035d62e30ed6f66a907ed7206667d2,SIM_0919,validation
D:\driver-drowsiness-detection\dataset\train\no_yawn\1963.jpg,1963.jpg,no_yawn,640,480,3,RGB,1.3333,68.37,True,efc1eb99057f8df8719a02fad7b3d7ad,SIM_0920,train
D:\driver-drowsiness-detection\dataset\train\no_yawn\1964.jpg,1964.jpg,no_yawn,640,480,3,RGB,1.3333,71.21,True,fa0889d860e391bd1831b71eceb8078b,SIM_0921,test
D:\driver-drowsiness-detection\dataset\train\no_yawn\1966.jpg,1966.jpg,no_yawn,640,480,3,RGB,1.3333,68.85,True,57e09ded794b7b318b5e69517f5c5c7a,SIM_0922,train
D:\driver-drowsiness-detection\dataset\train\no_yawn\1967.jpg,1967.jpg,no_yawn,640,480,3,RGB,1.3333,71.35,True,9577d147f676f88641744577d03b0482,SIM_0922,train
D:\driver-drowsiness-detection\dataset\train\no_yawn\1981.jpg,1981.jpg,no_yawn,640,480,3,RGB,1.3333,75.46,True,b3eb501b0aecddee4423e779892ac84e,SIM_0923,train
D:\driver-drowsiness-detection\dataset\train\no_yawn\1982.jpg,1982.jpg,no_yawn,640,480,3,RGB,1.3333,77.39,True,e038948bb8d74db9bb87585138f5c637,SIM_0924,train
D:\driver-drowsiness-detection\dataset\train\no_yawn\1986.jpg,1986.jpg,no_yawn,640,480,3,RGB,1.3333,73.29,True,2fbddcb07b235afc587348d44cec3efd,SIM_0925,validation
D:\driver-drowsiness-detection\dataset\train\no_yawn\1987.jpg,1987.jpg,no_yawn,640,480,3,RGB,1.3333,72.45,True,a23c8c4fffedfe6f126e5f5e48409622,SIM_0925,validation
D:\driver-drowsiness-detection\dataset\train\no_yawn\1988.jpg,1988.jpg,no_yawn,640,480,3,RGB,1.3333,74.32,True,59fb8be857671f50da9348096b20841c,SIM_0925,validation
D:\driver-drowsiness-detection\dataset\train\no_yawn\1989.jpg,1989.jpg,no_yawn,640,480,3,RGB,1.3333,74.2,True,99d49cfbc6efb296a4df074765090390,SIM_0926,train
D:\driver-drowsiness-detection\dataset\train\no_yawn\1990.jpg,1990.jpg,no_yawn,640,480,3,RGB,1.3333,75.41,True,8292351af0a79c24ae111680556991f6,SIM_0924,train
D:\driver-drowsiness-detection\dataset\train\no_yawn\2.jpg,2.jpg,no_yawn,640,480,3,RGB,1.3333,68.25,True,64722fb6cf49fbc471780c85941f47ed,SIM_0727,train
D:\driver-drowsiness-detection\dataset\train\no_yawn\2001.jpg,2001.jpg,no_yawn,640,480,3,RGB,1.3333,76.19,True,256a6c18f66c3f8608f2e5946517743f,SIM_0927,train
D:\driver-drowsiness-detection\dataset\train\no_yawn\2004.jpg,2004.jpg,no_yawn,640,480,3,RGB,1.3333,75.12,True,a7ac664b114467b298da45e5a6103b70,SIM_0927,train
D:\driver-drowsiness-detection\dataset\train\no_yawn\2008.jpg,2008.jpg,no_yawn,640,480,3,RGB,1.3333,67.48,True,6d512c4266f153f8d397b00059a00df4,SIM_0928,train
D:\driver-drowsiness-detection\dataset\train\no_yawn\2009.jpg,2009.jpg,no_yawn,640,480,3,RGB,1.3333,69.76,True,f06742bbb601e6cd3202fe3697756c1c,SIM_0928,train
D:\driver-drowsiness-detection\dataset\train\no_yawn\201.jpg,201.jpg,no_yawn,640,480,3,RGB,1.3333,67.95,True,ca1cc7c62377e9cf9f4a6215986ec97c,SIM_0929,validation
D:\driver-drowsiness-detection\dataset\train\no_yawn\2010.jpg,2010.jpg,no_yawn,640,480,3,RGB,1.3333,72.22,True,32eb998116be889c4d36a4d8b150cf67,SIM_0930,train
D:\driver-drowsiness-detection\dataset\train\no_yawn\2011.jpg,2011.jpg,no_yawn,640,480,3,RGB,1.3333,74.3,True,5c7d860c33a5d3b66de529b46394a51d,SIM_0931,train
D:\driver-drowsiness-detection\dataset\train\no_yawn\2012.jpg,2012.jpg,no_yawn,640,480,3,RGB,1.3333,74.16,True,04857b1a732932247be3d7a1b320a33c,SIM_0931,train
D:\driver-drowsiness-detection\dataset\train\no_yawn\2013.jpg,2013.jpg,no_yawn,640,480,3,RGB,1.3333,72.17,True,c9f9ee761d51af49f196f52be2b41f2d,SIM_0931,train
D:\driver-drowsiness-detection\dataset\train\no_yawn\2014.jpg,2014.jpg,no_yawn,640,480,3,RGB,1.3333,73.2,True,17274c6012ccab1e07b5e05419803ab4,SIM_0931,train
D:\driver-drowsiness-detection\dataset\train\no_yawn\2016.jpg,2016.jpg,no_yawn,640,480,3,RGB,1.3333,72.64,True,89372945c34dcac35fff4742e6577bad,SIM_0931,train
D:\driver-drowsiness-detection\dataset\train\no_yawn\202.jpg,202.jpg,no_yawn,640,480,3,RGB,1.3333,67.74,True,ae6942d803e8ef5a6f54610d115a3506,SIM_0929,validation
D:\driver-drowsiness-detection\dataset\train\no_yawn\2031.jpg,2031.jpg,no_yawn,640,480,3,RGB,1.3333,64.01,True,0fd77816200806e0444e5edf6a1611d6,SIM_0931,train
D:\driver-drowsiness-detection\dataset\train\no_yawn\2032.jpg,2032.jpg,no_yawn,640,480,3,RGB,1.3333,68.64,True,35ccdbf639855ef4f86f293ba3b157e2,SIM_0932,train
D:\driver-drowsiness-detection\dataset\train\no_yawn\2033.jpg,2033.jpg,no_yawn,640,480,3,RGB,1.3333,69.62,True,a96ba65593bac00116e2a405738805a9,SIM_0932,train
D:\driver-drowsiness-detection\dataset\train\no_yawn\2034.jpg,2034.jpg,no_yawn,640,480,3,RGB,1.3333,69.21,True,103fc4ce6b3138f092ecde5bf338393a,SIM_0932,train
D:\driver-drowsiness-detection\dataset\train\no_yawn\205.jpg,205.jpg,no_yawn,640,480,3,RGB,1.3333,68.22,True,07632afbf6ae7493cfaa99ce42ff479a,SIM_0929,validation
D:\driver-drowsiness-detection\dataset\train\no_yawn\2056.jpg,2056.jpg,no_yawn,640,480,3,RGB,1.3333,80.29,True,96b397e3411726aec36ac54a4de765fa,SIM_0933,train
D:\driver-drowsiness-detection\dataset\train\no_yawn\2057.jpg,2057.jpg,no_yawn,640,480,3,RGB,1.3333,83.06,True,95c8ac33e1f375a3d412d3ed1ecdfa0a,SIM_0933,train
D:\driver-drowsiness-detection\dataset\train\no_yawn\2058.jpg,2058.jpg,no_yawn,640,480,3,RGB,1.3333,83.39,True,d1345282041f2bf67d643da7b633e359,SIM_0934,validation
D:\driver-drowsiness-detection\dataset\train\no_yawn\2059.jpg,2059.jpg,no_yawn,640,480,3,RGB,1.3333,81.88,True,a9447159b9d83bd7d20a544c9d2a8c73,SIM_0935,train
D:\driver-drowsiness-detection\dataset\train\no_yawn\206.jpg,206.jpg,no_yawn,640,480,3,RGB,1.3333,68.19,True,0deb03b249ec78365f4636980a99789b,SIM_0929,validation
D:\driver-drowsiness-detection\dataset\train\no_yawn\2062.jpg,2062.jpg,no_yawn,640,480,3,RGB,1.3333,77.31,True,d77d45797599c7f300206d6962410ff4,SIM_0936,train
D:\driver-drowsiness-detection\dataset\train\no_yawn\2066.jpg,2066.jpg,no_yawn,640,480,3,RGB,1.3333,83.2,True,87d3c10c867884ae7e7d593ac2a23dcd,SIM_0937,validation
D:\driver-drowsiness-detection\dataset\train\no_yawn\2067.jpg,2067.jpg,no_yawn,640,480,3,RGB,1.3333,80.48,True,a396ebcfd7bf83348b8358ba77ef7c86,SIM_0937,validation
D:\driver-drowsiness-detection\dataset\train\no_yawn\2068.jpg,2068.jpg,no_yawn,640,480,3,RGB,1.3333,82.06,True,afef724fb59ba4c2010691e4bd1d8c20,SIM_0937,validation
D:\driver-drowsiness-detection\dataset\train\no_yawn\2069.jpg,2069.jpg,no_yawn,640,480,3,RGB,1.3333,82.17,True,2b36c350f9212d10448ffff30495d502,SIM_0937,validation
D:\driver-drowsiness-detection\dataset\train\no_yawn\2070.jpg,2070.jpg,no_yawn,640,480,3,RGB,1.3333,81.48,True,d7ec6c6dadebff498ca0ed9295dec860,SIM_0937,validation
D:\driver-drowsiness-detection\dataset\train\no_yawn\2071.jpg,2071.jpg,no_yawn,640,480,3,RGB,1.3333,68.5,True,dc50f6aadf3d25460159839e9ced3cc0,SIM_0937,validation
D:\driver-drowsiness-detection\dataset\train\no_yawn\2074.jpg,2074.jpg,no_yawn,640,480,3,RGB,1.3333,79.99,True,002ef03163d8ef79847a2889965f8af2,SIM_0937,validation
D:\driver-drowsiness-detection\dataset\train\no_yawn\208.jpg,208.jpg,no_yawn,640,480,3,RGB,1.3333,62.3,True,fdb87a1f0349811c14983f561bccf589,SIM_0938,train
D:\driver-drowsiness-detection\dataset\train\no_yawn\2086.jpg,2086.jpg,no_yawn,640,480,3,RGB,1.3333,68.82,True,4bab0cd07af49ebcf897656ab88f8923,SIM_0939,train
D:\driver-drowsiness-detection\dataset\train\no_yawn\2087.jpg,2087.jpg,no_yawn,640,480,3,RGB,1.3333,70.7,True,30661252334b3061a1347bced24eb1fe,SIM_0940,train
D:\driver-drowsiness-detection\dataset\train\no_yawn\209.jpg,209.jpg,no_yawn,640,480,3,RGB,1.3333,62.96,True,336e5c7e6011a119052f6a0c7a7f9427,SIM_0941,train
D:\driver-drowsiness-detection\dataset\train\no_yawn\2090.jpg,2090.jpg,no_yawn,640,480,3,RGB,1.3333,72.47,True,b19924c41cd5eddd541b772a55710fe7,SIM_0940,train
D:\driver-drowsiness-detection\dataset\train\no_yawn\2091.jpg,2091.jpg,no_yawn,640,480,3,RGB,1.3333,71.85,True,3a73365bf7e768e8509c80627dfb3649,SIM_0940,train
D:\driver-drowsiness-detection\dataset\train\no_yawn\2092.jpg,2092.jpg,no_yawn,640,480,3,RGB,1.3333,72.67,True,156ef3e59026fef237e0cb35f4d89bf7,SIM_0942,train
D:\driver-drowsiness-detection\dataset\train\no_yawn\2093.jpg,2093.jpg,no_yawn,640,480,3,RGB,1.3333,72.72,True,973d738b1d4ca56b45945709bad366f9,SIM_0940,train
D:\driver-drowsiness-detection\dataset\train\no_yawn\2107.jpg,2107.jpg,no_yawn,640,480,3,RGB,1.3333,79.59,True,5f3a25ae3fb49b6731639206f10ebd23,SIM_0943,train
D:\driver-drowsiness-detection\dataset\train\no_yawn\2108.jpg,2108.jpg,no_yawn,640,480,3,RGB,1.3333,80.93,True,8ff2fce966fb9d5160d7f2d693d88d0e,SIM_0944,train
D:\driver-drowsiness-detection\dataset\train\no_yawn\2109.jpg,2109.jpg,no_yawn,640,480,3,RGB,1.3333,82.85,True,bbe2604298f0656b96918a4245e00720,SIM_0945,train
D:\driver-drowsiness-detection\dataset\train\no_yawn\211.jpg,211.jpg,no_yawn,640,480,3,RGB,1.3333,68.86,True,7fdf5a1ea9b4f92cdeab37ba06a9a1ef,SIM_0946,train
D:\driver-drowsiness-detection\dataset\train\no_yawn\2110.jpg,2110.jpg,no_yawn,640,480,3,RGB,1.3333,80.23,True,96669fb8b247f82c4f071648669616c0,SIM_0947,validation
D:\driver-drowsiness-detection\dataset\train\no_yawn\212.jpg,212.jpg,no_yawn,640,480,3,RGB,1.3333,67.64,True,a406eb62bb4b459ca1a3ce8c4397b29c,SIM_0948,train
D:\driver-drowsiness-detection\dataset\train\no_yawn\2121.jpg,2121.jpg,no_yawn,640,480,3,RGB,1.3333,76.44,True,5904a7b466d498d96e0d11f7acfa1dee,SIM_0949,train
D:\driver-drowsiness-detection\dataset\train\no_yawn\2124.jpg,2124.jpg,no_yawn,640,480,3,RGB,1.3333,81.41,True,03527ccd8d46f26948bb73e0deca6b1e,SIM_0950,train
D:\driver-drowsiness-detection\dataset\train\no_yawn\2126.jpg,2126.jpg,no_yawn,640,480,3,RGB,1.3333,81.18,True,1d24f025946eb762e6274f9bd32c1e41,SIM_0951,validation
D:\driver-drowsiness-detection\dataset\train\no_yawn\2129.jpg,2129.jpg,no_yawn,640,480,3,RGB,1.3333,75.23,True,3f42fc5a099d7971e37e9eb905f6fc75,SIM_0952,train
D:\driver-drowsiness-detection\dataset\train\no_yawn\213.jpg,213.jpg,no_yawn,640,480,3,RGB,1.3333,69.35,True,fba1b690ad8709ea961a00c77f7753da,SIM_0953,train
D:\driver-drowsiness-detection\dataset\train\no_yawn\2130.jpg,2130.jpg,no_yawn,640,480,3,RGB,1.3333,85.06,True,f82772898a012063655060e06b92949f,SIM_0954,train
D:\driver-drowsiness-detection\dataset\train\no_yawn\2131.jpg,2131.jpg,no_yawn,640,480,3,RGB,1.3333,81.91,True,395eea62079aadba596aec5ae67d0260,SIM_0955,test
D:\driver-drowsiness-detection\dataset\train\no_yawn\2132.jpg,2132.jpg,no_yawn,640,480,3,RGB,1.3333,79.81,True,21c93a728db7d3a9d4b23c3fc1737de2,SIM_0956,test
D:\driver-drowsiness-detection\dataset\train\no_yawn\2133.jpg,2133.jpg,no_yawn,640,480,3,RGB,1.3333,68.54,True,51d01f2ed0272eb7732b733d43f1ca1b,SIM_0957,test
D:\driver-drowsiness-detection\dataset\train\no_yawn\2134.jpg,2134.jpg,no_yawn,640,480,3,RGB,1.3333,75.98,True,abeb50a1fdb68d1c673d02608aeb9da4,SIM_0958,test
D:\driver-drowsiness-detection\dataset\train\no_yawn\2136.jpg,2136.jpg,no_yawn,640,480,3,RGB,1.3333,77.86,True,31a6088b9599e0ac9236c80342123a24,SIM_0959,train
D:\driver-drowsiness-detection\dataset\train\no_yawn\2151.jpg,2151.jpg,no_yawn,640,480,3,RGB,1.3333,75.68,True,cab148846eb648a17384707499b3517d,SIM_0960,test
D:\driver-drowsiness-detection\dataset\train\no_yawn\2152.jpg,2152.jpg,no_yawn,640,480,3,RGB,1.3333,74.53,True,9ee809e6df8c884ed37957cf28c71271,SIM_0961,test
D:\driver-drowsiness-detection\dataset\train\no_yawn\2153.jpg,2153.jpg,no_yawn,640,480,3,RGB,1.3333,75.45,True,673677637055cf6e6beb9defd20a7c8e,SIM_0961,test
D:\driver-drowsiness-detection\dataset\train\no_yawn\2154.jpg,2154.jpg,no_yawn,640,480,3,RGB,1.3333,74.71,True,899985199183768065c0c4dbf3476307,SIM_0962,train
D:\driver-drowsiness-detection\dataset\train\no_yawn\2156.jpg,2156.jpg,no_yawn,640,480,3,RGB,1.3333,78.12,True,da6df25c0a394744e5ce96afd4b2c7d1,SIM_0963,train
D:\driver-drowsiness-detection\dataset\train\no_yawn\2157.jpg,2157.jpg,no_yawn,640,480,3,RGB,1.3333,78.24,True,79e2637ce41ee5c84b2b595e57bb0e92,SIM_0963,train
D:\driver-drowsiness-detection\dataset\train\no_yawn\2158.jpg,2158.jpg,no_yawn,640,480,3,RGB,1.3333,74.5,True,b118d3245a3be878c9b1751db6f63d8b,SIM_0961,test
D:\driver-drowsiness-detection\dataset\train\no_yawn\2159.jpg,2159.jpg,no_yawn,640,480,3,RGB,1.3333,62.01,True,4b81928d8285dfd910221989ea075163,SIM_0964,train
D:\driver-drowsiness-detection\dataset\train\no_yawn\2160.jpg,2160.jpg,no_yawn,640,480,3,RGB,1.3333,67.89,True,501659550ddc9916970b3b376b6a4d8e,SIM_0961,test
D:\driver-drowsiness-detection\dataset\train\no_yawn\217.jpg,217.jpg,no_yawn,640,480,3,RGB,1.3333,73.94,True,92fb52998fd6c93b6fec7a66d54512e3,SIM_0965,train
D:\driver-drowsiness-detection\dataset\train\no_yawn\218.jpg,218.jpg,no_yawn,640,480,3,RGB,1.3333,70.09,True,c776780b119fe8b355d1453f96c57dd2,SIM_0965,train
D:\driver-drowsiness-detection\dataset\train\no_yawn\219.jpg,219.jpg,no_yawn,640,480,3,RGB,1.3333,61.69,True,fe2b2da936a0b8284c339d77430241cb,SIM_0966,train
D:\driver-drowsiness-detection\dataset\train\no_yawn\2196.jpg,2196.jpg,no_yawn,640,480,3,RGB,1.3333,86.25,True,ba6f9f492d48852776b9fef0ef81b096,SIM_0967,validation
D:\driver-drowsiness-detection\dataset\train\no_yawn\2197.jpg,2197.jpg,no_yawn,640,480,3,RGB,1.3333,86.96,True,6a0bcdd561587bf71766265cd3f91eba,SIM_0968,validation
D:\driver-drowsiness-detection\dataset\train\no_yawn\2198.jpg,2198.jpg,no_yawn,640,480,3,RGB,1.3333,87.69,True,7e8537e1ad8209d876bc2f5cf3c08715,SIM_0969,train
D:\driver-drowsiness-detection\dataset\train\no_yawn\2199.jpg,2199.jpg,no_yawn,640,480,3,RGB,1.3333,86.08,True,d9028e43554097539d4d005ffe7cc6be,SIM_0970,train
D:\driver-drowsiness-detection\dataset\train\no_yawn\2200.jpg,2200.jpg,no_yawn,640,480,3,RGB,1.3333,86.12,True,60e96ab9d1eb99ea79b93a1f6804caa9,SIM_0971,train
D:\driver-drowsiness-detection\dataset\train\no_yawn\2201.jpg,2201.jpg,no_yawn,640,480,3,RGB,1.3333,86.53,True,fb109d26872c05fae7e517f78c2ccf84,SIM_0972,test
D:\driver-drowsiness-detection\dataset\train\no_yawn\2202.jpg,2202.jpg,no_yawn,640,480,3,RGB,1.3333,86.48,True,f7577398f79a9e09f8940c9083722fff,SIM_0972,test
D:\driver-drowsiness-detection\dataset\train\no_yawn\221.jpg,221.jpg,no_yawn,640,480,3,RGB,1.3333,67.22,True,b0afb65986cfaf0cd29833af53756725,SIM_0973,test
D:\driver-drowsiness-detection\dataset\train\no_yawn\2216.jpg,2216.jpg,no_yawn,640,480,3,RGB,1.3333,80.49,True,dc4afe6422ff6190d1548d71c85e15bf,SIM_0974,train
D:\driver-drowsiness-detection\dataset\train\no_yawn\2217.jpg,2217.jpg,no_yawn,640,480,3,RGB,1.3333,81.13,True,87c11f2c2ce10289e5a02b98d55bbe3a,SIM_0975,train
D:\driver-drowsiness-detection\dataset\train\no_yawn\2220.jpg,2220.jpg,no_yawn,640,480,3,RGB,1.3333,73.12,True,e6bca929244e97235818e7165bfea6dc,SIM_0976,test
D:\driver-drowsiness-detection\dataset\train\no_yawn\2221.jpg,2221.jpg,no_yawn,640,480,3,RGB,1.3333,77.62,True,d64f641897f7f8c442e0ce626a40a10c,SIM_0977,train
D:\driver-drowsiness-detection\dataset\train\no_yawn\2222.jpg,2222.jpg,no_yawn,640,480,3,RGB,1.3333,76.52,True,15b34ccd8fb6ce2efd3cf9b0bf4f8678,SIM_0978,validation
D:\driver-drowsiness-detection\dataset\train\no_yawn\2223.jpg,2223.jpg,no_yawn,640,480,3,RGB,1.3333,79.28,True,33fb08f190ec1ec7ecc4d6e415e92e52,SIM_0979,train
D:\driver-drowsiness-detection\dataset\train\no_yawn\2224.jpg,2224.jpg,no_yawn,640,480,3,RGB,1.3333,80.24,True,ed3aafbf2a68ca5a2967aed13ba6ad20,SIM_0980,train
D:\driver-drowsiness-detection\dataset\train\no_yawn\2228.jpg,2228.jpg,no_yawn,640,480,3,RGB,1.3333,79.84,True,582e403ce85ce0c8f29f8ef2b1865da2,SIM_0981,test
D:\driver-drowsiness-detection\dataset\train\no_yawn\2229.jpg,2229.jpg,no_yawn,640,480,3,RGB,1.3333,80.69,True,3c8fe6ec65398a45fa4ab554fe6f4882,SIM_0982,train
D:\driver-drowsiness-detection\dataset\train\no_yawn\223.jpg,223.jpg,no_yawn,640,480,3,RGB,1.3333,70.28,True,0bb9dc2517fa6e22c8799c6cf7ed511e,SIM_0983,validation
D:\driver-drowsiness-detection\dataset\train\no_yawn\2230.jpg,2230.jpg,no_yawn,640,480,3,RGB,1.3333,78.06,True,feef388a9cdf20822438a46b0c0e6677,SIM_0984,validation
D:\driver-drowsiness-detection\dataset\train\no_yawn\224.jpg,224.jpg,no_yawn,640,480,3,RGB,1.3333,70.76,True,5e288d1cccc6b5c2be1b4c4b69f7c151,SIM_0983,validation
D:\driver-drowsiness-detection\dataset\train\no_yawn\2241.jpg,2241.jpg,no_yawn,640,480,3,RGB,1.3333,84.13,True,41d26ba956b191f60bcd5952c20b8a06,SIM_0985,validation
D:\driver-drowsiness-detection\dataset\train\no_yawn\2244.jpg,2244.jpg,no_yawn,640,480,3,RGB,1.3333,84.4,True,50f6c6e05333e295ab366c50a2e80015,SIM_0986,train
D:\driver-drowsiness-detection\dataset\train\no_yawn\2246.jpg,2246.jpg,no_yawn,640,480,3,RGB,1.3333,83.39,True,7e446b3dda895d999b734fc8a74de1d6,SIM_0987,train
D:\driver-drowsiness-detection\dataset\train\no_yawn\2247.jpg,2247.jpg,no_yawn,640,480,3,RGB,1.3333,82.7,True,6c04a730445ac788908bcb61c17ac90d,SIM_0988,train
D:\driver-drowsiness-detection\dataset\train\no_yawn\225.jpg,225.jpg,no_yawn,640,480,3,RGB,1.3333,64.88,True,733480fb4b90a58c914930fc1f7a6f3d,SIM_0983,validation
D:\driver-drowsiness-detection\dataset\train\no_yawn\2250.jpg,2250.jpg,no_yawn,640,480,3,RGB,1.3333,83.71,True,2bc39d3d5dd540efe8e7fd904ccfddee,SIM_0989,train
D:\driver-drowsiness-detection\dataset\train\no_yawn\2251.jpg,2251.jpg,no_yawn,640,480,3,RGB,1.3333,65.4,True,726026d46229d3ac724075b67624d3b2,SIM_0990,train
D:\driver-drowsiness-detection\dataset\train\no_yawn\2252.jpg,2252.jpg,no_yawn,640,480,3,RGB,1.3333,77.97,True,bc0c794eb7d4500480aca3b334d0e064,SIM_0991,train
D:\driver-drowsiness-detection\dataset\train\no_yawn\2253.jpg,2253.jpg,no_yawn,640,480,3,RGB,1.3333,81.82,True,bed43ec3402af43a45aa75674ba054de,SIM_0992,test
D:\driver-drowsiness-detection\dataset\train\no_yawn\2254.jpg,2254.jpg,no_yawn,640,480,3,RGB,1.3333,80.27,True,30b910a7f1efc3546e809ccfc0c9b509,SIM_0993,test
D:\driver-drowsiness-detection\dataset\train\no_yawn\2256.jpg,2256.jpg,no_yawn,640,480,3,RGB,1.3333,82.5,True,15587d30945b5a10da261a81edd08d78,SIM_0994,train
D:\driver-drowsiness-detection\dataset\train\no_yawn\2259.jpg,2259.jpg,no_yawn,640,480,3,RGB,1.3333,85.42,True,6b4ec11c879f8870377ca5dc7bf548ae,SIM_0995,train
D:\driver-drowsiness-detection\dataset\train\no_yawn\226.jpg,226.jpg,no_yawn,640,480,3,RGB,1.3333,70.39,True,2fabaa7ac1c3e1d90be8f849b7eaec5d,SIM_0983,validation
D:\driver-drowsiness-detection\dataset\train\no_yawn\2282.jpg,2282.jpg,no_yawn,640,480,3,RGB,1.3333,70.0,True,908ffc9f21f8d79dae71ab1c3aa6b31e,SIM_0996,test
D:\driver-drowsiness-detection\dataset\train\no_yawn\2283.jpg,2283.jpg,no_yawn,640,480,3,RGB,1.3333,71.56,True,fc3e6c94e81e7d7cc0c4200140d9b145,SIM_0997,test
D:\driver-drowsiness-detection\dataset\train\no_yawn\2284.jpg,2284.jpg,no_yawn,640,480,3,RGB,1.3333,74.1,True,716422b34ce84daead70918ff93b05dd,SIM_0998,train
D:\driver-drowsiness-detection\dataset\train\no_yawn\2286.jpg,2286.jpg,no_yawn,640,480,3,RGB,1.3333,69.7,True,e7fbdf28058e5ea0647f005ed67a1d45,SIM_0999,train
D:\driver-drowsiness-detection\dataset\train\no_yawn\2287.jpg,2287.jpg,no_yawn,640,480,3,RGB,1.3333,71.58,True,d31b594c5d3987b14f79681b95ba2d2f,SIM_0999,train
D:\driver-drowsiness-detection\dataset\train\no_yawn\2288.jpg,2288.jpg,no_yawn,640,480,3,RGB,1.3333,75.56,True,5b7d7bfc8e2453d8da66d0ae0f531dd0,SIM_0998,train
D:\driver-drowsiness-detection\dataset\train\no_yawn\2289.jpg,2289.jpg,no_yawn,640,480,3,RGB,1.3333,75.33,True,3bd211b9026650e797ab3763b0578e76,SIM_1000,train
D:\driver-drowsiness-detection\dataset\train\no_yawn\229.jpg,229.jpg,no_yawn,640,480,3,RGB,1.3333,70.71,True,9cac31432137aa93a614897231c1ad97,SIM_0983,validation
D:\driver-drowsiness-detection\dataset\train\no_yawn\2290.jpg,2290.jpg,no_yawn,640,480,3,RGB,1.3333,74.56,True,b7d2afe2909094245acb674621f96b77,SIM_1000,train
D:\driver-drowsiness-detection\dataset\train\no_yawn\2296.jpg,2296.jpg,no_yawn,640,480,3,RGB,1.3333,77.12,True,c35be6d34777d0ed5a9a2ea81359b2da,SIM_1001,train
D:\driver-drowsiness-detection\dataset\train\no_yawn\2297.jpg,2297.jpg,no_yawn,640,480,3,RGB,1.3333,73.27,True,8b98d69815af5e31ce61f2525658ace6,SIM_1002,train
D:\driver-drowsiness-detection\dataset\train\no_yawn\2298.jpg,2298.jpg,no_yawn,640,480,3,RGB,1.3333,72.33,True,d3f36a2f71b039613d8cda2d16020b5f,SIM_1003,train
D:\driver-drowsiness-detection\dataset\train\no_yawn\2299.jpg,2299.jpg,no_yawn,640,480,3,RGB,1.3333,71.87,True,1b6cc6e3577decc39945f1aadae81bf9,SIM_1004,validation
D:\driver-drowsiness-detection\dataset\train\no_yawn\2300.jpg,2300.jpg,no_yawn,640,480,3,RGB,1.3333,71.82,True,6c0e9d52d8c702341f55348dd84efdff,SIM_1004,validation
D:\driver-drowsiness-detection\dataset\train\no_yawn\231.jpg,231.jpg,no_yawn,640,480,3,RGB,1.3333,59.84,True,d28320c85e50b5a21c92610c716b5bc6,SIM_0983,validation
D:\driver-drowsiness-detection\dataset\train\no_yawn\2311.jpg,2311.jpg,no_yawn,640,480,3,RGB,1.3333,73.35,True,51c55637a496356ffe2e2dd07a8fcde0,SIM_1004,validation
D:\driver-drowsiness-detection\dataset\train\no_yawn\2312.jpg,2312.jpg,no_yawn,640,480,3,RGB,1.3333,71.79,True,9d8e78936092e7754a9337aace39f527,SIM_1005,train
D:\driver-drowsiness-detection\dataset\train\no_yawn\2313.jpg,2313.jpg,no_yawn,640,480,3,RGB,1.3333,58.74,True,f4410127c456818f5034b3938a7ff4be,SIM_1006,train
D:\driver-drowsiness-detection\dataset\train\no_yawn\2327.jpg,2327.jpg,no_yawn,640,480,3,RGB,1.3333,87.25,True,fcbff0396dfbc3709450f15eaa6c6f9b,SIM_1007,train
D:\driver-drowsiness-detection\dataset\train\no_yawn\233.jpg,233.jpg,no_yawn,640,480,3,RGB,1.3333,68.6,True,4b1488d91247542f0ceb275529983085,SIM_0983,validation
D:\driver-drowsiness-detection\dataset\train\no_yawn\2330.jpg,2330.jpg,no_yawn,640,480,3,RGB,1.3333,76.25,True,32cc1ed62a03ecc46f6436893561c469,SIM_1008,validation
D:\driver-drowsiness-detection\dataset\train\no_yawn\234.jpg,234.jpg,no_yawn,640,480,3,RGB,1.3333,67.65,True,bc1e17943f81f6a2fd17f4aaa9cf4eb5,SIM_0983,validation
D:\driver-drowsiness-detection\dataset\train\no_yawn\2341.jpg,2341.jpg,no_yawn,640,480,3,RGB,1.3333,83.93,True,79cdac143bede44d7d3ad12c244ea7fb,SIM_1009,test
D:\driver-drowsiness-detection\dataset\train\no_yawn\2342.jpg,2342.jpg,no_yawn,640,480,3,RGB,1.3333,81.03,True,b16efaebf9b8a5855f87e99014ce2205,SIM_1010,train
D:\driver-drowsiness-detection\dataset\train\no_yawn\2343.jpg,2343.jpg,no_yawn,640,480,3,RGB,1.3333,81.74,True,f0d3afab5f1620acb19c90946038164a,SIM_1010,train
D:\driver-drowsiness-detection\dataset\train\no_yawn\2344.jpg,2344.jpg,no_yawn,640,480,3,RGB,1.3333,83.21,True,f4fb526ed0a723a444b608fe69af9333,SIM_1010,train
D:\driver-drowsiness-detection\dataset\train\no_yawn\2346.jpg,2346.jpg,no_yawn,640,480,3,RGB,1.3333,85.79,True,47ee29f4043be673d91aed9d36124ab7,SIM_1011,train
D:\driver-drowsiness-detection\dataset\train\no_yawn\2349.jpg,2349.jpg,no_yawn,640,480,3,RGB,1.3333,68.35,True,86db03b13c924a586744ffb6dd9250c6,SIM_1012,train
D:\driver-drowsiness-detection\dataset\train\no_yawn\235.jpg,235.jpg,no_yawn,640,480,3,RGB,1.3333,69.54,True,3403ecdca9a4f01b7ad32cf57ac26d61,SIM_0983,validation
D:\driver-drowsiness-detection\dataset\train\no_yawn\2350.jpg,2350.jpg,no_yawn,640,480,3,RGB,1.3333,64.28,True,8ec0f62645037e169f34d57b7b13b070,SIM_1013,test
D:\driver-drowsiness-detection\dataset\train\no_yawn\2351.jpg,2351.jpg,no_yawn,640,480,3,RGB,1.3333,69.68,True,472b44832f583b27466f37c6714fc08f,SIM_1014,train
D:\driver-drowsiness-detection\dataset\train\no_yawn\2354.jpg,2354.jpg,no_yawn,640,480,3,RGB,1.3333,75.85,True,1538db6a3744ce3f88cb92b23794005c,SIM_1015,train
D:\driver-drowsiness-detection\dataset\train\no_yawn\2356.jpg,2356.jpg,no_yawn,640,480,3,RGB,1.3333,73.45,True,37bc785aded21bbadf1286bd35799c5a,SIM_1016,test
D:\driver-drowsiness-detection\dataset\train\no_yawn\2357.jpg,2357.jpg,no_yawn,640,480,3,RGB,1.3333,73.12,True,2bbab71a2d657ecca627f7e21ce82192,SIM_1017,test
D:\driver-drowsiness-detection\dataset\train\no_yawn\2358.jpg,2358.jpg,no_yawn,640,480,3,RGB,1.3333,70.89,True,7601821b874dce103e0bd2003745503a,SIM_1018,train
D:\driver-drowsiness-detection\dataset\train\no_yawn\237.jpg,237.jpg,no_yawn,640,480,3,RGB,1.3333,67.07,True,84c4050f6bb410db6cb594aba2faeb2a,SIM_1019,train
D:\driver-drowsiness-detection\dataset\train\no_yawn\2371.jpg,2371.jpg,no_yawn,640,480,3,RGB,1.3333,76.6,True,c22921df4b54a9d9ca6e2e51b6be05d8,SIM_1020,validation
D:\driver-drowsiness-detection\dataset\train\no_yawn\2372.jpg,2372.jpg,no_yawn,640,480,3,RGB,1.3333,76.49,True,2a0ff901fb10d6e073fc7777c0fa0dc7,SIM_1021,test
D:\driver-drowsiness-detection\dataset\train\no_yawn\2373.jpg,2373.jpg,no_yawn,640,480,3,RGB,1.3333,74.93,True,5746e6bba46599d6c57e943311f4cd2b,SIM_1022,test
D:\driver-drowsiness-detection\dataset\train\no_yawn\2374.jpg,2374.jpg,no_yawn,640,480,3,RGB,1.3333,53.86,True,ab6194d4e03af7db7aa3176be5b8b9db,SIM_1023,train
D:\driver-drowsiness-detection\dataset\train\no_yawn\238.jpg,238.jpg,no_yawn,640,480,3,RGB,1.3333,64.51,True,18a0972eb5aa9417d2d9f54b7c4c2e41,SIM_1024,train
D:\driver-drowsiness-detection\dataset\train\no_yawn\2396.jpg,2396.jpg,no_yawn,640,480,3,RGB,1.3333,91.19,True,030cc21cdd505e14b8ff721d854b3f4f,SIM_1025,train
D:\driver-drowsiness-detection\dataset\train\no_yawn\2399.jpg,2399.jpg,no_yawn,640,480,3,RGB,1.3333,87.12,True,54562301281f839592e78990bef327bc,SIM_1026,train
D:\driver-drowsiness-detection\dataset\train\no_yawn\24.jpg,24.jpg,no_yawn,640,480,3,RGB,1.3333,65.58,True,b0fb4d494836bcb944616c331f190aa5,SIM_1027,validation
D:\driver-drowsiness-detection\dataset\train\no_yawn\2400.jpg,2400.jpg,no_yawn,640,480,3,RGB,1.3333,61.92,True,75ec955579c123b750006d05520678f2,SIM_1028,train
D:\driver-drowsiness-detection\dataset\train\no_yawn\2403.jpg,2403.jpg,no_yawn,640,480,3,RGB,1.3333,75.17,True,964763e0ac0186a40e90e1c6e20ba2d7,SIM_1029,test
D:\driver-drowsiness-detection\dataset\train\no_yawn\2404.jpg,2404.jpg,no_yawn,640,480,3,RGB,1.3333,80.55,True,ca405cabd1984958ffadf525b5fc51c8,SIM_1030,train
D:\driver-drowsiness-detection\dataset\train\no_yawn\2406.jpg,2406.jpg,no_yawn,640,480,3,RGB,1.3333,83.35,True,88adbffec66f13624dc325ccde36de47,SIM_1031,validation
D:\driver-drowsiness-detection\dataset\train\no_yawn\2407.jpg,2407.jpg,no_yawn,640,480,3,RGB,1.3333,82.69,True,93c29163f750f6942ec6dbe38772daa1,SIM_1031,validation
D:\driver-drowsiness-detection\dataset\train\no_yawn\2408.jpg,2408.jpg,no_yawn,640,480,3,RGB,1.3333,81.47,True,46e9417eed885a048a95c24fe292a7c0,SIM_1032,validation
D:\driver-drowsiness-detection\dataset\train\no_yawn\2409.jpg,2409.jpg,no_yawn,640,480,3,RGB,1.3333,83.71,True,6a66275f48f05fbe50bef9bfe7a8bdd0,SIM_1033,train
D:\driver-drowsiness-detection\dataset\train\no_yawn\2410.jpg,2410.jpg,no_yawn,640,480,3,RGB,1.3333,83.15,True,d6b70f5029571dd50ef85b7aeb044448,SIM_1034,train
D:\driver-drowsiness-detection\dataset\train\no_yawn\2426.jpg,2426.jpg,no_yawn,640,480,3,RGB,1.3333,83.49,True,605e25826f56cd16c299359601e8217e,SIM_1035,train
D:\driver-drowsiness-detection\dataset\train\no_yawn\2427.jpg,2427.jpg,no_yawn,640,480,3,RGB,1.3333,67.91,True,45b66c2298dd3639e8e62027f8fffc68,SIM_1036,validation
D:\driver-drowsiness-detection\dataset\train\no_yawn\2428.jpg,2428.jpg,no_yawn,640,480,3,RGB,1.3333,73.44,True,515d5a150107dc9214f2c18532bfe178,SIM_1037,train
D:\driver-drowsiness-detection\dataset\train\no_yawn\2429.jpg,2429.jpg,no_yawn,640,480,3,RGB,1.3333,78.15,True,0f630b88eb28b8ed049675392e3745c2,SIM_1038,train
D:\driver-drowsiness-detection\dataset\train\no_yawn\2430.jpg,2430.jpg,no_yawn,640,480,3,RGB,1.3333,86.92,True,e266dee64d50f361b2d7b4b964ddce8a,SIM_1039,test
D:\driver-drowsiness-detection\dataset\train\no_yawn\2431.jpg,2431.jpg,no_yawn,640,480,3,RGB,1.3333,78.9,True,269c816637966d928e1d316264f3529a,SIM_1039,test
D:\driver-drowsiness-detection\dataset\train\no_yawn\2432.jpg,2432.jpg,no_yawn,640,480,3,RGB,1.3333,83.2,True,f07f14567a8562f8c8b32ccfd7b14062,SIM_1040,train
D:\driver-drowsiness-detection\dataset\train\no_yawn\2433.jpg,2433.jpg,no_yawn,640,480,3,RGB,1.3333,82.01,True,6d5a3ec83959d444b4b30b82404e24f1,SIM_1041,train
D:\driver-drowsiness-detection\dataset\train\no_yawn\2434.jpg,2434.jpg,no_yawn,640,480,3,RGB,1.3333,82.81,True,5d20c5f2312d64e22bf3d1fcc14ec787,SIM_1042,train
D:\driver-drowsiness-detection\dataset\train\no_yawn\2440.jpg,2440.jpg,no_yawn,640,480,3,RGB,1.3333,62.66,True,f87d321eac8afa41270d501d2a7063eb,SIM_1043,train
D:\driver-drowsiness-detection\dataset\train\no_yawn\2461.jpg,2461.jpg,no_yawn,640,480,3,RGB,1.3333,81.26,True,fefa727b147acd3750ea5e38b909499e,SIM_1044,train
D:\driver-drowsiness-detection\dataset\train\no_yawn\2462.jpg,2462.jpg,no_yawn,640,480,3,RGB,1.3333,82.86,True,8d72d2c56ae4473822b527f6fa10ed73,SIM_1044,train
D:\driver-drowsiness-detection\dataset\train\no_yawn\2463.jpg,2463.jpg,no_yawn,640,480,3,RGB,1.3333,79.99,True,51af7b1f8606e2185091aeb6bed5f104,SIM_1044,train
D:\driver-drowsiness-detection\dataset\train\no_yawn\2464.jpg,2464.jpg,no_yawn,640,480,3,RGB,1.3333,68.06,True,fa3b258e92f5fe6a1d3173ad3f669c6b,SIM_1044,train
D:\driver-drowsiness-detection\dataset\train\no_yawn\2466.jpg,2466.jpg,no_yawn,640,480,3,RGB,1.3333,81.24,True,feb065ba4198911c4adb4279d0c78f31,SIM_1045,train
D:\driver-drowsiness-detection\dataset\train\no_yawn\2467.jpg,2467.jpg,no_yawn,640,480,3,RGB,1.3333,81.2,True,7399199baa7a6a1be719533b8170f947,SIM_1046,test
D:\driver-drowsiness-detection\dataset\train\no_yawn\2470.jpg,2470.jpg,no_yawn,640,480,3,RGB,1.3333,78.96,True,6ed6f8e8c1b376b5872e7d2751960c79,SIM_1047,validation
D:\driver-drowsiness-detection\dataset\train\no_yawn\2471.jpg,2471.jpg,no_yawn,640,480,3,RGB,1.3333,79.04,True,9373d634c76c29c8828659884fa3085a,SIM_1048,train
D:\driver-drowsiness-detection\dataset\train\no_yawn\2474.jpg,2474.jpg,no_yawn,640,480,3,RGB,1.3333,85.05,True,95dd84d54870053cae91d97a3af7820a,SIM_1049,train
D:\driver-drowsiness-detection\dataset\train\no_yawn\2476.jpg,2476.jpg,no_yawn,640,480,3,RGB,1.3333,84.1,True,6d7d61f489294bb85a080a2f15328b4c,SIM_1050,train
D:\driver-drowsiness-detection\dataset\train\no_yawn\2477.jpg,2477.jpg,no_yawn,640,480,3,RGB,1.3333,81.3,True,4d8658c2d1fa4b4bc74020b46be57c66,SIM_1051,train
D:\driver-drowsiness-detection\dataset\train\no_yawn\2478.jpg,2478.jpg,no_yawn,640,480,3,RGB,1.3333,85.38,True,14c84d50f9c18c7e85dd6acd6f7f817d,SIM_1052,test
D:\driver-drowsiness-detection\dataset\train\no_yawn\2479.jpg,2479.jpg,no_yawn,640,480,3,RGB,1.3333,83.66,True,485a3f87a287fa25443bd6934d7a6812,SIM_1053,train
D:\driver-drowsiness-detection\dataset\train\no_yawn\2482.jpg,2482.jpg,no_yawn,640,480,3,RGB,1.3333,87.52,True,1257292fd37928aaeef234742b4af929,SIM_1054,train
D:\driver-drowsiness-detection\dataset\train\no_yawn\2483.jpg,2483.jpg,no_yawn,640,480,3,RGB,1.3333,65.22,True,49810418b999b7a2c8cde011c125a866,SIM_1055,train
D:\driver-drowsiness-detection\dataset\train\no_yawn\2484.jpg,2484.jpg,no_yawn,640,480,3,RGB,1.3333,75.93,True,e6574fe5e37e901c137565a9e89da085,SIM_1056,train
D:\driver-drowsiness-detection\dataset\train\no_yawn\2496.jpg,2496.jpg,no_yawn,640,480,3,RGB,1.3333,73.16,True,29bad40788a17f7d63571ba536d81dcd,SIM_1057,train
D:\driver-drowsiness-detection\dataset\train\no_yawn\2499.jpg,2499.jpg,no_yawn,640,480,3,RGB,1.3333,66.33,True,4c53c00154e259782cafaf6d851855b9,SIM_1058,train
D:\driver-drowsiness-detection\dataset\train\no_yawn\25.jpg,25.jpg,no_yawn,640,480,3,RGB,1.3333,70.99,True,73c9381f6879a450213ee85838765fd9,SIM_1059,train
D:\driver-drowsiness-detection\dataset\train\no_yawn\2500.jpg,2500.jpg,no_yawn,640,480,3,RGB,1.3333,59.78,True,41fbb078ad09246b4d72de26e0cf8e4e,SIM_1060,test
D:\driver-drowsiness-detection\dataset\train\no_yawn\2511.jpg,2511.jpg,no_yawn,640,480,3,RGB,1.3333,69.21,True,85043f1842d6aebfa16127f151f586d0,SIM_1061,test
D:\driver-drowsiness-detection\dataset\train\no_yawn\2513.jpg,2513.jpg,no_yawn,640,480,3,RGB,1.3333,70.61,True,123e314ba6a134a69821529953b056d5,SIM_1062,train
D:\driver-drowsiness-detection\dataset\train\no_yawn\2514.jpg,2514.jpg,no_yawn,640,480,3,RGB,1.3333,68.55,True,cf87744117f35096d24434caca9a9cbb,SIM_1063,validation
D:\driver-drowsiness-detection\dataset\train\no_yawn\2516.jpg,2516.jpg,no_yawn,640,480,3,RGB,1.3333,69.76,True,d82100f66075d0b69092c244366fbb90,SIM_1064,validation
D:\driver-drowsiness-detection\dataset\train\no_yawn\2517.jpg,2517.jpg,no_yawn,640,480,3,RGB,1.3333,69.55,True,4841c6c398b4b3df21005672b53d337b,SIM_1065,train
D:\driver-drowsiness-detection\dataset\train\no_yawn\2518.jpg,2518.jpg,no_yawn,640,480,3,RGB,1.3333,69.28,True,90fc6e265f7070cc0955a48aa9200d66,SIM_1065,train
D:\driver-drowsiness-detection\dataset\train\no_yawn\2519.jpg,2519.jpg,no_yawn,640,480,3,RGB,1.3333,72.76,True,2eb4b35c68f3eacdcb37cda1f7ea526f,SIM_1066,train
D:\driver-drowsiness-detection\dataset\train\no_yawn\253.jpg,253.jpg,no_yawn,640,480,3,RGB,1.3333,66.24,True,af0f5317e98e1019de1701ee655ce891,SIM_1067,train
D:\driver-drowsiness-detection\dataset\train\no_yawn\2532.jpg,2532.jpg,no_yawn,640,480,3,RGB,1.3333,80.11,True,8fd8e86002faacf28d3ba516988d0111,SIM_1068,train
D:\driver-drowsiness-detection\dataset\train\no_yawn\2534.jpg,2534.jpg,no_yawn,640,480,3,RGB,1.3333,82.77,True,7449294425ad108b77df3d97c0027849,SIM_1069,train
D:\driver-drowsiness-detection\dataset\train\no_yawn\2536.jpg,2536.jpg,no_yawn,640,480,3,RGB,1.3333,82.83,True,022221668add5147cca5ffa281b3881b,SIM_1069,train
D:\driver-drowsiness-detection\dataset\train\no_yawn\2537.jpg,2537.jpg,no_yawn,640,480,3,RGB,1.3333,82.76,True,bc8c52bc8e1b7e735b35f8ef09750613,SIM_1069,train
D:\driver-drowsiness-detection\dataset\train\no_yawn\2538.jpg,2538.jpg,no_yawn,640,480,3,RGB,1.3333,81.36,True,5273801ce8f405937d6ed54a122d96e2,SIM_1069,train
D:\driver-drowsiness-detection\dataset\train\no_yawn\2539.jpg,2539.jpg,no_yawn,640,480,3,RGB,1.3333,82.96,True,977fcf401232e698e410b8a940e342d7,SIM_1069,train
D:\driver-drowsiness-detection\dataset\train\no_yawn\254.jpg,254.jpg,no_yawn,640,480,3,RGB,1.3333,66.06,True,467296065f789b6f8ef8f6f7cc69630f,SIM_1067,train
D:\driver-drowsiness-detection\dataset\train\no_yawn\2540.jpg,2540.jpg,no_yawn,640,480,3,RGB,1.3333,83.36,True,6db651d70ddf6551c722803e70fa4d67,SIM_1070,test
D:\driver-drowsiness-detection\dataset\train\no_yawn\2541.jpg,2541.jpg,no_yawn,640,480,3,RGB,1.3333,71.31,True,24efe41095f5f84d3f083b45b096a318,SIM_1071,train
D:\driver-drowsiness-detection\dataset\train\no_yawn\2542.jpg,2542.jpg,no_yawn,640,480,3,RGB,1.3333,74.73,True,32b9dfde1f9e8d294248cd9d6a26801b,SIM_1072,train
D:\driver-drowsiness-detection\dataset\train\no_yawn\2547.jpg,2547.jpg,no_yawn,640,480,3,RGB,1.3333,71.58,True,899a25e93dc7ab4122988af7e46e53c0,SIM_1073,train
D:\driver-drowsiness-detection\dataset\train\no_yawn\2548.jpg,2548.jpg,no_yawn,640,480,3,RGB,1.3333,56.24,True,57478c59794316ee71ab5a8d5dc16ef8,SIM_1072,train
D:\driver-drowsiness-detection\dataset\train\no_yawn\2549.jpg,2549.jpg,no_yawn,640,480,3,RGB,1.3333,65.06,True,8e1fd92ebf3977b2123a184697a60c39,SIM_1072,train
D:\driver-drowsiness-detection\dataset\train\no_yawn\255.jpg,255.jpg,no_yawn,640,480,3,RGB,1.3333,64.66,True,b17336a375c08b43a4d78626c0d7a549,SIM_1067,train
D:\driver-drowsiness-detection\dataset\train\no_yawn\2550.jpg,2550.jpg,no_yawn,640,480,3,RGB,1.3333,66.1,True,b6217996250e78631c9cbef784fc4a07,SIM_1072,train
D:\driver-drowsiness-detection\dataset\train\no_yawn\256.jpg,256.jpg,no_yawn,640,480,3,RGB,1.3333,64.1,True,1c9056a151aaf9516b14dfede6d37a7e,SIM_1067,train
D:\driver-drowsiness-detection\dataset\train\no_yawn\257.jpg,257.jpg,no_yawn,640,480,3,RGB,1.3333,54.25,True,bdcc5729e4afa7d9ddcd155e0045b75b,SIM_1074,train
D:\driver-drowsiness-detection\dataset\train\no_yawn\2571.jpg,2571.jpg,no_yawn,640,480,3,RGB,1.3333,81.95,True,373d53e95ecd3833c2b55455b4f4569c,SIM_1075,train
D:\driver-drowsiness-detection\dataset\train\no_yawn\2572.jpg,2572.jpg,no_yawn,640,480,3,RGB,1.3333,86.04,True,78f94cce70f969a446a01498e2c02459,SIM_1075,train
D:\driver-drowsiness-detection\dataset\train\no_yawn\2573.jpg,2573.jpg,no_yawn,640,480,3,RGB,1.3333,82.28,True,a66ec57c346c1d249b6931b70bcb2deb,SIM_1076,train
D:\driver-drowsiness-detection\dataset\train\no_yawn\2574.jpg,2574.jpg,no_yawn,640,480,3,RGB,1.3333,80.29,True,8a9362b02a22ee91b17748e2c1bb3e9b,SIM_1077,test
D:\driver-drowsiness-detection\dataset\train\no_yawn\2577.jpg,2577.jpg,no_yawn,640,480,3,RGB,1.3333,85.55,True,036e3799b8997f32bc3cb58ce7501058,SIM_1078,test
D:\driver-drowsiness-detection\dataset\train\no_yawn\2580.jpg,2580.jpg,no_yawn,640,480,3,RGB,1.3333,69.84,True,17fd8d4c58108f7d673d9c3e5f0dc670,SIM_1079,train
D:\driver-drowsiness-detection\dataset\train\no_yawn\2581.jpg,2581.jpg,no_yawn,640,480,3,RGB,1.3333,76.27,True,ba3618cc49dd2d067b9b28bc27c40293,SIM_1080,validation
D:\driver-drowsiness-detection\dataset\train\no_yawn\2582.jpg,2582.jpg,no_yawn,640,480,3,RGB,1.3333,79.38,True,ad5f263b7d0f0e9541229a727628386c,SIM_1081,train
D:\driver-drowsiness-detection\dataset\train\no_yawn\2583.jpg,2583.jpg,no_yawn,640,480,3,RGB,1.3333,80.45,True,c7ad1a74af2980b792bc9a503720e2fe,SIM_1082,test
D:\driver-drowsiness-detection\dataset\train\no_yawn\2584.jpg,2584.jpg,no_yawn,640,480,3,RGB,1.3333,77.7,True,09ac44854b2af73e87fd15d935edfe48,SIM_1083,test
D:\driver-drowsiness-detection\dataset\train\no_yawn\2586.jpg,2586.jpg,no_yawn,640,480,3,RGB,1.3333,76.17,True,d8221e61ead1fde001087838c7f7ddab,SIM_1084,train
D:\driver-drowsiness-detection\dataset\train\no_yawn\2588.jpg,2588.jpg,no_yawn,640,480,3,RGB,1.3333,75.83,True,437ad543a98a2fd91679d252eeebb1f7,SIM_1085,train
D:\driver-drowsiness-detection\dataset\train\no_yawn\2589.jpg,2589.jpg,no_yawn,640,480,3,RGB,1.3333,77.48,True,4fca842142d2c832ae6000b526769672,SIM_1086,train
D:\driver-drowsiness-detection\dataset\train\no_yawn\259.jpg,259.jpg,no_yawn,640,480,3,RGB,1.3333,63.34,True,604ec2613d64a6761664cea984f1ed47,SIM_1087,train
D:\driver-drowsiness-detection\dataset\train\no_yawn\2590.jpg,2590.jpg,no_yawn,640,480,3,RGB,1.3333,74.8,True,084881552a641e93600c6f449bbd63af,SIM_1086,train
D:\driver-drowsiness-detection\dataset\train\no_yawn\26.jpg,26.jpg,no_yawn,640,480,3,RGB,1.3333,71.04,True,72620aa2c8b837fc82ab9e35faa06c0b,SIM_1088,train
D:\driver-drowsiness-detection\dataset\train\no_yawn\2603.jpg,2603.jpg,no_yawn,640,480,3,RGB,1.3333,74.56,True,45ea509dae225cc33436c79f70b7cc84,SIM_1089,train
D:\driver-drowsiness-detection\dataset\train\no_yawn\2604.jpg,2604.jpg,no_yawn,640,480,3,RGB,1.3333,72.8,True,3e7f912d4a45cbb6bddd1cedb1f39b2a,SIM_1090,train
D:\driver-drowsiness-detection\dataset\train\no_yawn\2606.jpg,2606.jpg,no_yawn,640,480,3,RGB,1.3333,82.98,True,d4626dbb068e4ede94fd75956eb36545,SIM_1091,train
D:\driver-drowsiness-detection\dataset\train\no_yawn\2607.jpg,2607.jpg,no_yawn,640,480,3,RGB,1.3333,84.73,True,2f147f14bf1df970e2d89d091096223b,SIM_1092,train
D:\driver-drowsiness-detection\dataset\train\no_yawn\2609.jpg,2609.jpg,no_yawn,640,480,3,RGB,1.3333,83.37,True,173294d605018ae5299c6828e5e19534,SIM_1093,test
D:\driver-drowsiness-detection\dataset\train\no_yawn\2610.jpg,2610.jpg,no_yawn,640,480,3,RGB,1.3333,82.12,True,0db5a1c854644c5b720fac4dd5d0124c,SIM_1093,test
D:\driver-drowsiness-detection\dataset\train\no_yawn\2621.jpg,2621.jpg,no_yawn,640,480,3,RGB,1.3333,73.33,True,e97957e7bb14cd015ee5d3146898d975,SIM_1094,train
D:\driver-drowsiness-detection\dataset\train\no_yawn\2622.jpg,2622.jpg,no_yawn,640,480,3,RGB,1.3333,72.55,True,8ff655c0fe3002a0e40ffde632fd33cc,SIM_1095,train
D:\driver-drowsiness-detection\dataset\train\no_yawn\2623.jpg,2623.jpg,no_yawn,640,480,3,RGB,1.3333,54.05,True,25a6fcce32ed351baf8622785b6ef840,SIM_1096,test
D:\driver-drowsiness-detection\dataset\train\no_yawn\27.jpg,27.jpg,no_yawn,640,480,3,RGB,1.3333,71.48,True,9d699b1c83e71a664ce02f6141e92ab1,SIM_1097,validation
D:\driver-drowsiness-detection\dataset\train\no_yawn\271.jpg,271.jpg,no_yawn,640,480,3,RGB,1.3333,88.04,True,84688faa11a4d9d02d05f30b8db66416,SIM_1098,train
D:\driver-drowsiness-detection\dataset\train\no_yawn\276.jpg,276.jpg,no_yawn,640,480,3,RGB,1.3333,82.76,True,20b6a7dfc72f8e558a60314ee23fd2c4,SIM_1099,train
D:\driver-drowsiness-detection\dataset\train\no_yawn\277.jpg,277.jpg,no_yawn,640,480,3,RGB,1.3333,87.05,True,e9a23fa2da52ad04ea6d0e9b51e44cc9,SIM_1100,train
D:\driver-drowsiness-detection\dataset\train\no_yawn\278.jpg,278.jpg,no_yawn,640,480,3,RGB,1.3333,88.04,True,419da7f5d0c5bedd6571c960eac3f9c2,SIM_1100,train
D:\driver-drowsiness-detection\dataset\train\no_yawn\279.jpg,279.jpg,no_yawn,640,480,3,RGB,1.3333,86.85,True,d7dce7096513957cd78e8cbac340f3ed,SIM_1100,train
D:\driver-drowsiness-detection\dataset\train\no_yawn\28.jpg,28.jpg,no_yawn,640,480,3,RGB,1.3333,73.35,True,455e934242b0838531ff561126f5d95e,SIM_1101,train
D:\driver-drowsiness-detection\dataset\train\no_yawn\29.jpg,29.jpg,no_yawn,640,480,3,RGB,1.3333,73.0,True,c69c4c5dea3a29e9da722c7149e71c43,SIM_1102,train
D:\driver-drowsiness-detection\dataset\train\no_yawn\291.jpg,291.jpg,no_yawn,640,480,3,RGB,1.3333,66.58,True,7ad5651f71cad27dcb375aa9f77eb153,SIM_1103,train
D:\driver-drowsiness-detection\dataset\train\no_yawn\292.jpg,292.jpg,no_yawn,640,480,3,RGB,1.3333,66.57,True,a765c76a97ed493317bf715889d4bacd,SIM_1104,train
D:\driver-drowsiness-detection\dataset\train\no_yawn\293.jpg,293.jpg,no_yawn,640,480,3,RGB,1.3333,66.83,True,3d75ec6053f9c06d4264da45d05d38c9,SIM_1104,train
D:\driver-drowsiness-detection\dataset\train\no_yawn\295.jpg,295.jpg,no_yawn,640,480,3,RGB,1.3333,66.82,True,dfd68358198da02025cf42d252a9d34b,SIM_1104,train
D:\driver-drowsiness-detection\dataset\train\no_yawn\299.jpg,299.jpg,no_yawn,640,480,3,RGB,1.3333,64.58,True,e24443a39abe7600f6c26991bcce69aa,SIM_1105,train
D:\driver-drowsiness-detection\dataset\train\no_yawn\3.jpg,3.jpg,no_yawn,640,480,3,RGB,1.3333,68.1,True,b193dffc5657e860e584d81280cf3c2e,SIM_0727,train
D:\driver-drowsiness-detection\dataset\train\no_yawn\312.jpg,312.jpg,no_yawn,640,480,3,RGB,1.3333,67.48,True,b8d61368de7ca5a5d4bbe90cb6e03baa,SIM_1106,train
D:\driver-drowsiness-detection\dataset\train\no_yawn\313.jpg,313.jpg,no_yawn,640,480,3,RGB,1.3333,67.19,True,ab87a2225915090ca20ed815af9a86c6,SIM_1107,train
D:\driver-drowsiness-detection\dataset\train\no_yawn\314.jpg,314.jpg,no_yawn,640,480,3,RGB,1.3333,71.42,True,96ce31516ce561e4569b42f2446c2990,SIM_1108,validation
D:\driver-drowsiness-detection\dataset\train\no_yawn\315.jpg,315.jpg,no_yawn,640,480,3,RGB,1.3333,69.88,True,9f4056533393b882c5fe09e3518d674b,SIM_1109,validation
D:\driver-drowsiness-detection\dataset\train\no_yawn\316.jpg,316.jpg,no_yawn,640,480,3,RGB,1.3333,68.0,True,cc8eb41822838b2710ca061cd15fd98d,SIM_1110,train
D:\driver-drowsiness-detection\dataset\train\no_yawn\317.jpg,317.jpg,no_yawn,640,480,3,RGB,1.3333,67.3,True,bb8d5d0eb4cb06e363031614959504b4,SIM_1111,train
D:\driver-drowsiness-detection\dataset\train\no_yawn\318.jpg,318.jpg,no_yawn,640,480,3,RGB,1.3333,68.62,True,9c11241cd427711f4b5de12eb9e65a72,SIM_1112,train
D:\driver-drowsiness-detection\dataset\train\no_yawn\332.jpg,332.jpg,no_yawn,640,480,3,RGB,1.3333,66.86,True,9c762da169e756366288950a3483c85d,SIM_1113,train
D:\driver-drowsiness-detection\dataset\train\no_yawn\333.jpg,333.jpg,no_yawn,640,480,3,RGB,1.3333,59.22,True,04ba9cec036a5c56a7cefb039e84b4b7,SIM_1114,train
D:\driver-drowsiness-detection\dataset\train\no_yawn\336.jpg,336.jpg,no_yawn,640,480,3,RGB,1.3333,69.96,True,8b65bc47981164c6c81ab83ae00297ee,SIM_1115,train
D:\driver-drowsiness-detection\dataset\train\no_yawn\371.jpg,371.jpg,no_yawn,640,480,3,RGB,1.3333,69.21,True,077ae746c0aecf676f01cc3c47e2d75c,SIM_1116,test
D:\driver-drowsiness-detection\dataset\train\no_yawn\372.jpg,372.jpg,no_yawn,640,480,3,RGB,1.3333,60.85,True,6bfe35d40c095db75108702d59d4c362,SIM_1116,test
D:\driver-drowsiness-detection\dataset\train\no_yawn\373.jpg,373.jpg,no_yawn,640,480,3,RGB,1.3333,64.33,True,14b68309048a1faa7bf9506a91d26c3d,SIM_1116,test
D:\driver-drowsiness-detection\dataset\train\no_yawn\375.jpg,375.jpg,no_yawn,640,480,3,RGB,1.3333,66.78,True,a924fe04536e119781c78e96c7d54096,SIM_1117,train
D:\driver-drowsiness-detection\dataset\train\no_yawn\378.jpg,378.jpg,no_yawn,640,480,3,RGB,1.3333,73.12,True,c931b26050b3e34db9557d417631ba82,SIM_1116,test
D:\driver-drowsiness-detection\dataset\train\no_yawn\379.jpg,379.jpg,no_yawn,640,480,3,RGB,1.3333,69.06,True,b2b794215e26271d88b17bb3357012ca,SIM_1116,test
D:\driver-drowsiness-detection\dataset\train\no_yawn\380.jpg,380.jpg,no_yawn,640,480,3,RGB,1.3333,68.19,True,4e9c7ebf604e2e8d194ffe48f167a1a4,SIM_1116,test
D:\driver-drowsiness-detection\dataset\train\no_yawn\4.jpg,4.jpg,no_yawn,640,480,3,RGB,1.3333,70.67,True,7e8a1a49c87d1bd55b7cc9405fdb7971,SIM_0727,train
D:\driver-drowsiness-detection\dataset\train\no_yawn\411.jpg,411.jpg,no_yawn,640,480,3,RGB,1.3333,74.98,True,d55cc5d1bea14b58a703ef5e08450892,SIM_1118,train
D:\driver-drowsiness-detection\dataset\train\no_yawn\412.jpg,412.jpg,no_yawn,640,480,3,RGB,1.3333,72.55,True,052cb95c848b4b7e3c4f4dc7d1f01f02,SIM_1118,train
D:\driver-drowsiness-detection\dataset\train\no_yawn\416.jpg,416.jpg,no_yawn,640,480,3,RGB,1.3333,64.9,True,b76e4e7c2f684461ca3288af824dee19,SIM_1118,train
D:\driver-drowsiness-detection\dataset\train\no_yawn\417.jpg,417.jpg,no_yawn,640,480,3,RGB,1.3333,67.35,True,35b46cc4471f8346cd83549fa1d1c4f4,SIM_1118,train
D:\driver-drowsiness-detection\dataset\train\no_yawn\420.jpg,420.jpg,no_yawn,640,480,3,RGB,1.3333,70.91,True,a923c6c0b71f4f561193d425d710f201,SIM_1118,train
D:\driver-drowsiness-detection\dataset\train\no_yawn\431.jpg,431.jpg,no_yawn,640,480,3,RGB,1.3333,67.72,True,cff731303b7621abaf7aaabb5fdd54b3,SIM_1118,train
D:\driver-drowsiness-detection\dataset\train\no_yawn\432.jpg,432.jpg,no_yawn,640,480,3,RGB,1.3333,68.27,True,b98056a322cdab553569c9e1e33ba27a,SIM_1118,train
D:\driver-drowsiness-detection\dataset\train\no_yawn\433.jpg,433.jpg,no_yawn,640,480,3,RGB,1.3333,68.22,True,dd69de988bbe91a9f481ad758954103f,SIM_1118,train
D:\driver-drowsiness-detection\dataset\train\no_yawn\435.jpg,435.jpg,no_yawn,640,480,3,RGB,1.3333,70.75,True,350e3ea83e525537231973e10ac0587b,SIM_1118,train
D:\driver-drowsiness-detection\dataset\train\no_yawn\436.jpg,436.jpg,no_yawn,640,480,3,RGB,1.3333,77.55,True,427ad5a6505fc1d789d30c52e8470e86,SIM_1119,train
D:\driver-drowsiness-detection\dataset\train\no_yawn\437.jpg,437.jpg,no_yawn,640,480,3,RGB,1.3333,75.28,True,e65e61b9669862b3a96a6075f799620f,SIM_1120,test
D:\driver-drowsiness-detection\dataset\train\no_yawn\439.jpg,439.jpg,no_yawn,640,480,3,RGB,1.3333,66.49,True,0b80920d2785f20a224ddf93c6b9e4a7,SIM_1121,validation
D:\driver-drowsiness-detection\dataset\train\no_yawn\443.jpg,443.jpg,no_yawn,640,480,3,RGB,1.3333,70.56,True,dfb0f182137a91111a3f09f5139c0d08,SIM_1120,test
D:\driver-drowsiness-detection\dataset\train\no_yawn\445.jpg,445.jpg,no_yawn,640,480,3,RGB,1.3333,72.18,True,eebfb76e5fc00f6883d3dbb9fed17a44,SIM_1120,test
D:\driver-drowsiness-detection\dataset\train\no_yawn\446.jpg,446.jpg,no_yawn,640,480,3,RGB,1.3333,73.33,True,a3abda51e334a3a04a4842a71e803571,SIM_1122,train
D:\driver-drowsiness-detection\dataset\train\no_yawn\447.jpg,447.jpg,no_yawn,640,480,3,RGB,1.3333,74.27,True,38a385133790e3413015ceadbdd1d6e7,SIM_1122,train
D:\driver-drowsiness-detection\dataset\train\no_yawn\448.jpg,448.jpg,no_yawn,640,480,3,RGB,1.3333,73.64,True,98afd74f742003bd33498abf052c238f,SIM_1120,test
D:\driver-drowsiness-detection\dataset\train\no_yawn\449.jpg,449.jpg,no_yawn,640,480,3,RGB,1.3333,73.39,True,be8c1ef332c3bf1bc144f3a55fad1364,SIM_1120,test
D:\driver-drowsiness-detection\dataset\train\no_yawn\450.jpg,450.jpg,no_yawn,640,480,3,RGB,1.3333,61.25,True,446d95fc9a9a163c342f80c6313780a5,SIM_1120,test
D:\driver-drowsiness-detection\dataset\train\no_yawn\461.jpg,461.jpg,no_yawn,640,480,3,RGB,1.3333,60.9,True,62af3fc06309039b21997aba4984a433,SIM_1123,validation
D:\driver-drowsiness-detection\dataset\train\no_yawn\466.jpg,466.jpg,no_yawn,640,480,3,RGB,1.3333,63.2,True,4e6347d6171991dd8b0c8cf87e3800c6,SIM_1124,train
D:\driver-drowsiness-detection\dataset\train\no_yawn\467.jpg,467.jpg,no_yawn,640,480,3,RGB,1.3333,63.54,True,1c8b5e12d350909f33798064f81e530e,SIM_1125,train
D:\driver-drowsiness-detection\dataset\train\no_yawn\469.jpg,469.jpg,no_yawn,640,480,3,RGB,1.3333,63.97,True,8e83786c9cc2d0045d2b179060ddedfb,SIM_1125,train
D:\driver-drowsiness-detection\dataset\train\no_yawn\470.jpg,470.jpg,no_yawn,640,480,3,RGB,1.3333,64.75,True,4e91c623232a712260c496dfe8353180,SIM_1125,train
D:\driver-drowsiness-detection\dataset\train\no_yawn\481.jpg,481.jpg,no_yawn,640,480,3,RGB,1.3333,74.55,True,b52987e9517bd42a1add504cf99339d1,SIM_1126,train
D:\driver-drowsiness-detection\dataset\train\no_yawn\482.jpg,482.jpg,no_yawn,640,480,3,RGB,1.3333,73.94,True,57c7cbef005d3d241702b42b7fbeeeee,SIM_1127,test
D:\driver-drowsiness-detection\dataset\train\no_yawn\483.jpg,483.jpg,no_yawn,640,480,3,RGB,1.3333,74.52,True,22b9e1f15c4a74ff0bbe33d14a478424,SIM_1128,train
D:\driver-drowsiness-detection\dataset\train\no_yawn\487.jpg,487.jpg,no_yawn,640,480,3,RGB,1.3333,63.35,True,bd38617aa25a52bf16c71a00c6145162,SIM_1126,train
D:\driver-drowsiness-detection\dataset\train\no_yawn\488.jpg,488.jpg,no_yawn,640,480,3,RGB,1.3333,71.41,True,28bdf7634ac7c70c90e7355770b20614,SIM_1129,train
D:\driver-drowsiness-detection\dataset\train\no_yawn\490.jpg,490.jpg,no_yawn,640,480,3,RGB,1.3333,72.87,True,842978abc169bbac1cff3fe5b1e65762,SIM_1130,test
D:\driver-drowsiness-detection\dataset\train\no_yawn\5.jpg,5.jpg,no_yawn,640,480,3,RGB,1.3333,71.22,True,3031d156b12ac2e5dfe9786ba2b07727,SIM_1131,test
D:\driver-drowsiness-detection\dataset\train\no_yawn\501.jpg,501.jpg,no_yawn,640,480,3,RGB,1.3333,70.24,True,f1cbc05ff6c93b033f478fb748acaf56,SIM_1132,train
D:\driver-drowsiness-detection\dataset\train\no_yawn\502.jpg,502.jpg,no_yawn,640,480,3,RGB,1.3333,72.59,True,077a1230aef0214872e1ee696a404cb5,SIM_1132,train
D:\driver-drowsiness-detection\dataset\train\no_yawn\505.jpg,505.jpg,no_yawn,640,480,3,RGB,1.3333,72.19,True,6062ce99f9ec74961aee6929aef23880,SIM_1133,train
D:\driver-drowsiness-detection\dataset\train\no_yawn\507.jpg,507.jpg,no_yawn,640,480,3,RGB,1.3333,76.05,True,9261482bca9844c18154a5b1d8e539f2,SIM_1134,train
D:\driver-drowsiness-detection\dataset\train\no_yawn\509.jpg,509.jpg,no_yawn,640,480,3,RGB,1.3333,77.56,True,f1803801731bcf39988c99ca0e4c1eb5,SIM_1135,train
D:\driver-drowsiness-detection\dataset\train\no_yawn\51.jpg,51.jpg,no_yawn,640,480,3,RGB,1.3333,77.67,True,e1145711722c4e9a10fb20a67d42fd61,SIM_1136,train
D:\driver-drowsiness-detection\dataset\train\no_yawn\510.jpg,510.jpg,no_yawn,640,480,3,RGB,1.3333,76.63,True,21d13254bafe6757688c10b305413a90,SIM_1137,test
D:\driver-drowsiness-detection\dataset\train\no_yawn\521.jpg,521.jpg,no_yawn,640,480,3,RGB,1.3333,75.24,True,3fec51883808d5a00d4e66737661cffe,SIM_1138,train
D:\driver-drowsiness-detection\dataset\train\no_yawn\522.jpg,522.jpg,no_yawn,640,480,3,RGB,1.3333,73.92,True,e8b860accabd65f47f29ae256622c555,SIM_1139,train
D:\driver-drowsiness-detection\dataset\train\no_yawn\525.jpg,525.jpg,no_yawn,640,480,3,RGB,1.3333,68.02,True,a678fd15998a68d6358b1ccdacc29eaf,SIM_1140,test
D:\driver-drowsiness-detection\dataset\train\no_yawn\526.jpg,526.jpg,no_yawn,640,480,3,RGB,1.3333,72.86,True,97b06866c98c1230da6d2c98ca7533a6,SIM_1141,train
D:\driver-drowsiness-detection\dataset\train\no_yawn\528.jpg,528.jpg,no_yawn,640,480,3,RGB,1.3333,73.25,True,3ceffa7d833b2214e33a608e96403015,SIM_1141,train
D:\driver-drowsiness-detection\dataset\train\no_yawn\529.jpg,529.jpg,no_yawn,640,480,3,RGB,1.3333,72.63,True,311414a9b2a6d0aae7ffaeb3d9cd0240,SIM_1142,test
D:\driver-drowsiness-detection\dataset\train\no_yawn\54.jpg,54.jpg,no_yawn,640,480,3,RGB,1.3333,77.64,True,1f749f518cfe59c912f0882ec15ef757,SIM_1143,train
D:\driver-drowsiness-detection\dataset\train\no_yawn\542.jpg,542.jpg,no_yawn,640,480,3,RGB,1.3333,63.75,True,fa8ac43c470de75beeaa659bf6eda8a5,SIM_1144,train
D:\driver-drowsiness-detection\dataset\train\no_yawn\543.jpg,543.jpg,no_yawn,640,480,3,RGB,1.3333,63.35,True,2c2262f04a6e2963f723a85c56bd9a7e,SIM_1144,train
D:\driver-drowsiness-detection\dataset\train\no_yawn\546.jpg,546.jpg,no_yawn,640,480,3,RGB,1.3333,64.43,True,55129041185811c0e18d0077f34d0f19,SIM_1144,train
D:\driver-drowsiness-detection\dataset\train\no_yawn\547.jpg,547.jpg,no_yawn,640,480,3,RGB,1.3333,56.76,True,85feab7930ce596c5140f3bdc6fdb9c8,SIM_1144,train
D:\driver-drowsiness-detection\dataset\train\no_yawn\548.jpg,548.jpg,no_yawn,640,480,3,RGB,1.3333,60.95,True,e5c5cd368d4e4ebc514bfd06946f75a5,SIM_1144,train
D:\driver-drowsiness-detection\dataset\train\no_yawn\551.jpg,551.jpg,no_yawn,640,480,3,RGB,1.3333,61.83,True,1e53a7ef301df4f233e34d93b261d4ec,SIM_1144,train
D:\driver-drowsiness-detection\dataset\train\no_yawn\552.jpg,552.jpg,no_yawn,640,480,3,RGB,1.3333,63.12,True,82a06fc157d28b091f36ef3cb72d0fa1,SIM_1144,train
D:\driver-drowsiness-detection\dataset\train\no_yawn\555.jpg,555.jpg,no_yawn,640,480,3,RGB,1.3333,62.87,True,918898dc06c9d47e0ab5017ce09d4159,SIM_1144,train
D:\driver-drowsiness-detection\dataset\train\no_yawn\557.jpg,557.jpg,no_yawn,640,480,3,RGB,1.3333,85.17,True,39fe7071e0ce9d6a187d75b806ef7c28,SIM_1145,train
D:\driver-drowsiness-detection\dataset\train\no_yawn\558.jpg,558.jpg,no_yawn,640,480,3,RGB,1.3333,77.14,True,22b90f78b3342b8b5dcef3a9e60d88c7,SIM_1145,train
D:\driver-drowsiness-detection\dataset\train\no_yawn\56.jpg,56.jpg,no_yawn,640,480,3,RGB,1.3333,76.77,True,e95259c478996f1deaf87dbfa7ba775a,SIM_1146,train
D:\driver-drowsiness-detection\dataset\train\no_yawn\560.jpg,560.jpg,no_yawn,640,480,3,RGB,1.3333,80.21,True,919a15d3fb08128eccbeee308020dc94,SIM_1147,train
D:\driver-drowsiness-detection\dataset\train\no_yawn\571.jpg,571.jpg,no_yawn,640,480,3,RGB,1.3333,77.83,True,1264682b70f4416e69d4e2a9593c4d34,SIM_1145,train
D:\driver-drowsiness-detection\dataset\train\no_yawn\572.jpg,572.jpg,no_yawn,640,480,3,RGB,1.3333,79.37,True,3b1fbcb14a70732fa833a1db1213896d,SIM_1145,train
D:\driver-drowsiness-detection\dataset\train\no_yawn\573.jpg,573.jpg,no_yawn,640,480,3,RGB,1.3333,78.27,True,618604b119887c00a1900862623d0e92,SIM_1145,train
D:\driver-drowsiness-detection\dataset\train\no_yawn\578.jpg,578.jpg,no_yawn,640,480,3,RGB,1.3333,68.34,True,8d5c9a76c76e581612a0422ef230b3d2,SIM_1145,train
D:\driver-drowsiness-detection\dataset\train\no_yawn\579.jpg,579.jpg,no_yawn,640,480,3,RGB,1.3333,74.41,True,fe6d99078edbdfc8916a5b2d7c60b070,SIM_1145,train
D:\driver-drowsiness-detection\dataset\train\no_yawn\58.jpg,58.jpg,no_yawn,640,480,3,RGB,1.3333,75.43,True,a7e571868d82bb4a2663e5014179f581,SIM_1148,test
D:\driver-drowsiness-detection\dataset\train\no_yawn\580.jpg,580.jpg,no_yawn,640,480,3,RGB,1.3333,76.36,True,21bfaf4287b889050ae193427f728ae4,SIM_1145,train
D:\driver-drowsiness-detection\dataset\train\no_yawn\6.jpg,6.jpg,no_yawn,640,480,3,RGB,1.3333,67.88,True,f775b88e4a60e37c99b482d0feb0715f,SIM_1149,test
D:\driver-drowsiness-detection\dataset\train\no_yawn\601.jpg,601.jpg,no_yawn,640,480,3,RGB,1.3333,68.32,True,4b436af4fe55f1b2203f3bd17704289f,SIM_1150,train
D:\driver-drowsiness-detection\dataset\train\no_yawn\602.jpg,602.jpg,no_yawn,640,480,3,RGB,1.3333,66.5,True,14a51f4a0edca78334f69cd9cff12bfc,SIM_1151,test
D:\driver-drowsiness-detection\dataset\train\no_yawn\603.jpg,603.jpg,no_yawn,640,480,3,RGB,1.3333,68.98,True,4f981169392b7f7d50e01659b536dc64,SIM_1152,train
D:\driver-drowsiness-detection\dataset\train\no_yawn\606.jpg,606.jpg,no_yawn,640,480,3,RGB,1.3333,70.44,True,a2b3ffa697598d2c4975a22f20d76433,SIM_1153,test
D:\driver-drowsiness-detection\dataset\train\no_yawn\607.jpg,607.jpg,no_yawn,640,480,3,RGB,1.3333,70.25,True,fce41c79baf698c891450b426e651454,SIM_1153,test
D:\driver-drowsiness-detection\dataset\train\no_yawn\610.jpg,610.jpg,no_yawn,640,480,3,RGB,1.3333,68.47,True,57caca6b90445d9e5d62d84b8d5f0c32,SIM_1154,test
D:\driver-drowsiness-detection\dataset\train\no_yawn\612.jpg,612.jpg,no_yawn,640,480,3,RGB,1.3333,67.61,True,4a75da6aaae9a68d0432bf827948dcb5,SIM_1155,test
D:\driver-drowsiness-detection\dataset\train\no_yawn\613.jpg,613.jpg,no_yawn,640,480,3,RGB,1.3333,79.99,True,7644b62bb860299f07a1c0251316caf1,SIM_1156,train
D:\driver-drowsiness-detection\dataset\train\no_yawn\615.jpg,615.jpg,no_yawn,640,480,3,RGB,1.3333,78.84,True,3897b228bc4c14c921aea4420d3e3a5c,SIM_1157,validation
D:\driver-drowsiness-detection\dataset\train\no_yawn\616.jpg,616.jpg,no_yawn,640,480,3,RGB,1.3333,78.67,True,edb2ced3f0ca65a8c18be47729f9442b,SIM_1158,train
D:\driver-drowsiness-detection\dataset\train\no_yawn\617.jpg,617.jpg,no_yawn,640,480,3,RGB,1.3333,78.14,True,6b81f79bb7129a18d4a8bdd6b670d3dc,SIM_1159,test
D:\driver-drowsiness-detection\dataset\train\no_yawn\618.jpg,618.jpg,no_yawn,640,480,3,RGB,1.3333,80.38,True,0345f5d8a408b1ab26cf6c0146a32e1c,SIM_1160,train
D:\driver-drowsiness-detection\dataset\train\no_yawn\619.jpg,619.jpg,no_yawn,640,480,3,RGB,1.3333,80.92,True,b68e0503c9e110ee1fc7fd708120fdff,SIM_1160,train
D:\driver-drowsiness-detection\dataset\train\no_yawn\623.jpg,623.jpg,no_yawn,640,480,3,RGB,1.3333,75.36,True,5a07cda903f00884d789cacdbb07f2cb,SIM_1161,train
D:\driver-drowsiness-detection\dataset\train\no_yawn\635.jpg,635.jpg,no_yawn,640,480,3,RGB,1.3333,81.51,True,43a08773e43a6e4a9317e9ccd429fd3c,SIM_1162,train
D:\driver-drowsiness-detection\dataset\train\no_yawn\638.jpg,638.jpg,no_yawn,640,480,3,RGB,1.3333,76.54,True,a680c3ee187b6810bb6fa53225427131,SIM_1163,test
D:\driver-drowsiness-detection\dataset\train\no_yawn\639.jpg,639.jpg,no_yawn,640,480,3,RGB,1.3333,79.77,True,03d1bdbfbd60681d0c85669d6c618289,SIM_1164,train
D:\driver-drowsiness-detection\dataset\train\no_yawn\640.jpg,640.jpg,no_yawn,640,480,3,RGB,1.3333,81.77,True,58e6bb1f62ae50cf529959bd351afaf9,SIM_1165,train
D:\driver-drowsiness-detection\dataset\train\no_yawn\641.jpg,641.jpg,no_yawn,640,480,3,RGB,1.3333,67.26,True,eac785578323854083c240ff0905ab8f,SIM_1166,train
D:\driver-drowsiness-detection\dataset\train\no_yawn\645.jpg,645.jpg,no_yawn,640,480,3,RGB,1.3333,82.05,True,c5e8ccb252017a43f8584b3f36f39bff,SIM_1167,test
D:\driver-drowsiness-detection\dataset\train\no_yawn\646.jpg,646.jpg,no_yawn,640,480,3,RGB,1.3333,80.39,True,8191c7737e57c5d3b6ab74368f51ca49,SIM_1168,train
D:\driver-drowsiness-detection\dataset\train\no_yawn\647.jpg,647.jpg,no_yawn,640,480,3,RGB,1.3333,80.92,True,dff4a0f9c29de4b4c2b14a5b406d946c,SIM_1167,test
D:\driver-drowsiness-detection\dataset\train\no_yawn\648.jpg,648.jpg,no_yawn,640,480,3,RGB,1.3333,80.84,True,0d104984c5d9482d884d77b0d56d5636,SIM_1162,train
D:\driver-drowsiness-detection\dataset\train\no_yawn\652.jpg,652.jpg,no_yawn,640,480,3,RGB,1.3333,78.67,True,8dac9c1c5be24dd8a7f40dd308ecb468,SIM_1169,train
D:\driver-drowsiness-detection\dataset\train\no_yawn\653.jpg,653.jpg,no_yawn,640,480,3,RGB,1.3333,78.65,True,792217525f26d4af94610eb6e5efcc10,SIM_1170,validation
D:\driver-drowsiness-detection\dataset\train\no_yawn\657.jpg,657.jpg,no_yawn,640,480,3,RGB,1.3333,78.18,True,5d6607888633bbafaeae1d3c9afc7e62,SIM_1171,train
D:\driver-drowsiness-detection\dataset\train\no_yawn\658.jpg,658.jpg,no_yawn,640,480,3,RGB,1.3333,78.42,True,7458251460332812ab00b6fee9bdf3f5,SIM_1172,train
D:\driver-drowsiness-detection\dataset\train\no_yawn\659.jpg,659.jpg,no_yawn,640,480,3,RGB,1.3333,69.96,True,14a2377b2e65bfbf2933e59bd6596ca9,SIM_1173,validation
D:\driver-drowsiness-detection\dataset\train\no_yawn\660.jpg,660.jpg,no_yawn,640,480,3,RGB,1.3333,51.46,True,27cdca9d43f7cc8852230d1ddacb8f50,SIM_1174,train
D:\driver-drowsiness-detection\dataset\train\no_yawn\681.jpg,681.jpg,no_yawn,640,480,3,RGB,1.3333,77.48,True,d6fac3e548e9f0e64aae837b6e78c6bc,SIM_1175,train
D:\driver-drowsiness-detection\dataset\train\no_yawn\682.jpg,682.jpg,no_yawn,640,480,3,RGB,1.3333,77.2,True,20f209d181055be4b1ffb853cb27a104,SIM_1176,train
D:\driver-drowsiness-detection\dataset\train\no_yawn\683.jpg,683.jpg,no_yawn,640,480,3,RGB,1.3333,70.22,True,e961a47510e63c58343c31bf43fdc53e,SIM_1177,train
D:\driver-drowsiness-detection\dataset\train\no_yawn\689.jpg,689.jpg,no_yawn,640,480,3,RGB,1.3333,69.68,True,36d82880f27d520a0e9cc094b8455335,SIM_1178,train
D:\driver-drowsiness-detection\dataset\train\no_yawn\7.jpg,7.jpg,no_yawn,640,480,3,RGB,1.3333,74.4,True,bf52a79907b47e3cc67e81af990691a5,SIM_1179,train
D:\driver-drowsiness-detection\dataset\train\no_yawn\701.jpg,701.jpg,no_yawn,640,480,3,RGB,1.3333,72.12,True,3447a04389a52d746bcef6649126a17b,SIM_1180,train
D:\driver-drowsiness-detection\dataset\train\no_yawn\702.jpg,702.jpg,no_yawn,640,480,3,RGB,1.3333,72.09,True,2713e850cbdf65b91110b6fd9e5a114c,SIM_1181,test
D:\driver-drowsiness-detection\dataset\train\no_yawn\703.jpg,703.jpg,no_yawn,640,480,3,RGB,1.3333,69.67,True,3a64732a583da1be8fa28f0a7faa9bac,SIM_1182,train
D:\driver-drowsiness-detection\dataset\train\no_yawn\71.jpg,71.jpg,no_yawn,640,480,3,RGB,1.3333,73.01,True,c2cb1a8323b985de0f564bee1ca86c6d,SIM_1183,train
D:\driver-drowsiness-detection\dataset\train\no_yawn\72.jpg,72.jpg,no_yawn,640,480,3,RGB,1.3333,72.69,True,194cfa76077fbc0b0c1c074d0efc636c,SIM_1183,train
D:\driver-drowsiness-detection\dataset\train\no_yawn\725.jpg,725.jpg,no_yawn,640,480,3,RGB,1.3333,61.21,True,75e7b5e8535c00da237461a8f2f4636b,SIM_1184,test
D:\driver-drowsiness-detection\dataset\train\no_yawn\726.jpg,726.jpg,no_yawn,640,480,3,RGB,1.3333,62.25,True,817d63043207d17e2791b2389f4509cc,SIM_1185,test
D:\driver-drowsiness-detection\dataset\train\no_yawn\728.jpg,728.jpg,no_yawn,640,480,3,RGB,1.3333,61.76,True,249a53c4eb66e4a9d2eb20f91275d710,SIM_1186,train
D:\driver-drowsiness-detection\dataset\train\no_yawn\729.jpg,729.jpg,no_yawn,640,480,3,RGB,1.3333,63.02,True,ebfb09488b16f6ea24fcbefd7af9208f,SIM_1187,train
D:\driver-drowsiness-detection\dataset\train\no_yawn\73.jpg,73.jpg,no_yawn,640,480,3,RGB,1.3333,72.88,True,f0812d37cffee2040702e37e730df870,SIM_1183,train
D:\driver-drowsiness-detection\dataset\train\no_yawn\733.jpg,733.jpg,no_yawn,640,480,3,RGB,1.3333,56.37,True,66aa72ceb10d69df54f0b9f5ee8f36c7,SIM_1188,train
D:\driver-drowsiness-detection\dataset\train\no_yawn\755.jpg,755.jpg,no_yawn,640,480,3,RGB,1.3333,67.93,True,80425a71e21aa1a197dd1d13d19d6564,SIM_1189,train
D:\driver-drowsiness-detection\dataset\train\no_yawn\756.jpg,756.jpg,no_yawn,640,480,3,RGB,1.3333,67.45,True,a714f03b679548d0f542b7dc03af860a,SIM_1189,train
D:\driver-drowsiness-detection\dataset\train\no_yawn\758.jpg,758.jpg,no_yawn,640,480,3,RGB,1.3333,69.26,True,21bd370281806c991c34086b05df1b10,SIM_1189,train
D:\driver-drowsiness-detection\dataset\train\no_yawn\76.jpg,76.jpg,no_yawn,640,480,3,RGB,1.3333,67.69,True,361e8c8cf372454efac80f1d991d22e0,SIM_1183,train
D:\driver-drowsiness-detection\dataset\train\no_yawn\760.jpg,760.jpg,no_yawn,640,480,3,RGB,1.3333,69.15,True,d20de2423518123b3f4bfece97ad1d64,SIM_1190,train
D:\driver-drowsiness-detection\dataset\train\no_yawn\77.jpg,77.jpg,no_yawn,640,480,3,RGB,1.3333,68.07,True,77fc4978759f35dde7eb2888fbd8beb1,SIM_1183,train
D:\driver-drowsiness-detection\dataset\train\no_yawn\771.jpg,771.jpg,no_yawn,640,480,3,RGB,1.3333,73.22,True,ff72370edfec33bd96531e3c083003ad,SIM_1191,train
D:\driver-drowsiness-detection\dataset\train\no_yawn\773.jpg,773.jpg,no_yawn,640,480,3,RGB,1.3333,75.21,True,4638955fb6ae01acc69ebc473917af2b,SIM_1192,validation
D:\driver-drowsiness-detection\dataset\train\no_yawn\775.jpg,775.jpg,no_yawn,640,480,3,RGB,1.3333,75.68,True,0ba761ca4f6a003ac35e8ada9d6b4ec2,SIM_1193,train
D:\driver-drowsiness-detection\dataset\train\no_yawn\778.jpg,778.jpg,no_yawn,640,480,3,RGB,1.3333,70.45,True,5e218f6370669e402ff83e8126db2adb,SIM_1194,train
D:\driver-drowsiness-detection\dataset\train\no_yawn\779.jpg,779.jpg,no_yawn,640,480,3,RGB,1.3333,70.28,True,e806fa07353c110e01acb0900cb02e50,SIM_1192,validation
D:\driver-drowsiness-detection\dataset\train\no_yawn\78.jpg,78.jpg,no_yawn,640,480,3,RGB,1.3333,70.25,True,9bab6526efb59e834df1831215e4b64a,SIM_1183,train
D:\driver-drowsiness-detection\dataset\train\no_yawn\780.jpg,780.jpg,no_yawn,640,480,3,RGB,1.3333,72.91,True,099c7f8a753b56a17ae436f57fb35b3e,SIM_1195,train
D:\driver-drowsiness-detection\dataset\train\no_yawn\781.jpg,781.jpg,no_yawn,640,480,3,RGB,1.3333,72.71,True,77fd0a0df1a41e97c1a24202a9c55d6a,SIM_1195,train
D:\driver-drowsiness-detection\dataset\train\no_yawn\782.jpg,782.jpg,no_yawn,640,480,3,RGB,1.3333,73.57,True,56fb391ac5d3487904ba9a45a6b53a0a,SIM_1196,train
D:\driver-drowsiness-detection\dataset\train\no_yawn\786.jpg,786.jpg,no_yawn,640,480,3,RGB,1.3333,76.69,True,c96ef1f3fde3877bce93d0320d905806,SIM_1197,train
D:\driver-drowsiness-detection\dataset\train\no_yawn\787.jpg,787.jpg,no_yawn,640,480,3,RGB,1.3333,74.75,True,e4ee441940935332e98702bed933520d,SIM_1198,train
D:\driver-drowsiness-detection\dataset\train\no_yawn\788.jpg,788.jpg,no_yawn,640,480,3,RGB,1.3333,72.6,True,03402d0f7cc0cc6fa9b282f9135deddf,SIM_1199,train
D:\driver-drowsiness-detection\dataset\train\no_yawn\79.jpg,79.jpg,no_yawn,640,480,3,RGB,1.3333,70.54,True,96f2486103c4d8e8a2d91f52c0c0c70c,SIM_1183,train
D:\driver-drowsiness-detection\dataset\train\no_yawn\791.jpg,791.jpg,no_yawn,640,480,3,RGB,1.3333,70.03,True,c38653dfdf0a0f20c7ad20020a9dc2f2,SIM_1200,train
D:\driver-drowsiness-detection\dataset\train\no_yawn\792.jpg,792.jpg,no_yawn,640,480,3,RGB,1.3333,71.25,True,1c15477052906488d7a079152c265fab,SIM_1201,train
D:\driver-drowsiness-detection\dataset\train\no_yawn\793.jpg,793.jpg,no_yawn,640,480,3,RGB,1.3333,69.8,True,67e20751072bfe959bb616ff1569d4bb,SIM_1202,train
D:\driver-drowsiness-detection\dataset\train\no_yawn\8.jpg,8.jpg,no_yawn,640,480,3,RGB,1.3333,73.46,True,36d943e93b2fba19e59b8405a28e4e0f,SIM_0727,train
D:\driver-drowsiness-detection\dataset\train\no_yawn\828.jpg,828.jpg,no_yawn,640,480,3,RGB,1.3333,64.49,True,99a916b4fdb3ff53fe794d71ad25ab2f,SIM_1203,validation
D:\driver-drowsiness-detection\dataset\train\no_yawn\829.jpg,829.jpg,no_yawn,640,480,3,RGB,1.3333,64.94,True,8b03b1291a34c6d4e58fb1f25184ca75,SIM_1203,validation
D:\driver-drowsiness-detection\dataset\train\no_yawn\830.jpg,830.jpg,no_yawn,640,480,3,RGB,1.3333,65.29,True,f409f60f8b6e8b2904dfcf5201a4f0e9,SIM_1203,validation
D:\driver-drowsiness-detection\dataset\train\no_yawn\831.jpg,831.jpg,no_yawn,640,480,3,RGB,1.3333,67.63,True,01288571640bf054ba61545fca8b953f,SIM_1203,validation
D:\driver-drowsiness-detection\dataset\train\no_yawn\833.jpg,833.jpg,no_yawn,640,480,3,RGB,1.3333,68.54,True,df0b5c36e665b5531f3e02aa9c597507,SIM_1203,validation
D:\driver-drowsiness-detection\dataset\train\no_yawn\837.jpg,837.jpg,no_yawn,640,480,3,RGB,1.3333,73.46,True,24bfdcb574bde172b52224af00019568,SIM_1204,train
D:\driver-drowsiness-detection\dataset\train\no_yawn\840.jpg,840.jpg,no_yawn,640,480,3,RGB,1.3333,62.14,True,cca6f13219c5f8a894bb2838d1245e8c,SIM_1205,train
D:\driver-drowsiness-detection\dataset\train\no_yawn\851.jpg,851.jpg,no_yawn,640,480,3,RGB,1.3333,73.27,True,79befc2854f60ed5b165a09ec7655035,SIM_1206,validation
D:\driver-drowsiness-detection\dataset\train\no_yawn\852.jpg,852.jpg,no_yawn,640,480,3,RGB,1.3333,58.04,True,e637d289f67c4daeba5b78aad6c77bb3,SIM_1206,validation
D:\driver-drowsiness-detection\dataset\train\no_yawn\853.jpg,853.jpg,no_yawn,640,480,3,RGB,1.3333,65.85,True,82ac60dfc1246dff6ebfef096bc1d70e,SIM_1206,validation
D:\driver-drowsiness-detection\dataset\train\no_yawn\854.jpg,854.jpg,no_yawn,640,480,3,RGB,1.3333,65.85,True,e96be90f32db0237db7b635b4839dc38,SIM_1206,validation
D:\driver-drowsiness-detection\dataset\train\no_yawn\866.jpg,866.jpg,no_yawn,640,480,3,RGB,1.3333,78.62,True,9bd40788b2cccaa0f5368cf1058566b5,SIM_1207,train
D:\driver-drowsiness-detection\dataset\train\no_yawn\867.jpg,867.jpg,no_yawn,640,480,3,RGB,1.3333,75.55,True,18c7405c51801ac15287a49780c3f700,SIM_1208,train
D:\driver-drowsiness-detection\dataset\train\no_yawn\868.jpg,868.jpg,no_yawn,640,480,3,RGB,1.3333,77.35,True,fc0625e3ebeb6e45e466109d4649ed5b,SIM_1209,train
D:\driver-drowsiness-detection\dataset\train\no_yawn\884.jpg,884.jpg,no_yawn,640,480,3,RGB,1.3333,75.77,True,28a7c97a852243b2932be9818d947802,SIM_1210,validation
D:\driver-drowsiness-detection\dataset\train\no_yawn\896.jpg,896.jpg,no_yawn,640,480,3,RGB,1.3333,68.62,True,3f4c69b3e3a795ae1379c3528d48b5f1,SIM_1211,train
D:\driver-drowsiness-detection\dataset\train\no_yawn\897.jpg,897.jpg,no_yawn,640,480,3,RGB,1.3333,67.33,True,21b49ab5443a27c6a9ba483eb4ef5613,SIM_1212,train
D:\driver-drowsiness-detection\dataset\train\no_yawn\898.jpg,898.jpg,no_yawn,640,480,3,RGB,1.3333,68.78,True,e14807d09c02ff1cb989e1842aed9045,SIM_1213,test
D:\driver-drowsiness-detection\dataset\train\no_yawn\899.jpg,899.jpg,no_yawn,640,480,3,RGB,1.3333,62.07,True,e013cb329e09617ab88ddac99a30aab8,SIM_1214,train
D:\driver-drowsiness-detection\dataset\train\no_yawn\9.jpg,9.jpg,no_yawn,640,480,3,RGB,1.3333,75.57,True,8a043d0a828cb3f16a61c05669b1e73c,SIM_1215,validation
D:\driver-drowsiness-detection\dataset\train\no_yawn\900.jpg,900.jpg,no_yawn,640,480,3,RGB,1.3333,62.0,True,961b977cb8116c9b1210408d312614e7,SIM_1216,test
D:\driver-drowsiness-detection\dataset\train\no_yawn\91.jpg,91.jpg,no_yawn,640,480,3,RGB,1.3333,68.01,True,b27bd74418c2426a31a5af93591ba4d2,SIM_1217,train
D:\driver-drowsiness-detection\dataset\train\no_yawn\911.jpg,911.jpg,no_yawn,640,480,3,RGB,1.3333,55.7,True,f09a8877eb58ff5de38fcf8b1f6f3aa7,SIM_1218,validation
D:\driver-drowsiness-detection\dataset\train\no_yawn\914.jpg,914.jpg,no_yawn,640,480,3,RGB,1.3333,66.04,True,f3fa398457e128c7dac36dee4d5bf017,SIM_1219,test
D:\driver-drowsiness-detection\dataset\train\no_yawn\918.jpg,918.jpg,no_yawn,640,480,3,RGB,1.3333,74.71,True,254c3d18fb93f3faccb1d4226114403e,SIM_1220,test
D:\driver-drowsiness-detection\dataset\train\no_yawn\919.jpg,919.jpg,no_yawn,640,480,3,RGB,1.3333,66.55,True,1c43f2e0ded341e703b278b53a6986eb,SIM_1221,train
D:\driver-drowsiness-detection\dataset\train\no_yawn\93.jpg,93.jpg,no_yawn,640,480,3,RGB,1.3333,69.25,True,89e807c4ac4925d05f8d687e4572bc5a,SIM_1222,train
D:\driver-drowsiness-detection\dataset\train\no_yawn\931.jpg,931.jpg,no_yawn,640,480,3,RGB,1.3333,60.67,True,c75376a2e934178347f387ba83de1fe7,SIM_1223,train
D:\driver-drowsiness-detection\dataset\train\no_yawn\932.jpg,932.jpg,no_yawn,640,480,3,RGB,1.3333,66.89,True,ab41b0a86327a8ab7a42c01ef34695b9,SIM_1224,train
D:\driver-drowsiness-detection\dataset\train\no_yawn\933.jpg,933.jpg,no_yawn,640,480,3,RGB,1.3333,66.92,True,cde9578c376db0a370915cf6a1bf977c,SIM_1225,validation
D:\driver-drowsiness-detection\dataset\train\no_yawn\94.jpg,94.jpg,no_yawn,640,480,3,RGB,1.3333,54.5,True,548cb1a32b2402460ce86dfa95ab65d5,SIM_1226,train
D:\driver-drowsiness-detection\dataset\train\no_yawn\957.jpg,957.jpg,no_yawn,640,480,3,RGB,1.3333,67.46,True,9f3cfec60602957ac2b56107ef6d1327,SIM_1227,train
D:\driver-drowsiness-detection\dataset\train\no_yawn\958.jpg,958.jpg,no_yawn,640,480,3,RGB,1.3333,67.44,True,d68f39152b64b9ae79c7a335b5b41835,SIM_1228,test
D:\driver-drowsiness-detection\dataset\train\no_yawn\959.jpg,959.jpg,no_yawn,640,480,3,RGB,1.3333,66.79,True,c218d257ced6ca214075d4e46d863324,SIM_1229,train
D:\driver-drowsiness-detection\dataset\train\no_yawn\962.jpg,962.jpg,no_yawn,640,480,3,RGB,1.3333,68.46,True,fa965fcd723506882dc937d6c89dc62f,SIM_1230,train
D:\driver-drowsiness-detection\dataset\train\no_yawn\963.jpg,963.jpg,no_yawn,640,480,3,RGB,1.3333,55.13,True,3aa5130ebf4cbec2ec377ec7a7d37c2f,SIM_1231,train
D:\driver-drowsiness-detection\dataset\train\no_yawn\964.jpg,964.jpg,no_yawn,640,480,3,RGB,1.3333,60.67,True,139998827c91241334fb01c58c3e056b,SIM_1232,train
D:\driver-drowsiness-detection\dataset\train\no_yawn\976.jpg,976.jpg,no_yawn,640,480,3,RGB,1.3333,76.67,True,21c8ef9de922b587c87eca5ab2b28730,SIM_1233,train
D:\driver-drowsiness-detection\dataset\train\no_yawn\98.jpg,98.jpg,no_yawn,640,480,3,RGB,1.3333,64.79,True,80ed82b75957e801742e818f73b608cc,SIM_1234,train
D:\driver-drowsiness-detection\dataset\train\no_yawn\980.jpg,980.jpg,no_yawn,640,480,3,RGB,1.3333,75.11,True,86cb939aa7abc77d37ba6a4c935d8cd9,SIM_1235,train
D:\driver-drowsiness-detection\dataset\train\no_yawn\981.jpg,981.jpg,no_yawn,640,480,3,RGB,1.3333,71.69,True,d2760ad8e63fd4bf14714367c69b05ba,SIM_1236,validation
D:\driver-drowsiness-detection\dataset\train\no_yawn\982.jpg,982.jpg,no_yawn,640,480,3,RGB,1.3333,73.44,True,4f8e4d515b937c5c63cecdf22cf7d9bc,SIM_1237,train
D:\driver-drowsiness-detection\dataset\train\no_yawn\983.jpg,983.jpg,no_yawn,640,480,3,RGB,1.3333,73.86,True,02ffe2e5c3120b175099a0f020315842,SIM_1235,train
D:\driver-drowsiness-detection\dataset\train\no_yawn\987.jpg,987.jpg,no_yawn,640,480,3,RGB,1.3333,81.18,True,77a2a968ac6289f5b3194f3e487f147b,SIM_1238,train
D:\driver-drowsiness-detection\dataset\train\no_yawn\988.jpg,988.jpg,no_yawn,640,480,3,RGB,1.3333,83.11,True,2d0ec336db6e1cceecc19aaeb355f3dd,SIM_1239,test
D:\driver-drowsiness-detection\dataset\train\no_yawn\99.jpg,99.jpg,no_yawn,640,480,3,RGB,1.3333,67.83,True,2c6263221bbffe7022a73d0ff239b0d8,SIM_1240,validation
D:\driver-drowsiness-detection\dataset\train\no_yawn\991.jpg,991.jpg,no_yawn,640,480,3,RGB,1.3333,82.52,True,0752e23db6b51495da7d5b76e82cdfbe,SIM_1241,train
D:\driver-drowsiness-detection\dataset\train\no_yawn\992.jpg,992.jpg,no_yawn,640,480,3,RGB,1.3333,81.47,True,10cc3c41cd456fe84fc9d217c99b6277,SIM_1242,train
D:\driver-drowsiness-detection\dataset\train\no_yawn\993.jpg,993.jpg,no_yawn,640,480,3,RGB,1.3333,79.74,True,f67388c7e53717ee40574ff027445932,SIM_1243,train
D:\driver-drowsiness-detection\dataset\train\no_yawn\994.jpg,994.jpg,no_yawn,640,480,3,RGB,1.3333,75.6,True,5ce055346e4b9b889e81921e52a73fcc,SIM_1244,test
D:\driver-drowsiness-detection\dataset\train\no_yawn\997.jpg,997.jpg,no_yawn,640,480,3,RGB,1.3333,68.23,True,71480ad096d0fa6e981387de50d55058,SIM_1245,train
D:\driver-drowsiness-detection\dataset\train\no_yawn\998.jpg,998.jpg,no_yawn,640,480,3,RGB,1.3333,77.65,True,9c1a32698b8e289e63f166cfcc84f084,SIM_1246,train
D:\driver-drowsiness-detection\dataset\train\Open\_0.jpg,_0.jpg,Open,175,175,3,RGB,1.0,8.41,True,73a4cd2c098b791a72dcbe3bb40ea95d,SIM_1247,validation
D:\driver-drowsiness-detection\dataset\train\Open\_1.jpg,_1.jpg,Open,88,86,3,RGB,1.0233,10.79,True,c892f7d75f20cd090e19ee780ba9da9a,SIM_1248,train
D:\driver-drowsiness-detection\dataset\train\Open\_10.jpg,_10.jpg,Open,297,253,3,RGB,1.1739,22.4,True,808d32018ee036a031347cb62995dd21,SIM_1249,validation
D:\driver-drowsiness-detection\dataset\train\Open\_100.jpg,_100.jpg,Open,379,300,3,RGB,1.2633,20.24,True,d55e240d5a1d781c4c9a6e73341226cb,SIM_1250,train
D:\driver-drowsiness-detection\dataset\train\Open\_101.jpg,_101.jpg,Open,424,300,3,RGB,1.4133,34.21,True,078771d8203e56e889249a9bc1463342,SIM_1251,validation
D:\driver-drowsiness-detection\dataset\train\Open\_102.jpg,_102.jpg,Open,533,300,3,RGB,1.7767,39.73,True,cad7c97806610a026696d394eb01d7fa,SIM_1252,train
D:\driver-drowsiness-detection\dataset\train\Open\_103.jpg,_103.jpg,Open,385,300,3,RGB,1.2833,19.98,True,4f6be94fdde3ed8872b8ce0737641750,SIM_1253,validation
D:\driver-drowsiness-detection\dataset\train\Open\_104.jpg,_104.jpg,Open,388,300,3,RGB,1.2933,28.68,True,bc5a24914c7a472ea6caeaf824bfb0ef,SIM_1254,train
D:\driver-drowsiness-detection\dataset\train\Open\_105.jpg,_105.jpg,Open,493,300,3,RGB,1.6433,36.03,True,58d950753585e131c5936a1caf745842,SIM_1255,validation
D:\driver-drowsiness-detection\dataset\train\Open\_106.jpg,_106.jpg,Open,368,300,3,RGB,1.2267,20.82,True,53891768dd786c8fd92213749d59229f,SIM_1256,train
D:\driver-drowsiness-detection\dataset\train\Open\_107.jpg,_107.jpg,Open,395,300,3,RGB,1.3167,21.97,True,c002efeba36b876ef3603b9144907665,SIM_1257,validation
D:\driver-drowsiness-detection\dataset\train\Open\_108.jpg,_108.jpg,Open,422,300,3,RGB,1.4067,28.24,True,e046731b8ce756eea493405858eca8b4,SIM_1258,test
D:\driver-drowsiness-detection\dataset\train\Open\_109.jpg,_109.jpg,Open,404,300,3,RGB,1.3467,18.17,True,44ecaacf9680f026404f3da9ca6cb72e,SIM_1259,train
D:\driver-drowsiness-detection\dataset\train\Open\_11.jpg,_11.jpg,Open,433,298,3,RGB,1.453,29.57,True,32fb01f13431de789462909965a01462,SIM_1260,train
D:\driver-drowsiness-detection\dataset\train\Open\_110.jpg,_110.jpg,Open,399,399,3,RGB,1.0,32.2,True,e420bb8c16af848e6aceaa05a47a5601,SIM_1261,train
D:\driver-drowsiness-detection\dataset\train\Open\_111.jpg,_111.jpg,Open,350,300,3,RGB,1.1667,19.43,True,7dcbdd29f378c0cbb02c27df5b66ab8c,SIM_1262,train
D:\driver-drowsiness-detection\dataset\train\Open\_112.jpg,_112.jpg,Open,428,300,3,RGB,1.4267,27.61,True,83798287b1bae5f3f85faf211f7021bf,SIM_1263,validation
D:\driver-drowsiness-detection\dataset\train\Open\_113.jpg,_113.jpg,Open,313,300,3,RGB,1.0433,19.86,True,6abd7ebfd39ce75f13f3d9b2e7521a99,SIM_1264,train
D:\driver-drowsiness-detection\dataset\train\Open\_114.jpg,_114.jpg,Open,568,300,3,RGB,1.8933,32.45,True,548959cb7a7e71e50b52e88664dd110f,SIM_1265,train
D:\driver-drowsiness-detection\dataset\train\Open\_115.jpg,_115.jpg,Open,300,345,3,RGB,0.8696,16.73,True,b6ed454c095e690506fc1d4d49565abc,SIM_1266,train
D:\driver-drowsiness-detection\dataset\train\Open\_116.jpg,_116.jpg,Open,334,300,3,RGB,1.1133,18.12,True,d9880416681486e6e6a059888b743a18,SIM_1267,train
D:\driver-drowsiness-detection\dataset\train\Open\_117.jpg,_117.jpg,Open,400,300,3,RGB,1.3333,36.25,True,c2686fedbad4de2fbcaa4a15c53a821e,SIM_1268,test
D:\driver-drowsiness-detection\dataset\train\Open\_118.jpg,_118.jpg,Open,395,300,3,RGB,1.3167,22.85,True,d90699d79cc4c54f735124c80f012ad4,SIM_1269,train
D:\driver-drowsiness-detection\dataset\train\Open\_119.jpg,_119.jpg,Open,415,300,3,RGB,1.3833,23.71,True,4111baa35d46e50c26131c22b943cb6a,SIM_1270,train
D:\driver-drowsiness-detection\dataset\train\Open\_12.jpg,_12.jpg,Open,450,300,3,RGB,1.5,33.38,True,a93246794a748aac21d58f9cf037c32a,SIM_1271,train
D:\driver-drowsiness-detection\dataset\train\Open\_120.jpg,_120.jpg,Open,297,273,3,RGB,1.0879,19.84,True,8c391483799305facbdb74fd970f7825,SIM_1272,train
D:\driver-drowsiness-detection\dataset\train\Open\_121.jpg,_121.jpg,Open,300,337,3,RGB,0.8902,26.4,True,fdaa5d7eef37b442283c5c83903b35da,SIM_1273,train
D:\driver-drowsiness-detection\dataset\train\Open\_122.jpg,_122.jpg,Open,152,152,3,RGB,1.0,7.13,True,b0d429e4b47b79298d416c95ce8acd18,SIM_1274,train
D:\driver-drowsiness-detection\dataset\train\Open\_123.jpg,_123.jpg,Open,83,69,3,RGB,1.2029,8.6,True,e741cf9cfee78eb46ad8f0963c578cca,SIM_1275,validation
D:\driver-drowsiness-detection\dataset\train\Open\_124.jpg,_124.jpg,Open,334,334,3,RGB,1.0,22.65,True,bd459d378498df363c0fe822db31147d,SIM_1276,test
D:\driver-drowsiness-detection\dataset\train\Open\_125.jpg,_125.jpg,Open,104,58,3,RGB,1.7931,20.27,True,a473e13195b982d0e8aa445cb115f772,SIM_1277,validation
D:\driver-drowsiness-detection\dataset\train\Open\_126.jpg,_126.jpg,Open,236,237,3,RGB,0.9958,13.36,True,ca464fb40758157f68de766afafa9af3,SIM_1278,validation
D:\driver-drowsiness-detection\dataset\train\Open\_127.jpg,_127.jpg,Open,458,346,3,RGB,1.3237,51.13,True,490a6eda360d8b6a775ba0ca887516db,SIM_1279,train
D:\driver-drowsiness-detection\dataset\train\Open\_128.jpg,_128.jpg,Open,593,488,3,RGB,1.2152,85.74,True,35f339fa5f5e7665df6be3d965eca417,SIM_1280,train
D:\driver-drowsiness-detection\dataset\train\Open\_129.jpg,_129.jpg,Open,337,300,3,RGB,1.1233,25.42,True,bc58a1c8ba8190c51926d34c99a541e5,SIM_1281,train
D:\driver-drowsiness-detection\dataset\train\Open\_13.jpg,_13.jpg,Open,358,300,3,RGB,1.1933,29.1,True,437f46797489c3b71a53ba69fbd5fc83,SIM_1282,train
D:\driver-drowsiness-detection\dataset\train\Open\_130.jpg,_130.jpg,Open,245,254,3,RGB,0.9646,23.76,True,e3a8160312b288fe2fd4ebcb31b819b3,SIM_1283,test
D:\driver-drowsiness-detection\dataset\train\Open\_131.jpg,_131.jpg,Open,316,300,3,RGB,1.0533,30.77,True,cc0a2ad7ca575695b56033948a1ae573,SIM_1284,train
D:\driver-drowsiness-detection\dataset\train\Open\_132.jpg,_132.jpg,Open,313,300,3,RGB,1.0433,34.93,True,b888e1dd0ba2ec5f5c5094eb4b16b31e,SIM_1285,validation
D:\driver-drowsiness-detection\dataset\train\Open\_133.jpg,_133.jpg,Open,233,219,3,RGB,1.0639,22.29,True,8f36be84ac73399d980466fb4a88d319,SIM_1286,train
D:\driver-drowsiness-detection\dataset\train\Open\_134.jpg,_134.jpg,Open,223,228,3,RGB,0.9781,24.19,True,bde93a9b2f91e594349705b25c28fefb,SIM_1287,train
D:\driver-drowsiness-detection\dataset\train\Open\_135.jpg,_135.jpg,Open,411,300,3,RGB,1.37,43.02,True,611d1baecbebe0d76f01ff50b37ed6c7,SIM_1288,train
D:\driver-drowsiness-detection\dataset\train\Open\_136.jpg,_136.jpg,Open,502,502,3,RGB,1.0,64.14,True,48385fcfb42da58886bd3809784c2fd2,SIM_1289,train
D:\driver-drowsiness-detection\dataset\train\Open\_137.jpg,_137.jpg,Open,104,58,3,RGB,1.7931,20.03,True,72302c0ceba2051b2332300218a475f3,SIM_1290,train
D:\driver-drowsiness-detection\dataset\train\Open\_138.jpg,_138.jpg,Open,387,300,3,RGB,1.29,36.57,True,c46131c1e1f3fb20c1660cf950f40426,SIM_1291,train
D:\driver-drowsiness-detection\dataset\train\Open\_139.jpg,_139.jpg,Open,451,300,3,RGB,1.5033,38.71,True,0b9aa7d4bd20f5435786ec9d173746b3,SIM_1292,test
D:\driver-drowsiness-detection\dataset\train\Open\_14.jpg,_14.jpg,Open,153,153,3,RGB,1.0,4.68,True,dd18e0c4a648483a694beb805f7665dd,SIM_1293,train
D:\driver-drowsiness-detection\dataset\train\Open\_140.jpg,_140.jpg,Open,374,300,3,RGB,1.2467,32.18,True,e35ff4ef6fe05c71b44160f991955352,SIM_1294,train
D:\driver-drowsiness-detection\dataset\train\Open\_141.jpg,_141.jpg,Open,300,333,3,RGB,0.9009,26.87,True,17cd5a05d49ad34404eefb4174d63bf7,SIM_1295,test
D:\driver-drowsiness-detection\dataset\train\Open\_142.jpg,_142.jpg,Open,304,300,3,RGB,1.0133,24.8,True,e33923712214828a3452efa596408cc2,SIM_1296,train
D:\driver-drowsiness-detection\dataset\train\Open\_143.jpg,_143.jpg,Open,266,276,3,RGB,0.9638,29.46,True,1043d3c920eeff7bd31525b5169c4cc2,SIM_1297,train
D:\driver-drowsiness-detection\dataset\train\Open\_144.jpg,_144.jpg,Open,261,261,3,RGB,1.0,29.11,True,b73b4b2556af3a584c65063f9cd829e2,SIM_1298,test
D:\driver-drowsiness-detection\dataset\train\Open\_145.jpg,_145.jpg,Open,300,321,3,RGB,0.9346,34.78,True,a16dcf12917f766d12d5ee840a494709,SIM_1299,train
D:\driver-drowsiness-detection\dataset\train\Open\_146.jpg,_146.jpg,Open,453,404,3,RGB,1.1213,57.14,True,923c1dee59f361bf5b9733f952af77cf,SIM_1300,train
D:\driver-drowsiness-detection\dataset\train\Open\_147.jpg,_147.jpg,Open,357,300,3,RGB,1.19,45.24,True,84555d24475821a5f6ebd83d98236b91,SIM_1301,test
D:\driver-drowsiness-detection\dataset\train\Open\_148.jpg,_148.jpg,Open,515,515,3,RGB,1.0,71.89,True,f7f19fce36f1c3d9488f30eb0af5619a,SIM_1302,train
D:\driver-drowsiness-detection\dataset\train\Open\_149.jpg,_149.jpg,Open,300,339,3,RGB,0.885,22.8,True,84739cb039e94ec46682c96c8bb6b88c,SIM_1303,train
D:\driver-drowsiness-detection\dataset\train\Open\_15.jpg,_15.jpg,Open,272,300,3,RGB,0.9067,21.62,True,f3c9e787ec3f29751a37c12d3995559e,SIM_1304,train
D:\driver-drowsiness-detection\dataset\train\Open\_150.jpg,_150.jpg,Open,270,228,3,RGB,1.1842,36.44,True,2cb51b5b5d740440a929b59b25ca188b,SIM_1305,train
D:\driver-drowsiness-detection\dataset\train\Open\_151.jpg,_151.jpg,Open,245,227,3,RGB,1.0793,13.09,True,53fb6978862af5067be22e55d28bf7c4,SIM_1306,validation
D:\driver-drowsiness-detection\dataset\train\Open\_152.jpg,_152.jpg,Open,241,249,3,RGB,0.9679,13.7,True,24fd562ac5a3b722ae6bf0808208ba99,SIM_1307,test
D:\driver-drowsiness-detection\dataset\train\Open\_153.jpg,_153.jpg,Open,309,300,3,RGB,1.03,30.46,True,462d6b60e444fe1049024ce2a8cfe81c,SIM_1308,train
D:\driver-drowsiness-detection\dataset\train\Open\_154.jpg,_154.jpg,Open,261,259,3,RGB,1.0077,28.88,True,4c668d9501708adb09faaccb74d6b0aa,SIM_1309,train
D:\driver-drowsiness-detection\dataset\train\Open\_155.jpg,_155.jpg,Open,326,300,3,RGB,1.0867,27.91,True,a6bb0be8b7b4ea78ea6ec547f537c49f,SIM_1310,train
D:\driver-drowsiness-detection\dataset\train\Open\_156.jpg,_156.jpg,Open,251,253,3,RGB,0.9921,26.24,True,00bf6a098d405ced641e99c3e821e76d,SIM_1311,train
D:\driver-drowsiness-detection\dataset\train\Open\_157.jpg,_157.jpg,Open,267,259,3,RGB,1.0309,24.98,True,8fa9690a359d3266d451fa6154c8ae01,SIM_1312,train
D:\driver-drowsiness-detection\dataset\train\Open\_158.jpg,_158.jpg,Open,262,241,3,RGB,1.0871,27.19,True,bedb31dc545b4ed31625946a1195561b,SIM_1313,test
D:\driver-drowsiness-detection\dataset\train\Open\_159.jpg,_159.jpg,Open,250,249,3,RGB,1.004,22.93,True,9e697c77a59696a3cf64655d66debf9e,SIM_1314,train
D:\driver-drowsiness-detection\dataset\train\Open\_16.jpg,_16.jpg,Open,535,300,3,RGB,1.7833,29.08,True,1bf2d71e50fc24fe813f199f4fba8b13,SIM_1315,train
D:\driver-drowsiness-detection\dataset\train\Open\_160.jpg,_160.jpg,Open,455,455,3,RGB,1.0,48.49,True,e123292d627ab2ff5a77fe9c33c0c5e6,SIM_1316,validation
D:\driver-drowsiness-detection\dataset\train\Open\_161.jpg,_161.jpg,Open,226,128,3,RGB,1.7656,25.3,True,559a48de661e03868955b0698ab8aabe,SIM_1317,train
D:\driver-drowsiness-detection\dataset\train\Open\_162.jpg,_162.jpg,Open,254,247,3,RGB,1.0283,24.52,True,eea60ad825fb1f20f061abe1b5b0aeef,SIM_1318,train
D:\driver-drowsiness-detection\dataset\train\Open\_163.jpg,_163.jpg,Open,276,237,3,RGB,1.1646,29.97,True,42248a60f0bbe47e6bd68b7cadddc30c,SIM_1319,validation
D:\driver-drowsiness-detection\dataset\train\Open\_164.jpg,_164.jpg,Open,247,239,3,RGB,1.0335,28.59,True,593b468d767a291cb38d913eb43907fe,SIM_1320,train
D:\driver-drowsiness-detection\dataset\train\Open\_165.jpg,_165.jpg,Open,237,175,3,RGB,1.3543,27.23,True,bcb00bb3d7c04f0285e99dea2f55e1ba,SIM_1321,train
D:\driver-drowsiness-detection\dataset\train\Open\_166.jpg,_166.jpg,Open,189,189,3,RGB,1.0,7.52,True,37b03ffa9212ab19d6ecd41c6ba838bc,SIM_1322,train
D:\driver-drowsiness-detection\dataset\train\Open\_167.jpg,_167.jpg,Open,146,146,3,RGB,1.0,8.18,True,d7ea17c3d018ded1d12dbfb924a0e547,SIM_1323,train
D:\driver-drowsiness-detection\dataset\train\Open\_168.jpg,_168.jpg,Open,253,252,3,RGB,1.004,13.88,True,7df1e86cd5d4d725c1e695acda23491e,SIM_1324,train
D:\driver-drowsiness-detection\dataset\train\Open\_169.jpg,_169.jpg,Open,284,284,3,RGB,1.0,17.95,True,26b24ab74500e9805efb2a3faeb673cc,SIM_1325,validation
D:\driver-drowsiness-detection\dataset\train\Open\_17.jpg,_17.jpg,Open,101,75,3,RGB,1.3467,22.14,True,e45a11838fc4dc31bbd54335f1b10e13,SIM_1326,train
D:\driver-drowsiness-detection\dataset\train\Open\_170.jpg,_170.jpg,Open,189,197,3,RGB,0.9594,9.62,True,9b840473a3d1b1b31c8dee6a5621854d,SIM_1327,train
D:\driver-drowsiness-detection\dataset\train\Open\_171.jpg,_171.jpg,Open,311,265,3,RGB,1.1736,19.2,True,bd3527aa833fc0ddccb6640f27b3fc1c,SIM_1328,test
D:\driver-drowsiness-detection\dataset\train\Open\_172.jpg,_172.jpg,Open,515,515,3,RGB,1.0,71.88,True,6c7ab62740e9a0acf8ba7fbe7b965592,SIM_1329,train
D:\driver-drowsiness-detection\dataset\train\Open\_173.jpg,_173.jpg,Open,227,128,3,RGB,1.7734,26.15,True,d2183068484df0d8ee89cc97162bce1c,SIM_1330,validation
D:\driver-drowsiness-detection\dataset\train\Open\_174.jpg,_174.jpg,Open,390,354,3,RGB,1.1017,30.92,True,6e478d4468112a7f3ade2c101e3359ba,SIM_1331,train
D:\driver-drowsiness-detection\dataset\train\Open\_175.jpg,_175.jpg,Open,175,124,3,RGB,1.4113,5.99,True,e1787aee85e1a1356406616a0f9949a8,SIM_1332,train
D:\driver-drowsiness-detection\dataset\train\Open\_176.jpg,_176.jpg,Open,261,224,3,RGB,1.1652,10.41,True,42d7a373e7bba5fc534ce97a286751e1,SIM_1333,train
D:\driver-drowsiness-detection\dataset\train\Open\_177.jpg,_177.jpg,Open,74,74,3,RGB,1.0,2.49,True,6be128288396ddac65bb2c32948894d6,SIM_1334,train
D:\driver-drowsiness-detection\dataset\train\Open\_178.jpg,_178.jpg,Open,91,71,3,RGB,1.2817,2.65,True,abe95747d17d827860c0c6d7f293f800,SIM_1335,train
D:\driver-drowsiness-detection\dataset\train\Open\_179.jpg,_179.jpg,Open,84,78,3,RGB,1.0769,2.48,True,a78f3d8c152f123efa5cab517c218ca1,SIM_1336,validation
D:\driver-drowsiness-detection\dataset\train\Open\_18.jpg,_18.jpg,Open,89,86,3,RGB,1.0349,21.54,True,0f2483f036fb4349dbc3c2b1b2805eea,SIM_1337,train
D:\driver-drowsiness-detection\dataset\train\Open\_180.jpg,_180.jpg,Open,258,231,3,RGB,1.1169,14.22,True,d167665b731171179fc092d9c317f65a,SIM_1338,train
D:\driver-drowsiness-detection\dataset\train\Open\_181.jpg,_181.jpg,Open,100,71,3,RGB,1.4085,2.94,True,8a2b2f9e5583fe81ff861ab20b074414,SIM_1339,train
D:\driver-drowsiness-detection\dataset\train\Open\_182.jpg,_182.jpg,Open,261,223,3,RGB,1.1704,10.92,True,8b6fc7506c7be4ca6294cf00aa028875,SIM_1340,validation
D:\driver-drowsiness-detection\dataset\train\Open\_183.jpg,_183.jpg,Open,231,230,3,RGB,1.0043,12.0,True,ef92a2202a9d1687745e353f902d5d2f,SIM_1341,train
D:\driver-drowsiness-detection\dataset\train\Open\_184.jpg,_184.jpg,Open,370,300,3,RGB,1.2333,25.19,True,8c2e47a34123817e3c5074f48bd365f3,SIM_1342,train
D:\driver-drowsiness-detection\dataset\train\Open\_185.jpg,_185.jpg,Open,771,772,3,RGB,0.9987,289.71,True,334ec14dc00d9a637f2e8f5e85a53c64,SIM_1343,train
D:\driver-drowsiness-detection\dataset\train\Open\_186.jpg,_186.jpg,Open,787,787,3,RGB,1.0,323.37,True,0ffc3327282400fb778ab100a74acb06,SIM_1344,validation
D:\driver-drowsiness-detection\dataset\train\Open\_187.jpg,_187.jpg,Open,408,390,3,RGB,1.0462,44.57,True,a62a5500f6e94a88b813a390e7d5e605,SIM_1345,train
D:\driver-drowsiness-detection\dataset\train\Open\_188.jpg,_188.jpg,Open,438,422,3,RGB,1.0379,50.74,True,637632d9f0ca35dab40f547e42c28d21,SIM_1346,validation
D:\driver-drowsiness-detection\dataset\train\Open\_189.jpg,_189.jpg,Open,1514,1515,3,RGB,0.9993,1106.67,True,5df8d4fd4c04238b4697606af917d658,SIM_1347,test
D:\driver-drowsiness-detection\dataset\train\Open\_19.jpg,_19.jpg,Open,76,82,3,RGB,0.9268,21.27,True,55ba2bc93a62e9878294c0c6cc8918e3,SIM_1348,train
D:\driver-drowsiness-detection\dataset\train\Open\_190.jpg,_190.jpg,Open,74,62,3,RGB,1.1935,2.38,True,d6f39f5502801f3f193432c822351022,SIM_1349,test
D:\driver-drowsiness-detection\dataset\train\Open\_191.jpg,_191.jpg,Open,57,57,3,RGB,1.0,3.19,True,1499a4b30dadc81e4b35b072f6ee2044,SIM_1350,train
D:\driver-drowsiness-detection\dataset\train\Open\_192.jpg,_192.jpg,Open,60,57,3,RGB,1.0526,1.91,True,be51e2a23804da8c646ea051d7d8211e,SIM_1351,validation
D:\driver-drowsiness-detection\dataset\train\Open\_193.jpg,_193.jpg,Open,69,56,3,RGB,1.2321,2.27,True,aaf9915397e697e1a2d443c06950be2d,SIM_1352,train
D:\driver-drowsiness-detection\dataset\train\Open\_194.jpg,_194.jpg,Open,61,52,3,RGB,1.1731,1.98,True,90379b7be80f9664804a6b6c945e9edf,SIM_1353,train
D:\driver-drowsiness-detection\dataset\train\Open\_195.jpg,_195.jpg,Open,352,300,3,RGB,1.1733,28.07,True,531134ffcf5b8971e2aa5c63f31911f0,SIM_1354,train
D:\driver-drowsiness-detection\dataset\train\Open\_196.jpg,_196.jpg,Open,52,54,3,RGB,0.963,1.64,True,83e66ccb13c77238b0509016e25ae738,SIM_1355,test
D:\driver-drowsiness-detection\dataset\train\Open\_197.jpg,_197.jpg,Open,556,575,3,RGB,0.967,145.09,True,47e5e684f8a2162971e95efcd3297d0c,SIM_1356,train
D:\driver-drowsiness-detection\dataset\train\Open\_198.jpg,_198.jpg,Open,590,590,3,RGB,1.0,155.91,True,8b7bdfaa2a9293db79bd755adfea0387,SIM_1357,train
D:\driver-drowsiness-detection\dataset\train\Open\_199.jpg,_199.jpg,Open,254,254,3,RGB,1.0,33.88,True,115f8344e767a2f35ef1161f072558f9,SIM_1358,train
D:\driver-drowsiness-detection\dataset\train\Open\_2.jpg,_2.jpg,Open,127,127,3,RGB,1.0,3.03,True,92b02d95855b532af6e843518fa2e523,SIM_1359,train
D:\driver-drowsiness-detection\dataset\train\Open\_20.jpg,_20.jpg,Open,181,125,3,RGB,1.448,25.93,True,0cf410217980dffeac98b0ebb75ac5d5,SIM_1360,train
D:\driver-drowsiness-detection\dataset\train\Open\_200.jpg,_200.jpg,Open,210,216,3,RGB,0.9722,26.41,True,5046ec3cf340c94b30909f909d3a787e,SIM_1361,train
D:\driver-drowsiness-detection\dataset\train\Open\_201.jpg,_201.jpg,Open,250,200,3,RGB,1.25,12.8,True,e479927e5f024638742032b8a0aba70d,SIM_1362,train
D:\driver-drowsiness-detection\dataset\train\Open\_202.jpg,_202.jpg,Open,468,499,3,RGB,0.9379,42.15,True,14d24bb00a0469973a7e8ad6e3cfffba,SIM_1363,train
D:\driver-drowsiness-detection\dataset\train\Open\_203.jpg,_203.jpg,Open,1029,1029,3,RGB,1.0,178.34,True,1c66736c5428c5916b0c3300b17426f5,SIM_1364,test
D:\driver-drowsiness-detection\dataset\train\Open\_204.jpg,_204.jpg,Open,416,356,3,RGB,1.1685,31.21,True,49e7cb07b9dd390be9977be88c00da19,SIM_1365,train
D:\driver-drowsiness-detection\dataset\train\Open\_205.jpg,_205.jpg,Open,500,395,3,RGB,1.2658,41.62,True,3a208b4bd82116cc7f692147c52a5604,SIM_1366,train
D:\driver-drowsiness-detection\dataset\train\Open\_206.jpg,_206.jpg,Open,364,300,3,RGB,1.2133,18.57,True,6c9ced4b130c92ada68db09a3c28771c,SIM_1367,train
D:\driver-drowsiness-detection\dataset\train\Open\_207.jpg,_207.jpg,Open,431,431,3,RGB,1.0,26.96,True,0cf375de6d284194ad169af70ecfbde3,SIM_1368,test
D:\driver-drowsiness-detection\dataset\train\Open\_208.jpg,_208.jpg,Open,540,540,3,RGB,1.0,27.52,True,132e750b23c622b74d7db5736e4c4c2b,SIM_1369,train
D:\driver-drowsiness-detection\dataset\train\Open\_209.jpg,_209.jpg,Open,311,427,3,RGB,0.7283,19.94,True,a826dd43476baf28b532bea4fa4886c1,SIM_1370,test
D:\driver-drowsiness-detection\dataset\train\Open\_21.jpg,_21.jpg,Open,120,114,3,RGB,1.0526,22.55,True,fae6d9e20b6caba0063daf03cdf742fd,SIM_1371,train
D:\driver-drowsiness-detection\dataset\train\Open\_210.jpg,_210.jpg,Open,101,101,3,RGB,1.0,2.88,True,4ec67b1ac729c3442c36f885b17940bb,SIM_1372,validation
D:\driver-drowsiness-detection\dataset\train\Open\_211.jpg,_211.jpg,Open,100,100,3,RGB,1.0,2.91,True,5e634f9a3f415703b5f4aff658ef2ba2,SIM_1373,validation
D:\driver-drowsiness-detection\dataset\train\Open\_212.jpg,_212.jpg,Open,1327,1326,3,RGB,1.0008,287.24,True,5573772bf878d6bb3aeb833b4ac54ada,SIM_1374,validation
D:\driver-drowsiness-detection\dataset\train\Open\_213.jpg,_213.jpg,Open,1149,1148,3,RGB,1.0009,221.25,True,f06b8815136e667bb78b1b83c68f587c,SIM_1375,train
D:\driver-drowsiness-detection\dataset\train\Open\_214.jpg,_214.jpg,Open,675,675,3,RGB,1.0,98.03,True,3b12d2eafa37dc7c8ab5030efefe1eca,SIM_1376,train
D:\driver-drowsiness-detection\dataset\train\Open\_215.jpg,_215.jpg,Open,578,636,3,RGB,0.9088,70.54,True,84e2cc3297fbedc05dfabe5bea0ffa9c,SIM_1377,train
D:\driver-drowsiness-detection\dataset\train\Open\_216.jpg,_216.jpg,Open,97,84,3,RGB,1.1548,3.79,True,33518688aca034e56dc14346360c4693,SIM_1378,train
D:\driver-drowsiness-detection\dataset\train\Open\_217.jpg,_217.jpg,Open,391,300,3,RGB,1.3033,23.13,True,27eeceebcefb91bd55f7f96cbfc06bd6,SIM_1379,train
D:\driver-drowsiness-detection\dataset\train\Open\_218.jpg,_218.jpg,Open,258,258,3,RGB,1.0,33.07,True,42d260a1ec853ac0d473786ec54f1bca,SIM_1380,train
D:\driver-drowsiness-detection\dataset\train\Open\_219.jpg,_219.jpg,Open,258,258,3,RGB,1.0,32.31,True,95f1717fc47d153eff24ecc1de93dd0f,SIM_1381,train
D:\driver-drowsiness-detection\dataset\train\Open\_22.jpg,_22.jpg,Open,138,108,3,RGB,1.2778,22.64,True,bb3f022e8c0609e9495fbc8cedd0dd71,SIM_1382,train
D:\driver-drowsiness-detection\dataset\train\Open\_220.jpg,_220.jpg,Open,292,291,3,RGB,1.0034,34.84,True,9a8d35391e2469796881c9fbaa8936fb,SIM_1383,train
D:\driver-drowsiness-detection\dataset\train\Open\_221.jpg,_221.jpg,Open,166,165,3,RGB,1.0061,10.29,True,04bc8590ad272059bfb3aeee4eb88c0b,SIM_1384,train
D:\driver-drowsiness-detection\dataset\train\Open\_222.jpg,_222.jpg,Open,156,156,3,RGB,1.0,11.6,True,18994bdb3a73979ce8df4bb6113e2ad0,SIM_1385,train
D:\driver-drowsiness-detection\dataset\train\Open\_223.jpg,_223.jpg,Open,141,141,3,RGB,1.0,9.35,True,6818a4c021521f5a4bbccf315afc521e,SIM_1386,train
D:\driver-drowsiness-detection\dataset\train\Open\_224.jpg,_224.jpg,Open,138,138,3,RGB,1.0,7.54,True,ab248be17d3a34e9112e3d346b0e72b0,SIM_1387,train
D:\driver-drowsiness-detection\dataset\train\Open\_225.jpg,_225.jpg,Open,711,712,3,RGB,0.9986,155.23,True,c6aa8007c6d355565fd92b3a5396b8aa,SIM_1388,train
D:\driver-drowsiness-detection\dataset\train\Open\_226.jpg,_226.jpg,Open,968,834,3,RGB,1.1607,223.63,True,2c737d245717705229927c09f95bc4fd,SIM_1389,validation
D:\driver-drowsiness-detection\dataset\train\Open\_227.jpg,_227.jpg,Open,815,815,3,RGB,1.0,144.9,True,4aff0f26cdaddf415ea73c81c446529a,SIM_1390,train
D:\driver-drowsiness-detection\dataset\train\Open\_228.jpg,_228.jpg,Open,309,299,3,RGB,1.0334,21.29,True,054611298951aaee978ce55bac3616d6,SIM_1391,test
D:\driver-drowsiness-detection\dataset\train\Open\_229.jpg,_229.jpg,Open,911,911,3,RGB,1.0,199.22,True,4a37505c8215893f4bcf4608a71c4807,SIM_1392,train
D:\driver-drowsiness-detection\dataset\train\Open\_23.jpg,_23.jpg,Open,124,108,3,RGB,1.1481,23.61,True,994c5acd1af5130695ff6b585bb8cc71,SIM_1393,train
D:\driver-drowsiness-detection\dataset\train\Open\_230.jpg,_230.jpg,Open,494,494,3,RGB,1.0,81.83,True,c79aeb4d7d2469700d93a875ddaf9769,SIM_1394,train
D:\driver-drowsiness-detection\dataset\train\Open\_231.jpg,_231.jpg,Open,676,676,3,RGB,1.0,141.93,True,28f4893f04a4ae306eaeeb01dbf55138,SIM_1395,train
D:\driver-drowsiness-detection\dataset\train\Open\_232.jpg,_232.jpg,Open,400,400,3,RGB,1.0,48.4,True,fc6971055dca693d7a8390671e1273df,SIM_1396,train
D:\driver-drowsiness-detection\dataset\train\Open\_233.jpg,_233.jpg,Open,421,421,3,RGB,1.0,51.25,True,12e37c176db9ee406c562aa387776538,SIM_1397,validation
D:\driver-drowsiness-detection\dataset\train\Open\_234.jpg,_234.jpg,Open,559,559,3,RGB,1.0,49.79,True,104afc49fa58c358e3341c0cf18b6025,SIM_1398,validation
D:\driver-drowsiness-detection\dataset\train\Open\_235.jpg,_235.jpg,Open,418,418,3,RGB,1.0,35.56,True,72a5214859495ccc748695daa8b27cd8,SIM_1399,train
D:\driver-drowsiness-detection\dataset\train\Open\_236.jpg,_236.jpg,Open,422,422,3,RGB,1.0,31.99,True,69cb264d2cb66813fa6eb5806ddd1a98,SIM_1400,train
D:\driver-drowsiness-detection\dataset\train\Open\_237.jpg,_237.jpg,Open,468,468,3,RGB,1.0,32.53,True,14be91d5f56ce542197372296d3c53dd,SIM_1401,test
D:\driver-drowsiness-detection\dataset\train\Open\_238.jpg,_238.jpg,Open,558,557,3,RGB,1.0018,63.25,True,c86e10fd1a0af58f26a283d327865fc8,SIM_1402,train
D:\driver-drowsiness-detection\dataset\train\Open\_239.jpg,_239.jpg,Open,126,126,3,RGB,1.0,6.12,True,c3d57497f9bcfa78ce61bdf480615afd,SIM_1403,validation
D:\driver-drowsiness-detection\dataset\train\Open\_24.jpg,_24.jpg,Open,112,108,3,RGB,1.037,22.46,True,09bc93adfbc220a15c7f73e4f504fce0,SIM_1404,train
D:\driver-drowsiness-detection\dataset\train\Open\_240.jpg,_240.jpg,Open,86,69,3,RGB,1.2464,9.33,True,5fc2ea6acf03a142152b95f8ce3bae75,SIM_1405,train
D:\driver-drowsiness-detection\dataset\train\Open\_241.jpg,_241.jpg,Open,324,296,3,RGB,1.0946,23.27,True,44959215bff3b09a7e00e10cc7eaed59,SIM_1406,train
D:\driver-drowsiness-detection\dataset\train\Open\_242.jpg,_242.jpg,Open,535,536,3,RGB,0.9981,57.11,True,3c885554e3f5422ec0c05bcbb4e50c3e,SIM_1407,train
D:\driver-drowsiness-detection\dataset\train\Open\_243.jpg,_243.jpg,Open,119,119,3,RGB,1.0,3.75,True,4e9d190aa6424d83d9bb85e5451178b3,SIM_1408,train
D:\driver-drowsiness-detection\dataset\train\Open\_244.jpg,_244.jpg,Open,103,97,3,RGB,1.0619,21.2,True,1dd256e76543da593f9438938bc49e92,SIM_1409,test
D:\driver-drowsiness-detection\dataset\train\Open\_245.jpg,_245.jpg,Open,77,78,3,RGB,0.9872,20.32,True,5349ecb43baa0538094119dedc69cef4,SIM_1410,test
D:\driver-drowsiness-detection\dataset\train\Open\_246.jpg,_246.jpg,Open,612,612,3,RGB,1.0,54.27,True,d96506f9d349494fdca94eb3b4c46fe2,SIM_1411,train
D:\driver-drowsiness-detection\dataset\train\Open\_247.jpg,_247.jpg,Open,166,126,3,RGB,1.3175,24.33,True,1a1a279bb1967e6bae2664fdc3eee064,SIM_1412,train
D:\driver-drowsiness-detection\dataset\train\Open\_248.jpg,_248.jpg,Open,326,300,3,RGB,1.0867,25.45,True,f7ece93da482a7d472fd871d5229716d,SIM_1413,train
D:\driver-drowsiness-detection\dataset\train\Open\_249.jpg,_249.jpg,Open,300,313,3,RGB,0.9585,25.16,True,a801d65786b8ad4d292c838adff1bc2e,SIM_1414,train
D:\driver-drowsiness-detection\dataset\train\Open\_25.jpg,_25.jpg,Open,129,103,3,RGB,1.2524,24.4,True,30906a25e1257f29637af1ab429111a2,SIM_1415,train
D:\driver-drowsiness-detection\dataset\train\Open\_250.jpg,_250.jpg,Open,300,310,3,RGB,0.9677,14.33,True,c286950072a502c581444f785871f071,SIM_1416,test
D:\driver-drowsiness-detection\dataset\train\Open\_251.jpg,_251.jpg,Open,346,300,3,RGB,1.1533,16.52,True,32e2167b8f0736b5102a1d1d14ab033c,SIM_1417,train
D:\driver-drowsiness-detection\dataset\train\Open\_252.jpg,_252.jpg,Open,268,262,3,RGB,1.0229,17.46,True,6facff90dad870e7092b1b3c874ad404,SIM_1418,validation
D:\driver-drowsiness-detection\dataset\train\Open\_253.jpg,_253.jpg,Open,300,345,3,RGB,0.8696,23.44,True,24621a7ad6a440754b6d263c27fbe650,SIM_1419,train
D:\driver-drowsiness-detection\dataset\train\Open\_254.jpg,_254.jpg,Open,378,300,3,RGB,1.26,26.06,True,f865aec092e82378bab6c8d1e1512be6,SIM_1420,validation
D:\driver-drowsiness-detection\dataset\train\Open\_255.jpg,_255.jpg,Open,373,300,3,RGB,1.2433,20.18,True,37225d2c385cf0a61085f6a3841f99d3,SIM_1421,train
D:\driver-drowsiness-detection\dataset\train\Open\_256.jpg,_256.jpg,Open,391,300,3,RGB,1.3033,22.25,True,9e8e47d464155b9ad78f1797f17984cf,SIM_1422,train
D:\driver-drowsiness-detection\dataset\train\Open\_257.jpg,_257.jpg,Open,300,315,3,RGB,0.9524,23.62,True,426a11dd02afbebdc15ed65b12b01085,SIM_1423,train
D:\driver-drowsiness-detection\dataset\train\Open\_258.jpg,_258.jpg,Open,238,231,3,RGB,1.0303,10.33,True,f050c5e9a0b358353c9d8ef6bc3161d6,SIM_1424,train
D:\driver-drowsiness-detection\dataset\train\Open\_259.jpg,_259.jpg,Open,404,300,3,RGB,1.3467,25.71,True,379416e240b43fb9f6409cad13debbb7,SIM_1425,validation
D:\driver-drowsiness-detection\dataset\train\Open\_26.jpg,_26.jpg,Open,142,142,3,RGB,1.0,4.59,True,01514f75f71c7b784006af4e2112660c,SIM_1426,validation
D:\driver-drowsiness-detection\dataset\train\Open\_260.jpg,_260.jpg,Open,350,300,3,RGB,1.1667,24.65,True,3c7592f3a2c504eb1b04b8d19212d3c6,SIM_1427,validation
D:\driver-drowsiness-detection\dataset\train\Open\_261.jpg,_261.jpg,Open,356,300,3,RGB,1.1867,26.81,True,3e938744f62d9f6561a08a68c533c605,SIM_1428,train
D:\driver-drowsiness-detection\dataset\train\Open\_262.jpg,_262.jpg,Open,398,300,3,RGB,1.3267,30.33,True,f10a1a47e369768232d436f3e4227f8a,SIM_1429,validation
D:\driver-drowsiness-detection\dataset\train\Open\_263.jpg,_263.jpg,Open,70,40,3,RGB,1.75,19.55,True,5b5cce459365affe49b7c4e34c5314e5,SIM_1430,train
D:\driver-drowsiness-detection\dataset\train\Open\_264.jpg,_264.jpg,Open,370,300,3,RGB,1.2333,20.47,True,4ea7a01df23834f860d099460de4c3ac,SIM_1431,train
D:\driver-drowsiness-detection\dataset\train\Open\_265.jpg,_265.jpg,Open,330,300,3,RGB,1.1,18.62,True,0ffefc6295b41bb1b206a53a30cbd39a,SIM_1432,train
D:\driver-drowsiness-detection\dataset\train\Open\_266.jpg,_266.jpg,Open,437,429,3,RGB,1.0186,59.11,True,1ae4c9717ee63e744b10d6ce043cef07,SIM_1433,train
D:\driver-drowsiness-detection\dataset\train\Open\_267.jpg,_267.jpg,Open,392,300,3,RGB,1.3067,20.58,True,950ba5a56ae32695057081955f7cc87a,SIM_1434,train
D:\driver-drowsiness-detection\dataset\train\Open\_268.jpg,_268.jpg,Open,356,300,3,RGB,1.1867,18.92,True,e679a20a2f39a6aa7df1f74d4a7533ce,SIM_1435,test
D:\driver-drowsiness-detection\dataset\train\Open\_269.jpg,_269.jpg,Open,192,124,3,RGB,1.5484,23.95,True,8c7c23427376509405d8f03e09a91c6a,SIM_1436,train
D:\driver-drowsiness-detection\dataset\train\Open\_27.jpg,_27.jpg,Open,300,306,3,RGB,0.9804,25.88,True,cc2a27cd32541b1833168fd17a5177d3,SIM_1437,train
D:\driver-drowsiness-detection\dataset\train\Open\_270.jpg,_270.jpg,Open,246,135,3,RGB,1.8222,25.62,True,cafcbd3f1398b6471c3385a10f363f57,SIM_1438,train
D:\driver-drowsiness-detection\dataset\train\Open\_271.jpg,_271.jpg,Open,474,353,3,RGB,1.3428,57.93,True,7267d8d30e1ab24c70445e781052cddb,SIM_1439,test
D:\driver-drowsiness-detection\dataset\train\Open\_272.jpg,_272.jpg,Open,475,353,3,RGB,1.3456,61.31,True,e33275fb0b290671037e710ebe407421,SIM_1440,test
D:\driver-drowsiness-detection\dataset\train\Open\_273.jpg,_273.jpg,Open,77,74,3,RGB,1.0405,21.61,True,c3f96da416aedd4066dddf10724a8366,SIM_1441,validation
D:\driver-drowsiness-detection\dataset\train\Open\_274.jpg,_274.jpg,Open,88,50,3,RGB,1.76,20.01,True,ddfe78145cb97c00f5032a27592b7c79,SIM_1442,train
D:\driver-drowsiness-detection\dataset\train\Open\_275.jpg,_275.jpg,Open,74,64,3,RGB,1.1562,21.11,True,28f3f8d89bf3f3ffa1e5a9543fe58f90,SIM_1443,validation
D:\driver-drowsiness-detection\dataset\train\Open\_276.jpg,_276.jpg,Open,583,359,3,RGB,1.624,49.31,True,3b0c5e0d32097ec00e95fedad1294541,SIM_1444,test
D:\driver-drowsiness-detection\dataset\train\Open\_277.jpg,_277.jpg,Open,514,348,3,RGB,1.477,50.78,True,12b6496c6cede6dca65a4f1f4573198a,SIM_1445,validation
D:\driver-drowsiness-detection\dataset\train\Open\_278.jpg,_278.jpg,Open,95,87,3,RGB,1.092,21.79,True,33c454b26d9b412d770ad6f6785ae5da,SIM_1446,test
D:\driver-drowsiness-detection\dataset\train\Open\_279.jpg,_279.jpg,Open,108,81,3,RGB,1.3333,22.2,True,b99237ea82ef218966222b4c89216d70,SIM_1447,train
D:\driver-drowsiness-detection\dataset\train\Open\_28.jpg,_28.jpg,Open,127,116,3,RGB,1.0948,24.6,True,70dfa4340d2ca464aeace6b8305df7d3,SIM_1448,train
D:\driver-drowsiness-detection\dataset\train\Open\_280.jpg,_280.jpg,Open,352,300,3,RGB,1.1733,38.69,True,794e10c4fa2ad5c6e858cf32877d0275,SIM_1449,train
D:\driver-drowsiness-detection\dataset\train\Open\_281.jpg,_281.jpg,Open,319,300,3,RGB,1.0633,34.33,True,b950b56643a88771cd54452088880ce0,SIM_1450,train
D:\driver-drowsiness-detection\dataset\train\Open\_282.jpg,_282.jpg,Open,452,300,3,RGB,1.5067,37.52,True,b7ccc2b3654381222208d1140eb32a2e,SIM_1451,train
D:\driver-drowsiness-detection\dataset\train\Open\_283.jpg,_283.jpg,Open,439,339,3,RGB,1.295,47.84,True,a2294ae1189885c69b1899ce9818a928,SIM_1452,train
D:\driver-drowsiness-detection\dataset\train\Open\_284.jpg,_284.jpg,Open,409,337,3,RGB,1.2136,45.81,True,d8cb2ec1609922039eb9b1304ed25338,SIM_1453,train
D:\driver-drowsiness-detection\dataset\train\Open\_285.jpg,_285.jpg,Open,108,60,3,RGB,1.8,20.16,True,5ad76020208c5121cd4220a513325c46,SIM_1454,train
D:\driver-drowsiness-detection\dataset\train\Open\_286.jpg,_286.jpg,Open,508,300,3,RGB,1.6933,40.15,True,6acdc74c3505ee5dc89c3e383a1e89c1,SIM_1455,train
D:\driver-drowsiness-detection\dataset\train\Open\_287.jpg,_287.jpg,Open,483,300,3,RGB,1.61,41.05,True,b23164ec4d6fb7fc8e9c3dfcdb35bfcc,SIM_1456,train
D:\driver-drowsiness-detection\dataset\train\Open\_288.jpg,_288.jpg,Open,398,300,3,RGB,1.3267,42.06,True,905eefb621c19fbac2ca299e2de0a8a6,SIM_1457,train
D:\driver-drowsiness-detection\dataset\train\Open\_289.jpg,_289.jpg,Open,300,239,3,RGB,1.2552,23.38,True,4c191a7d7719dfa13fb0aa0db95e3370,SIM_1458,train
D:\driver-drowsiness-detection\dataset\train\Open\_29.jpg,_29.jpg,Open,128,114,3,RGB,1.1228,25.34,True,ab32bb85ae3eed9b2cb7e3bbfe9321d3,SIM_1459,train
D:\driver-drowsiness-detection\dataset\train\Open\_290.jpg,_290.jpg,Open,113,102,3,RGB,1.1078,4.17,True,73508f3047b187582516ba7731545276,SIM_1460,train
D:\driver-drowsiness-detection\dataset\train\Open\_291.jpg,_291.jpg,Open,122,121,3,RGB,1.0083,4.64,True,3706ff97ae1ec4eaeecf9e6fd16c11b0,SIM_1461,validation
D:\driver-drowsiness-detection\dataset\train\Open\_292.jpg,_292.jpg,Open,411,300,3,RGB,1.37,33.58,True,564977a3982ef16f58ba82bb55666548,SIM_1462,train
D:\driver-drowsiness-detection\dataset\train\Open\_293.jpg,_293.jpg,Open,374,300,3,RGB,1.2467,46.55,True,072316e23d69cc61d3135fd0c087291f,SIM_1463,train
D:\driver-drowsiness-detection\dataset\train\Open\_294.jpg,_294.jpg,Open,108,108,3,RGB,1.0,3.9,True,14b4b4b64a5a0543e488dfe772594b1b,SIM_1464,train
D:\driver-drowsiness-detection\dataset\train\Open\_295.jpg,_295.jpg,Open,109,109,3,RGB,1.0,3.97,True,d09b4a23fa8c73a2417c75702c713543,SIM_1465,train
D:\driver-drowsiness-detection\dataset\train\Open\_296.jpg,_296.jpg,Open,304,238,3,RGB,1.2773,16.72,True,cc2b9222807aaccb5b68d5fdf23c7180,SIM_1466,train
D:\driver-drowsiness-detection\dataset\train\Open\_297.jpg,_297.jpg,Open,450,300,3,RGB,1.5,50.15,True,c3a4d036a992f4d50a2df82b5859072a,SIM_1467,train
D:\driver-drowsiness-detection\dataset\train\Open\_298.jpg,_298.jpg,Open,335,300,3,RGB,1.1167,31.42,True,1ec61ca648d5e145ca2548c6f89323db,SIM_1468,train
D:\driver-drowsiness-detection\dataset\train\Open\_299.jpg,_299.jpg,Open,569,379,3,RGB,1.5013,61.38,True,e3c5dbfa19bab69d87fd6c323620d637,SIM_1469,train
D:\driver-drowsiness-detection\dataset\train\Open\_3.jpg,_3.jpg,Open,102,102,3,RGB,1.0,3.2,True,89deba69a427abfb199888c215785685,SIM_1470,validation
D:\driver-drowsiness-detection\dataset\train\Open\_30.jpg,_30.jpg,Open,113,104,3,RGB,1.0865,25.19,True,86cc49c3cda97bdc210acbc43fb2aaef,SIM_1471,test
D:\driver-drowsiness-detection\dataset\train\Open\_300.jpg,_300.jpg,Open,576,378,3,RGB,1.5238,62.58,True,b2fd43f1ae7a01a019ede468a8ec561e,SIM_1472,validation
D:\driver-drowsiness-detection\dataset\train\Open\_301.jpg,_301.jpg,Open,437,300,3,RGB,1.4567,39.93,True,830192adba04fa9fa03f98c9d9eca52e,SIM_1473,train
D:\driver-drowsiness-detection\dataset\train\Open\_302.jpg,_302.jpg,Open,87,79,3,RGB,1.1013,3.29,True,ab92a4bb482df46c7a168817c5020741,SIM_1474,validation
D:\driver-drowsiness-detection\dataset\train\Open\_303.jpg,_303.jpg,Open,92,92,3,RGB,1.0,3.55,True,9a18f21713b954e3f7ee3ab491784e8e,SIM_1475,validation
D:\driver-drowsiness-detection\dataset\train\Open\_304.jpg,_304.jpg,Open,292,182,3,RGB,1.6044,31.89,True,2fd21a81d411c0545385645539800c1c,SIM_1476,train
D:\driver-drowsiness-detection\dataset\train\Open\_305.jpg,_305.jpg,Open,288,186,3,RGB,1.5484,32.0,True,3301ed1c180aaff508f7253fcb0afcf4,SIM_1477,train
D:\driver-drowsiness-detection\dataset\train\Open\_306.jpg,_306.jpg,Open,122,122,3,RGB,1.0,3.53,True,3096fbafd343d0776b8f8f498ec6ed7f,SIM_1478,train
D:\driver-drowsiness-detection\dataset\train\Open\_307.jpg,_307.jpg,Open,374,300,3,RGB,1.2467,28.68,True,b70af7f0aa6bb46c50ba009fd541f284,SIM_1479,test
D:\driver-drowsiness-detection\dataset\train\Open\_308.jpg,_308.jpg,Open,106,106,3,RGB,1.0,2.73,True,c1de027e85d4896857a0e7cc4d17a0eb,SIM_1480,test
D:\driver-drowsiness-detection\dataset\train\Open\_309.jpg,_309.jpg,Open,314,300,3,RGB,1.0467,13.44,True,94f3a9765a7c3085a0d70075de7fa6d2,SIM_1481,train
D:\driver-drowsiness-detection\dataset\train\Open\_31.jpg,_31.jpg,Open,259,259,3,RGB,1.0,14.0,True,1c2c39bbdf209d7db7482a76dc60f5d8,SIM_1482,train
D:\driver-drowsiness-detection\dataset\train\Open\_310.jpg,_310.jpg,Open,77,77,3,RGB,1.0,2.6,True,e8c2bb550c4d47d23021725e2f4cb50e,SIM_1483,test
D:\driver-drowsiness-detection\dataset\train\Open\_311.jpg,_311.jpg,Open,98,98,3,RGB,1.0,3.58,True,6c9bbf48b072f808db31d48550f6f0ed,SIM_1484,train
D:\driver-drowsiness-detection\dataset\train\Open\_312.jpg,_312.jpg,Open,390,300,3,RGB,1.3,15.62,True,d62be26db31a3b2d3e757294ba74cf87,SIM_1485,test
D:\driver-drowsiness-detection\dataset\train\Open\_313.jpg,_313.jpg,Open,316,300,3,RGB,1.0533,10.62,True,3c8a5c340174c5e05c5ecdf716ccbf7d,SIM_1486,test
D:\driver-drowsiness-detection\dataset\train\Open\_314.jpg,_314.jpg,Open,300,323,3,RGB,0.9288,9.42,True,c1db27b5e1bab97f7c78e95b1cb8481f,SIM_1487,train
D:\driver-drowsiness-detection\dataset\train\Open\_315.jpg,_315.jpg,Open,300,302,3,RGB,0.9934,14.55,True,93bec8b65f6de6e76cad4c9c8fbaa9ff,SIM_1488,train
D:\driver-drowsiness-detection\dataset\train\Open\_316.jpg,_316.jpg,Open,616,486,3,RGB,1.2675,53.52,True,0715cb86f1be7df2897da156fcc2250a,SIM_1489,train
D:\driver-drowsiness-detection\dataset\train\Open\_317.jpg,_317.jpg,Open,611,478,3,RGB,1.2782,70.01,True,4f6fe82b0412c8a6db14ad5d6ebc1f77,SIM_1490,validation
D:\driver-drowsiness-detection\dataset\train\Open\_318.jpg,_318.jpg,Open,245,245,3,RGB,1.0,18.19,True,da7f312a296e0b48fb12c1a372913725,SIM_1491,validation
D:\driver-drowsiness-detection\dataset\train\Open\_319.jpg,_319.jpg,Open,97,97,3,RGB,1.0,4.09,True,5a879413557a8c18ce0966a43ab050b8,SIM_1492,train
D:\driver-drowsiness-detection\dataset\train\Open\_32.jpg,_32.jpg,Open,137,102,3,RGB,1.3431,25.12,True,a6db6189c06218ca69507d6cc2e4c237,SIM_1493,validation
D:\driver-drowsiness-detection\dataset\train\Open\_320.jpg,_320.jpg,Open,111,111,3,RGB,1.0,4.83,True,c934c1bdba52583c039d29cb28a1526b,SIM_1494,validation
D:\driver-drowsiness-detection\dataset\train\Open\_321.jpg,_321.jpg,Open,353,300,3,RGB,1.1767,11.26,True,11d02c1891a3ca83e6fb128923a9d6a9,SIM_1495,train
D:\driver-drowsiness-detection\dataset\train\Open\_322.jpg,_322.jpg,Open,348,300,3,RGB,1.16,16.64,True,da288aa64cfdc863fb80cdbf7d5715a7,SIM_1496,test
D:\driver-drowsiness-detection\dataset\train\Open\_323.jpg,_323.jpg,Open,314,300,3,RGB,1.0467,14.1,True,37fdf6b54cd050cebb93eb5d4efdc046,SIM_1497,test
D:\driver-drowsiness-detection\dataset\train\Open\_324.jpg,_324.jpg,Open,564,526,3,RGB,1.0722,65.23,True,c883f1402dc5532278d76a51bd782637,SIM_1498,validation
D:\driver-drowsiness-detection\dataset\train\Open\_325.jpg,_325.jpg,Open,612,460,3,RGB,1.3304,61.15,True,61d299976b757ebb8fe6f2c42c6715c4,SIM_1499,train
D:\driver-drowsiness-detection\dataset\train\Open\_326.jpg,_326.jpg,Open,84,84,3,RGB,1.0,2.34,True,69cc00e9f089c064a600490b35d9a315,SIM_1500,train
D:\driver-drowsiness-detection\dataset\train\Open\_327.jpg,_327.jpg,Open,84,84,3,RGB,1.0,3.71,True,57e6c1c06c1afed5c37ee3ae698cbd01,SIM_1501,test
D:\driver-drowsiness-detection\dataset\train\Open\_328.jpg,_328.jpg,Open,96,87,3,RGB,1.1034,4.0,True,4d3f616d3243f4586d6e00811653792e,SIM_1502,train
D:\driver-drowsiness-detection\dataset\train\Open\_329.jpg,_329.jpg,Open,481,300,3,RGB,1.6033,33.25,True,d4a95c975838638e588ae60ff1fa624c,SIM_1503,train
D:\driver-drowsiness-detection\dataset\train\Open\_33.jpg,_33.jpg,Open,134,120,3,RGB,1.1167,22.44,True,3146e5689f46d45737eb61e841b48bbd,SIM_1504,train
D:\driver-drowsiness-detection\dataset\train\Open\_330.jpg,_330.jpg,Open,82,87,3,RGB,0.9425,3.71,True,062bb89b8811b074f07ee43ba8b9dc75,SIM_1505,test
D:\driver-drowsiness-detection\dataset\train\Open\_331.jpg,_331.jpg,Open,390,378,3,RGB,1.0317,53.69,True,60881c8ce30ebe047f6dfe53ed73c60f,SIM_1506,train
D:\driver-drowsiness-detection\dataset\train\Open\_332.jpg,_332.jpg,Open,489,412,3,RGB,1.1869,54.64,True,ec210ae71a03d87609da81b706e134ff,SIM_1507,train
D:\driver-drowsiness-detection\dataset\train\Open\_333.jpg,_333.jpg,Open,370,300,3,RGB,1.2333,13.29,True,d5f430763ab5697208c6ca402190e5be,SIM_1508,train
D:\driver-drowsiness-detection\dataset\train\Open\_334.jpg,_334.jpg,Open,407,300,3,RGB,1.3567,12.46,True,b99a66b9f8deab0a9f78131d90c68055,SIM_1509,train
D:\driver-drowsiness-detection\dataset\train\Open\_335.jpg,_335.jpg,Open,85,85,3,RGB,1.0,2.51,True,5f2ffe27a5a5364ed6d7e4ce65e073fb,SIM_1510,train
D:\driver-drowsiness-detection\dataset\train\Open\_336.jpg,_336.jpg,Open,80,80,3,RGB,1.0,2.55,True,c171bc7497df8798698f63966187993e,SIM_1511,train
D:\driver-drowsiness-detection\dataset\train\Open\_337.jpg,_337.jpg,Open,363,300,3,RGB,1.21,11.17,True,697d1a8c3d6944b2738b4e81303eecf9,SIM_1512,train
D:\driver-drowsiness-detection\dataset\train\Open\_338.jpg,_338.jpg,Open,327,255,3,RGB,1.2824,38.24,True,3591b66df00f5e7e8c5bc809323d6cd2,SIM_1513,train
D:\driver-drowsiness-detection\dataset\train\Open\_339.jpg,_339.jpg,Open,389,253,3,RGB,1.5375,40.47,True,008201ce32226eb16035165e50140e6f,SIM_1514,train
D:\driver-drowsiness-detection\dataset\train\Open\_34.jpg,_34.jpg,Open,105,129,3,RGB,0.814,23.49,True,9cbda3805d6f9d56e7f1a7ced4223470,SIM_1515,train
D:\driver-drowsiness-detection\dataset\train\Open\_340.jpg,_340.jpg,Open,450,300,3,RGB,1.5,35.85,True,25a632e0ead609568b3779ff95d19fde,SIM_1516,test
D:\driver-drowsiness-detection\dataset\train\Open\_341.jpg,_341.jpg,Open,408,431,3,RGB,0.9466,59.0,True,09930d847bbd6ffcb01c093a0f37ec19,SIM_1517,train
D:\driver-drowsiness-detection\dataset\train\Open\_342.jpg,_342.jpg,Open,433,467,3,RGB,0.9272,75.78,True,86181bc51e7291c33c47e3bad382ce36,SIM_1518,train
D:\driver-drowsiness-detection\dataset\train\Open\_343.jpg,_343.jpg,Open,69,70,3,RGB,0.9857,2.48,True,ef7d8edae4856b7e8ace710088c484b3,SIM_1519,train
D:\driver-drowsiness-detection\dataset\train\Open\_344.jpg,_344.jpg,Open,69,68,3,RGB,1.0147,2.5,True,23407af7e05cbffacea93b9599bf6f31,SIM_1520,train
D:\driver-drowsiness-detection\dataset\train\Open\_345.jpg,_345.jpg,Open,131,130,3,RGB,1.0077,5.58,True,bc4bccc0954f25e025e642879a8a9c40,SIM_1521,test
D:\driver-drowsiness-detection\dataset\train\Open\_346.jpg,_346.jpg,Open,119,118,3,RGB,1.0085,4.61,True,8fe12da374c6ca003b898f2552b3a2a9,SIM_1522,train
D:\driver-drowsiness-detection\dataset\train\Open\_347.jpg,_347.jpg,Open,432,300,3,RGB,1.44,20.81,True,0f9e5bfca6ad09cb81bf290fcc0211a4,SIM_1523,test
D:\driver-drowsiness-detection\dataset\train\Open\_348.jpg,_348.jpg,Open,116,116,3,RGB,1.0,4.56,True,5bea72f6c4c5f917f1e265a1109edc30,SIM_1524,train
D:\driver-drowsiness-detection\dataset\train\Open\_349.jpg,_349.jpg,Open,104,104,3,RGB,1.0,3.89,True,b1fbe5d1fcf76ac534c128bd65678720,SIM_1525,train
D:\driver-drowsiness-detection\dataset\train\Open\_35.jpg,_35.jpg,Open,300,300,3,RGB,1.0,24.19,True,0bb0e0cd054e4129f55501464363a901,SIM_1526,train
D:\driver-drowsiness-detection\dataset\train\Open\_350.jpg,_350.jpg,Open,473,300,3,RGB,1.5767,26.35,True,ef95eb9766fc235500d7d2e4d4e990ef,SIM_1527,train
D:\driver-drowsiness-detection\dataset\train\Open\_351.jpg,_351.jpg,Open,108,108,3,RGB,1.0,5.44,True,68249b31bc6ba84043a15d15a6067bdf,SIM_1528,test
D:\driver-drowsiness-detection\dataset\train\Open\_352.jpg,_352.jpg,Open,68,54,3,RGB,1.2593,8.83,True,4d6714d0c646db5de8293a457d4a771e,SIM_1529,test
D:\driver-drowsiness-detection\dataset\train\Open\_353.jpg,_353.jpg,Open,338,300,3,RGB,1.1267,17.11,True,08967a6a727becb39f1f827d3b2090fa,SIM_1530,test
D:\driver-drowsiness-detection\dataset\train\Open\_354.jpg,_354.jpg,Open,428,300,3,RGB,1.4267,27.9,True,0021359b966b451bff78a6896b7c97c2,SIM_1531,train
D:\driver-drowsiness-detection\dataset\train\Open\_355.jpg,_355.jpg,Open,418,300,3,RGB,1.3933,29.91,True,b1cd68a6af7d6e82fe66683cfb1b96ea,SIM_1532,train
D:\driver-drowsiness-detection\dataset\train\Open\_356.jpg,_356.jpg,Open,116,116,3,RGB,1.0,3.98,True,f05703f3c0a66dd05794733b2ec786c0,SIM_1533,train
D:\driver-drowsiness-detection\dataset\train\Open\_357.jpg,_357.jpg,Open,114,114,3,RGB,1.0,4.76,True,03c0e4b6ff8a250525d7c151581f0014,SIM_1534,train
D:\driver-drowsiness-detection\dataset\train\Open\_358.jpg,_358.jpg,Open,395,300,3,RGB,1.3167,24.8,True,32e2a6c41fedcdc83f737ae9b0b1e21a,SIM_1535,test
D:\driver-drowsiness-detection\dataset\train\Open\_359.jpg,_359.jpg,Open,456,300,3,RGB,1.52,26.57,True,eab7f05744ac0579ac9dd558936340cc,SIM_1536,train
D:\driver-drowsiness-detection\dataset\train\Open\_36.jpg,_36.jpg,Open,300,300,3,RGB,1.0,18.98,True,035f4142aa49c3a4a60b96314e692c52,SIM_1537,train
D:\driver-drowsiness-detection\dataset\train\Open\_360.jpg,_360.jpg,Open,146,146,3,RGB,1.0,5.02,True,879f5a7fac0164a169f71fc1e4ca1b3c,SIM_1538,train
D:\driver-drowsiness-detection\dataset\train\Open\_361.jpg,_361.jpg,Open,137,136,3,RGB,1.0074,6.06,True,2d6964d1526f58385020ca5e24d7962f,SIM_1539,train
D:\driver-drowsiness-detection\dataset\train\Open\_362.jpg,_362.jpg,Open,364,300,3,RGB,1.2133,44.98,True,9353223fc67fd842372c3b05653ce529,SIM_1540,train
D:\driver-drowsiness-detection\dataset\train\Open\_363.jpg,_363.jpg,Open,387,300,3,RGB,1.29,50.14,True,3539340c5f0235a8dd1a90e862cd2de4,SIM_1541,validation
D:\driver-drowsiness-detection\dataset\train\Open\_364.jpg,_364.jpg,Open,194,194,3,RGB,1.0,11.81,True,84b0d2e2489bc70835e4806f8544554d,SIM_1542,train
D:\driver-drowsiness-detection\dataset\train\Open\_365.jpg,_365.jpg,Open,112,112,3,RGB,1.0,4.44,True,fd93eec3006d73b6f7cab38963a772c7,SIM_1543,validation
D:\driver-drowsiness-detection\dataset\train\Open\_366.jpg,_366.jpg,Open,111,110,3,RGB,1.0091,4.49,True,f80fc7842a82b2562f8b16ac44a548d7,SIM_1544,train
D:\driver-drowsiness-detection\dataset\train\Open\_367.jpg,_367.jpg,Open,431,300,3,RGB,1.4367,37.14,True,ed04406ea3d6fdb02fef127389bacb69,SIM_1545,train
D:\driver-drowsiness-detection\dataset\train\Open\_368.jpg,_368.jpg,Open,112,111,3,RGB,1.009,3.96,True,6d91550d35156d98b53bf2076f9cc00a,SIM_1546,train
D:\driver-drowsiness-detection\dataset\train\Open\_369.jpg,_369.jpg,Open,104,104,3,RGB,1.0,3.77,True,7cd76d95171d12799bff587fdbd92402,SIM_1547,train
D:\driver-drowsiness-detection\dataset\train\Open\_37.jpg,_37.jpg,Open,158,112,3,RGB,1.4107,26.06,True,0050c974d363179ce3890a52686c8efd,SIM_1548,train
D:\driver-drowsiness-detection\dataset\train\Open\_370.jpg,_370.jpg,Open,448,300,3,RGB,1.4933,42.16,True,3a11d857bbc2b8fc104db1afd19e837d,SIM_1549,validation
D:\driver-drowsiness-detection\dataset\train\Open\_371.jpg,_371.jpg,Open,389,300,3,RGB,1.2967,33.38,True,9f0005388787fc0c6f5081649c251b86,SIM_1550,validation
D:\driver-drowsiness-detection\dataset\train\Open\_372.jpg,_372.jpg,Open,424,300,3,RGB,1.4133,35.67,True,ee5b122c9f4a9033a67e81db0e290098,SIM_1551,train
D:\driver-drowsiness-detection\dataset\train\Open\_373.jpg,_373.jpg,Open,333,300,3,RGB,1.11,22.07,True,14debc1af2353bd1bc538c6b55893e96,SIM_1552,train
D:\driver-drowsiness-detection\dataset\train\Open\_374.jpg,_374.jpg,Open,328,300,3,RGB,1.0933,20.61,True,e3888887f19eba2693ac4daf107d2e2b,SIM_1553,train
D:\driver-drowsiness-detection\dataset\train\Open\_375.jpg,_375.jpg,Open,358,300,3,RGB,1.1933,25.85,True,3fef24fcd2d00cafbe722c233acfd9ae,SIM_1554,train
D:\driver-drowsiness-detection\dataset\train\Open\_376.jpg,_376.jpg,Open,316,300,3,RGB,1.0533,12.39,True,cc18faafa8f1f3c7878f88bd1da57b6b,SIM_1555,train
D:\driver-drowsiness-detection\dataset\train\Open\_377.jpg,_377.jpg,Open,300,300,3,RGB,1.0,12.98,True,f12f449d867386034ec32bdd874dbb4a,SIM_1556,validation
D:\driver-drowsiness-detection\dataset\train\Open\_378.jpg,_378.jpg,Open,341,300,3,RGB,1.1367,10.33,True,4f056f91802096e9455eacf1521b0eaa,SIM_1557,train
D:\driver-drowsiness-detection\dataset\train\Open\_379.jpg,_379.jpg,Open,396,396,3,RGB,1.0,33.23,True,7ae649d3392785eca839aaee24e3b1d1,SIM_1558,train
D:\driver-drowsiness-detection\dataset\train\Open\_38.jpg,_38.jpg,Open,642,642,3,RGB,1.0,84.89,True,5953ca017c5ffedf5b9af2dd74657010,SIM_1559,train
D:\driver-drowsiness-detection\dataset\train\Open\_380.jpg,_380.jpg,Open,429,429,3,RGB,1.0,44.24,True,85c3b554875d2b797709015cd04d5212,SIM_1560,train
D:\driver-drowsiness-detection\dataset\train\Open\_381.jpg,_381.jpg,Open,482,482,3,RGB,1.0,51.53,True,78cc3d00d62f670150f9c0053bf855fc,SIM_1561,train
D:\driver-drowsiness-detection\dataset\train\Open\_382.jpg,_382.jpg,Open,495,494,3,RGB,1.002,52.16,True,fbac32b49ead1929066948e8afeaec59,SIM_1562,train
D:\driver-drowsiness-detection\dataset\train\Open\_383.jpg,_383.jpg,Open,594,595,3,RGB,0.9983,54.43,True,c3f72e96cb0d250b13f2b5ef9f8fa66d,SIM_1563,train
D:\driver-drowsiness-detection\dataset\train\Open\_384.jpg,_384.jpg,Open,624,624,3,RGB,1.0,60.03,True,70b507648d52b598edc0245a7553d92b,SIM_1564,train
D:\driver-drowsiness-detection\dataset\train\Open\_385.jpg,_385.jpg,Open,271,271,3,RGB,1.0,15.79,True,6470ef1e58a0c662d1f72b24d9ab30f2,SIM_1565,train
D:\driver-drowsiness-detection\dataset\train\Open\_386.jpg,_386.jpg,Open,342,300,3,RGB,1.14,22.78,True,d8fcc8d53582c7f3aaeb74d0720b02b9,SIM_1566,train
D:\driver-drowsiness-detection\dataset\train\Open\_387.jpg,_387.jpg,Open,276,276,3,RGB,1.0,19.4,True,c874b3b16db8add5e1fd71724e78444f,SIM_1567,train
D:\driver-drowsiness-detection\dataset\train\Open\_388.jpg,_388.jpg,Open,242,241,3,RGB,1.0041,15.02,True,44750ef8fa454cf2b6a81c45f23e7f29,SIM_1568,train
D:\driver-drowsiness-detection\dataset\train\Open\_389.jpg,_389.jpg,Open,287,287,3,RGB,1.0,39.3,True,bd81a2c0f68306545ad52d27086859b4,SIM_1569,train
D:\driver-drowsiness-detection\dataset\train\Open\_39.jpg,_39.jpg,Open,87,50,3,RGB,1.74,20.17,True,00e0cd436ff2fe22213fb6543e6fd531,SIM_1570,train
D:\driver-drowsiness-detection\dataset\train\Open\_390.jpg,_390.jpg,Open,592,592,3,RGB,1.0,70.73,True,d78f3da325c004ea96c677199ffdb195,SIM_1571,test
D:\driver-drowsiness-detection\dataset\train\Open\_391.jpg,_391.jpg,Open,644,644,3,RGB,1.0,89.63,True,6f9cc676cba399f77156daf1ed1c3e80,SIM_1572,train
D:\driver-drowsiness-detection\dataset\train\Open\_392.jpg,_392.jpg,Open,537,536,3,RGB,1.0019,64.04,True,3dda7c75157e2212be42d55e6ef5908e,SIM_1573,train
D:\driver-drowsiness-detection\dataset\train\Open\_393.jpg,_393.jpg,Open,537,537,3,RGB,1.0,42.66,True,db4e1d3e6607d76086dfab64e5bc6aa8,SIM_1574,validation
D:\driver-drowsiness-detection\dataset\train\Open\_394.jpg,_394.jpg,Open,644,644,3,RGB,1.0,64.66,True,8be7b3b43149d60fc6a40a6191830883,SIM_1575,train
D:\driver-drowsiness-detection\dataset\train\Open\_395.jpg,_395.jpg,Open,526,526,3,RGB,1.0,58.15,True,1d6859f0ab3f7106d23fce5e4339c023,SIM_1576,train
D:\driver-drowsiness-detection\dataset\train\Open\_396.jpg,_396.jpg,Open,316,316,3,RGB,1.0,10.26,True,65960e495a81fcd187349c8bed70ff94,SIM_1577,train
D:\driver-drowsiness-detection\dataset\train\Open\_397.jpg,_397.jpg,Open,369,300,3,RGB,1.23,24.94,True,be089e531a4024a24b895f54c9c73c47,SIM_1578,validation
D:\driver-drowsiness-detection\dataset\train\Open\_398.jpg,_398.jpg,Open,536,536,3,RGB,1.0,40.95,True,b1e6ceb2e877fb102cce4ad6101a23bc,SIM_1579,train
D:\driver-drowsiness-detection\dataset\train\Open\_399.jpg,_399.jpg,Open,199,198,3,RGB,1.0051,9.33,True,dfd2b980574f6bb2e4189a57ba1f8c2e,SIM_1580,test
D:\driver-drowsiness-detection\dataset\train\Open\_4.jpg,_4.jpg,Open,533,300,3,RGB,1.7767,36.45,True,53a67f06cf659b64dfbd7b4761428856,SIM_1581,train
D:\driver-drowsiness-detection\dataset\train\Open\_40.jpg,_40.jpg,Open,133,110,3,RGB,1.2091,24.58,True,d60ec672406ec69e9a58b417b3e16695,SIM_1582,validation
D:\driver-drowsiness-detection\dataset\train\Open\_400.jpg,_400.jpg,Open,206,206,3,RGB,1.0,12.34,True,436570ee4a2d90f29098f90862a7b2d0,SIM_1583,train
D:\driver-drowsiness-detection\dataset\train\Open\_401.jpg,_401.jpg,Open,186,186,3,RGB,1.0,11.65,True,cf63dc6ab053f12531a44db896be9055,SIM_1584,train
D:\driver-drowsiness-detection\dataset\train\Open\_402.jpg,_402.jpg,Open,192,192,3,RGB,1.0,12.62,True,39714d8f0fe2dc31b1765b31e3c3b693,SIM_1585,train
D:\driver-drowsiness-detection\dataset\train\Open\_403.jpg,_403.jpg,Open,181,182,3,RGB,0.9945,12.49,True,6f38ce29b022e57f4e30552e5d2efeee,SIM_1586,test
D:\driver-drowsiness-detection\dataset\train\Open\_404.jpg,_404.jpg,Open,161,161,3,RGB,1.0,7.44,True,5f46362a979d652d007ee69f6cf8cf13,SIM_1587,validation
D:\driver-drowsiness-detection\dataset\train\Open\_405.jpg,_405.jpg,Open,161,161,3,RGB,1.0,7.67,True,e8875234e3c7851c080a0a15ac4470d9,SIM_1588,train
D:\driver-drowsiness-detection\dataset\train\Open\_406.jpg,_406.jpg,Open,846,845,3,RGB,1.0012,151.7,True,ae2eafd82081807a4a375867d12fb34e,SIM_1589,validation
D:\driver-drowsiness-detection\dataset\train\Open\_407.jpg,_407.jpg,Open,701,701,3,RGB,1.0,105.73,True,96639f0a12ee18004aee33c211c0805d,SIM_1590,test
D:\driver-drowsiness-detection\dataset\train\Open\_408.jpg,_408.jpg,Open,227,226,3,RGB,1.0044,13.16,True,2da4dc946610afa0915b4a1ff8a38695,SIM_1591,train
D:\driver-drowsiness-detection\dataset\train\Open\_409.jpg,_409.jpg,Open,100,100,3,RGB,1.0,3.91,True,223492976192630504c16df151daf478,SIM_1592,train
D:\driver-drowsiness-detection\dataset\train\Open\_41.jpg,_41.jpg,Open,163,174,3,RGB,0.9368,29.38,True,fdd4d6254419d5fd8389d9abbe207f72,SIM_1593,train
D:\driver-drowsiness-detection\dataset\train\Open\_410.jpg,_410.jpg,Open,124,124,3,RGB,1.0,4.17,True,f8f138b41a798106c20038d764095dc6,SIM_1594,train
D:\driver-drowsiness-detection\dataset\train\Open\_411.jpg,_411.jpg,Open,109,109,3,RGB,1.0,4.86,True,4b6455a41a32a5b9fa7c14707a4d5207,SIM_1595,train
D:\driver-drowsiness-detection\dataset\train\Open\_412.jpg,_412.jpg,Open,124,125,3,RGB,0.992,4.31,True,5fcbfe6738ffffdfbc905fda5aba5321,SIM_1596,test
D:\driver-drowsiness-detection\dataset\train\Open\_413.jpg,_413.jpg,Open,126,126,3,RGB,1.0,6.46,True,6a44e5b3ccef74a2403ba7fdd07061e5,SIM_1597,train
D:\driver-drowsiness-detection\dataset\train\Open\_414.jpg,_414.jpg,Open,113,113,3,RGB,1.0,5.76,True,8a5084db4283f20b2908e67c9692b012,SIM_1598,test
D:\driver-drowsiness-detection\dataset\train\Open\_415.jpg,_415.jpg,Open,790,790,3,RGB,1.0,118.53,True,c5e945528f71cb78a1131fcd8b5f47fb,SIM_1599,train
D:\driver-drowsiness-detection\dataset\train\Open\_416.jpg,_416.jpg,Open,775,774,3,RGB,1.0013,114.46,True,1b228c8840ff3de8dfc759e6f801bf6b,SIM_1600,train
D:\driver-drowsiness-detection\dataset\train\Open\_417.jpg,_417.jpg,Open,870,869,3,RGB,1.0012,146.97,True,c1bd942f07002f5cb009d6b5c108ad4b,SIM_1601,train
D:\driver-drowsiness-detection\dataset\train\Open\_418.jpg,_418.jpg,Open,751,751,3,RGB,1.0,113.51,True,b9514614fd4766d0d558d9f0ebc92d49,SIM_1602,train
D:\driver-drowsiness-detection\dataset\train\Open\_419.jpg,_419.jpg,Open,221,221,3,RGB,1.0,14.13,True,f70c21dce97b98f56da950341e1f8be2,SIM_1603,train
D:\driver-drowsiness-detection\dataset\train\Open\_42.jpg,_42.jpg,Open,297,300,3,RGB,0.99,21.49,True,7d0efd4c2b4e273f01e09bcb849c0dd6,SIM_1604,test
D:\driver-drowsiness-detection\dataset\train\Open\_420.jpg,_420.jpg,Open,124,124,3,RGB,1.0,3.9,True,24c2298ae122d31927b11b22387ca652,SIM_1605,train
D:\driver-drowsiness-detection\dataset\train\Open\_421.jpg,_421.jpg,Open,97,97,3,RGB,1.0,2.99,True,d9e75352c7774361264e8ac3c0fe5006,SIM_1606,validation
D:\driver-drowsiness-detection\dataset\train\Open\_422.jpg,_422.jpg,Open,126,126,3,RGB,1.0,4.93,True,965861a9509c1c45127d751f80568c04,SIM_1607,train
D:\driver-drowsiness-detection\dataset\train\Open\_423.jpg,_423.jpg,Open,122,122,3,RGB,1.0,4.76,True,68910d47a5cfe40cff074a737024fc1c,SIM_1608,validation
D:\driver-drowsiness-detection\dataset\train\Open\_424.jpg,_424.jpg,Open,130,130,3,RGB,1.0,3.32,True,fbb604a9b87f2c087ba325463584fbb0,SIM_1609,train
D:\driver-drowsiness-detection\dataset\train\Open\_425.jpg,_425.jpg,Open,110,109,3,RGB,1.0092,3.13,True,890a375a310bbc6c7236a59987ec1f79,SIM_1610,train
D:\driver-drowsiness-detection\dataset\train\Open\_426.jpg,_426.jpg,Open,111,111,3,RGB,1.0,4.69,True,cf080981c2305467e51bb17ecb57d3a8,SIM_1611,train
D:\driver-drowsiness-detection\dataset\train\Open\_427.jpg,_427.jpg,Open,118,119,3,RGB,0.9916,4.91,True,dc8eef6a933e74012225341ba35b4e91,SIM_1612,train
D:\driver-drowsiness-detection\dataset\train\Open\_428.jpg,_428.jpg,Open,138,138,3,RGB,1.0,5.0,True,63bce4fc5df21b1cdb555a1272f44576,SIM_1613,train
D:\driver-drowsiness-detection\dataset\train\Open\_429.jpg,_429.jpg,Open,121,121,3,RGB,1.0,4.34,True,e313a24f98002fb476bae00569ceccf7,SIM_1614,train
D:\driver-drowsiness-detection\dataset\train\Open\_43.jpg,_43.jpg,Open,226,169,3,RGB,1.3373,13.58,True,fe9904b7253a37ea9bf9a4155c1a3435,SIM_1615,train
D:\driver-drowsiness-detection\dataset\train\Open\_430.jpg,_430.jpg,Open,228,227,3,RGB,1.0044,14.63,True,a101826a49d7754f5b130a4dff977605,SIM_1616,train
D:\driver-drowsiness-detection\dataset\train\Open\_431.jpg,_431.jpg,Open,130,130,3,RGB,1.0,4.65,True,babe0fd599513b97fe6b341c89648f69,SIM_1617,train
D:\driver-drowsiness-detection\dataset\train\Open\_432.jpg,_432.jpg,Open,957,957,3,RGB,1.0,141.27,True,43c5baa52d2d369415f98f3a8b8e064e,SIM_1618,validation
D:\driver-drowsiness-detection\dataset\train\Open\_433.jpg,_433.jpg,Open,1020,1020,3,RGB,1.0,194.77,True,44b4cac56ce4d50380838b7d09647cf9,SIM_1619,train
D:\driver-drowsiness-detection\dataset\train\Open\_434.jpg,_434.jpg,Open,734,734,3,RGB,1.0,84.27,True,c14222272134d97b299cc6e7c7e05f21,SIM_1620,train
D:\driver-drowsiness-detection\dataset\train\Open\_435.jpg,_435.jpg,Open,671,671,3,RGB,1.0,67.5,True,6ff7307c09f343e5f79626d8a3c7e3cb,SIM_1621,train
D:\driver-drowsiness-detection\dataset\train\Open\_436.jpg,_436.jpg,Open,685,685,3,RGB,1.0,90.06,True,cd63cf2895467c58891b24091a563c73,SIM_1622,train
D:\driver-drowsiness-detection\dataset\train\Open\_437.jpg,_437.jpg,Open,726,725,3,RGB,1.0014,95.96,True,81fb6d5c365eb5a9da2caca16cadca59,SIM_1623,train
D:\driver-drowsiness-detection\dataset\train\Open\_438.jpg,_438.jpg,Open,751,751,3,RGB,1.0,102.6,True,f3d077ad1be1eedea6344bf57f1aa2fb,SIM_1624,train
D:\driver-drowsiness-detection\dataset\train\Open\_439.jpg,_439.jpg,Open,929,928,3,RGB,1.0011,229.83,True,4ddbd9541c4d73ed8b28dbf731ceb091,SIM_1625,train
D:\driver-drowsiness-detection\dataset\train\Open\_44.jpg,_44.jpg,Open,130,130,3,RGB,1.0,8.24,True,c711e3a8a40825561ce45c32a345bbda,SIM_1626,train
D:\driver-drowsiness-detection\dataset\train\Open\_440.jpg,_440.jpg,Open,788,788,3,RGB,1.0,168.82,True,94788b40b5602ca2c8dfd6f6cec4fa54,SIM_1627,train
D:\driver-drowsiness-detection\dataset\train\Open\_441.jpg,_441.jpg,Open,391,300,3,RGB,1.3033,25.17,True,9c5492fa6b381cf468eae21dd049f393,SIM_1628,train
D:\driver-drowsiness-detection\dataset\train\Open\_442.jpg,_442.jpg,Open,681,681,3,RGB,1.0,98.7,True,11c9acb9aa8c845cb623d8affaab0203,SIM_1629,train
D:\driver-drowsiness-detection\dataset\train\Open\_443.jpg,_443.jpg,Open,831,831,3,RGB,1.0,142.45,True,5709a903b1aac2cde44436de961f107a,SIM_1630,train
D:\driver-drowsiness-detection\dataset\train\Open\_444.jpg,_444.jpg,Open,788,788,3,RGB,1.0,219.23,True,f078d1c76ae284fd7442aaa26ca2e6ed,SIM_1631,validation
D:\driver-drowsiness-detection\dataset\train\Open\_445.jpg,_445.jpg,Open,1037,1038,3,RGB,0.999,115.11,True,72cafd5a1d5f0447f1a6e368212dc429,SIM_1632,test
D:\driver-drowsiness-detection\dataset\train\Open\_446.jpg,_446.jpg,Open,1066,1065,3,RGB,1.0009,168.52,True,620305c63a0939bcb124d2f663b9693a,SIM_1633,train
D:\driver-drowsiness-detection\dataset\train\Open\_447.jpg,_447.jpg,Open,1280,1280,3,RGB,1.0,81.49,True,634e9f06ca3b3d746abef8a7c5ed4d6b,SIM_1634,train
D:\driver-drowsiness-detection\dataset\train\Open\_448.jpg,_448.jpg,Open,1024,1024,3,RGB,1.0,169.37,True,0f59e08ff69d7df19be25f4dfb5c7354,SIM_1635,test
D:\driver-drowsiness-detection\dataset\train\Open\_449.jpg,_449.jpg,Open,932,931,3,RGB,1.0011,154.62,True,70221d7fdb5bad32d893f80d9c42ac33,SIM_1636,test
D:\driver-drowsiness-detection\dataset\train\Open\_45.jpg,_45.jpg,Open,849,597,3,RGB,1.4221,122.29,True,98ccaaa6530009b3475621a811bbf212,SIM_1637,test
D:\driver-drowsiness-detection\dataset\train\Open\_450.jpg,_450.jpg,Open,1022,1022,3,RGB,1.0,175.81,True,6c48aac5b3de5cc03e744455dfa9c2f0,SIM_1638,train
D:\driver-drowsiness-detection\dataset\train\Open\_451.jpg,_451.jpg,Open,698,697,3,RGB,1.0014,65.8,True,e94cabd71ec61bb6dea481101c3cb34b,SIM_1639,test
D:\driver-drowsiness-detection\dataset\train\Open\_452.jpg,_452.jpg,Open,300,300,3,RGB,1.0,27.6,True,c07e95e6d01bc250c32c5c5641187f33,SIM_1640,train
D:\driver-drowsiness-detection\dataset\train\Open\_453.jpg,_453.jpg,Open,876,876,3,RGB,1.0,141.89,True,eabd3912aa7222710ab06babcf33e5ea,SIM_1641,train
D:\driver-drowsiness-detection\dataset\train\Open\_454.jpg,_454.jpg,Open,803,803,3,RGB,1.0,51.51,True,122ebe3d7f56c77c4bf2d119820f3453,SIM_1642,train
D:\driver-drowsiness-detection\dataset\train\Open\_455.jpg,_455.jpg,Open,729,730,3,RGB,0.9986,48.78,True,e25d90f78381432e390c4a86c3dd21e4,SIM_1643,train
D:\driver-drowsiness-detection\dataset\train\Open\_456.jpg,_456.jpg,Open,819,819,3,RGB,1.0,78.56,True,07b997bfb3a9b799918dff964abc45f1,SIM_1644,test
D:\driver-drowsiness-detection\dataset\train\Open\_457.jpg,_457.jpg,Open,171,172,3,RGB,0.9942,9.8,True,c14a913a482172032ff807f0de5a4bbc,SIM_1645,train
D:\driver-drowsiness-detection\dataset\train\Open\_458.jpg,_458.jpg,Open,152,152,3,RGB,1.0,8.27,True,72f1bfee9af8a6a97c28cb1b9683c076,SIM_1646,train
D:\driver-drowsiness-detection\dataset\train\Open\_459.jpg,_459.jpg,Open,855,856,3,RGB,0.9988,88.3,True,98da433f892b9b06293f53e3e6d1eb91,SIM_1647,validation
D:\driver-drowsiness-detection\dataset\train\Open\_46.jpg,_46.jpg,Open,740,542,3,RGB,1.3653,110.47,True,544aa78a69748482ebf3917924c81dbb,SIM_1648,train
D:\driver-drowsiness-detection\dataset\train\Open\_460.jpg,_460.jpg,Open,261,261,3,RGB,1.0,19.95,True,47bd50caa7a1635864e617dad999472f,SIM_1649,test
D:\driver-drowsiness-detection\dataset\train\Open\_461.jpg,_461.jpg,Open,253,253,3,RGB,1.0,14.13,True,83a327229fa289cd5e614e93658c4139,SIM_1650,validation
D:\driver-drowsiness-detection\dataset\train\Open\_462.jpg,_462.jpg,Open,194,193,3,RGB,1.0052,10.82,True,aada88e7a72af28a1c11aa2cb86da4b3,SIM_1651,train
D:\driver-drowsiness-detection\dataset\train\Open\_463.jpg,_463.jpg,Open,120,120,3,RGB,1.0,5.56,True,d3d391ee42052dacbeff28516e5b417a,SIM_1652,train
D:\driver-drowsiness-detection\dataset\train\Open\_464.jpg,_464.jpg,Open,50,45,3,RGB,1.1111,8.56,True,b9a4b80b72701d0d7589258944f1c366,SIM_1653,train
D:\driver-drowsiness-detection\dataset\train\Open\_465.jpg,_465.jpg,Open,345,253,3,RGB,1.3636,40.37,True,257ce9553e1cdf82d40bc2377e662276,SIM_1654,train
D:\driver-drowsiness-detection\dataset\train\Open\_466.jpg,_466.jpg,Open,191,191,3,RGB,1.0,10.41,True,2330a1ff07e7a19ae64016edd9996e91,SIM_1655,validation
D:\driver-drowsiness-detection\dataset\train\Open\_467.jpg,_467.jpg,Open,237,238,3,RGB,0.9958,15.69,True,7325eef51ec9dcd3b40b7dfdb01865cd,SIM_1656,train
D:\driver-drowsiness-detection\dataset\train\Open\_468.jpg,_468.jpg,Open,251,253,3,RGB,0.9921,13.15,True,039d41d34de8edf662dd3795cf26aa23,SIM_1657,train
D:\driver-drowsiness-detection\dataset\train\Open\_469.jpg,_469.jpg,Open,313,312,3,RGB,1.0032,16.12,True,c4731ebd283573423146d540a2bbc7f3,SIM_1658,train
D:\driver-drowsiness-detection\dataset\train\Open\_47.jpg,_47.jpg,Open,601,576,3,RGB,1.0434,109.67,True,e9d825ea0722c71f6da685f699b8947d,SIM_1659,train
D:\driver-drowsiness-detection\dataset\train\Open\_470.jpg,_470.jpg,Open,329,329,3,RGB,1.0,17.64,True,89bc97b0dbf02287a6b55656e29b3954,SIM_1660,train
D:\driver-drowsiness-detection\dataset\train\Open\_471.jpg,_471.jpg,Open,219,219,3,RGB,1.0,12.11,True,0090e91b02e1715d466175d150f80ea2,SIM_1661,validation
D:\driver-drowsiness-detection\dataset\train\Open\_472.jpg,_472.jpg,Open,225,225,3,RGB,1.0,12.78,True,f89e2b83de7b13bcea8c923392bcf41d,SIM_1662,test
D:\driver-drowsiness-detection\dataset\train\Open\_473.jpg,_473.jpg,Open,196,196,3,RGB,1.0,10.46,True,e020a6edb55a0f4ae3c5c36ad02e5a52,SIM_1663,train
D:\driver-drowsiness-detection\dataset\train\Open\_474.jpg,_474.jpg,Open,1027,694,3,RGB,1.4798,33.59,True,fd0f09b0c8e369b3377eced955f1d7a1,SIM_1664,test
D:\driver-drowsiness-detection\dataset\train\Open\_475.jpg,_475.jpg,Open,229,229,3,RGB,1.0,11.9,True,35f1973bbfcffd544c408cb436d7bd6b,SIM_1665,test
D:\driver-drowsiness-detection\dataset\train\Open\_476.jpg,_476.jpg,Open,353,243,3,RGB,1.4527,37.93,True,28961f72b06eb8c0dc6fd7c95f009424,SIM_1666,train
D:\driver-drowsiness-detection\dataset\train\Open\_477.jpg,_477.jpg,Open,216,216,3,RGB,1.0,9.82,True,5d3c83244de0b17d2eafecbbb738105b,SIM_1667,train
D:\driver-drowsiness-detection\dataset\train\Open\_478.jpg,_478.jpg,Open,214,214,3,RGB,1.0,12.35,True,d1fa1bb876288b171789ca6a4ca34f3f,SIM_1668,train
D:\driver-drowsiness-detection\dataset\train\Open\_479.jpg,_479.jpg,Open,230,230,3,RGB,1.0,13.47,True,96076b6b1a021b32c8a07626aa219521,SIM_1669,validation
D:\driver-drowsiness-detection\dataset\train\Open\_48.jpg,_48.jpg,Open,678,696,3,RGB,0.9741,96.99,True,f4b2eafc7b40d79fd3fbdf164e2b0e8a,SIM_1670,validation
D:\driver-drowsiness-detection\dataset\train\Open\_480.jpg,_480.jpg,Open,473,473,3,RGB,1.0,78.37,True,1e9c03a43fd78650150e4890e1ee9b44,SIM_1671,train
D:\driver-drowsiness-detection\dataset\train\Open\_481.jpg,_481.jpg,Open,496,496,3,RGB,1.0,87.73,True,cf3ade9484cc75ff804e05a2ac74556f,SIM_1672,validation
D:\driver-drowsiness-detection\dataset\train\Open\_482.jpg,_482.jpg,Open,500,499,3,RGB,1.002,68.97,True,2da3c5c03d213954448af07345e9626e,SIM_1673,train
D:\driver-drowsiness-detection\dataset\train\Open\_483.jpg,_483.jpg,Open,548,549,3,RGB,0.9982,98.67,True,e2390a5813ecc3dbcc73905e1210f839,SIM_1674,train
D:\driver-drowsiness-detection\dataset\train\Open\_484.jpg,_484.jpg,Open,822,664,3,RGB,1.238,28.76,True,03a6162949e3b9765369c4cbe075b78d,SIM_1675,train
D:\driver-drowsiness-detection\dataset\train\Open\_485.jpg,_485.jpg,Open,478,478,3,RGB,1.0,40.51,True,2519d71954056f9e8c778fa293c1c5e1,SIM_1676,train
D:\driver-drowsiness-detection\dataset\train\Open\_486.jpg,_486.jpg,Open,505,505,3,RGB,1.0,38.62,True,49cc7746c00ea43eb1fd3914c4ef070d,SIM_1677,validation
D:\driver-drowsiness-detection\dataset\train\Open\_487.jpg,_487.jpg,Open,347,238,3,RGB,1.458,32.24,True,26e17d1098710c2d791bb4d3bb06306a,SIM_1678,train
D:\driver-drowsiness-detection\dataset\train\Open\_488.jpg,_488.jpg,Open,434,434,3,RGB,1.0,28.55,True,9c81c1c6611c4ff2cb89996f07bf30d6,SIM_1679,test
D:\driver-drowsiness-detection\dataset\train\Open\_489.jpg,_489.jpg,Open,399,398,3,RGB,1.0025,24.63,True,d4335f02c87e9e74d7c7f470a991007c,SIM_1680,test
D:\driver-drowsiness-detection\dataset\train\Open\_49.jpg,_49.jpg,Open,260,194,3,RGB,1.3402,5.26,True,d1918544e988e8e0c2dd815cada850e7,SIM_1681,validation
D:\driver-drowsiness-detection\dataset\train\Open\_490.jpg,_490.jpg,Open,492,493,3,RGB,0.998,37.55,True,fce1a86d5dfef6b8724655b68220495a,SIM_1682,train
D:\driver-drowsiness-detection\dataset\train\Open\_491.jpg,_491.jpg,Open,429,429,3,RGB,1.0,34.69,True,2e6b73a004539793c2c9b8a0537a2dfc,SIM_1683,test
D:\driver-drowsiness-detection\dataset\train\Open\_492.jpg,_492.jpg,Open,501,501,3,RGB,1.0,43.67,True,1d19e7338dd0ca0fc753680c7065fa40,SIM_1684,validation
D:\driver-drowsiness-detection\dataset\train\Open\_493.jpg,_493.jpg,Open,494,494,3,RGB,1.0,36.66,True,7d8057e1002dee62ac16057da9b2e17b,SIM_1685,train
D:\driver-drowsiness-detection\dataset\train\Open\_494.jpg,_494.jpg,Open,199,200,3,RGB,0.995,9.74,True,01c9d001344fabdf0649a954356e9183,SIM_1686,test
D:\driver-drowsiness-detection\dataset\train\Open\_495.jpg,_495.jpg,Open,192,192,3,RGB,1.0,8.54,True,5f6aae7def853b451f130d7a1a3b33a1,SIM_1687,test
D:\driver-drowsiness-detection\dataset\train\Open\_496.jpg,_496.jpg,Open,192,191,3,RGB,1.0052,9.38,True,db4a11da89ceef33ef4c18920549ca32,SIM_1688,train
D:\driver-drowsiness-detection\dataset\train\Open\_497.jpg,_497.jpg,Open,178,178,3,RGB,1.0,9.19,True,c65326d55b8b87282c1bd901c5a6b1ea,SIM_1689,train
D:\driver-drowsiness-detection\dataset\train\Open\_498.jpg,_498.jpg,Open,328,300,3,RGB,1.0933,15.55,True,27a87867b8eba003030e536354c323d1,SIM_1690,train
D:\driver-drowsiness-detection\dataset\train\Open\_499.jpg,_499.jpg,Open,136,136,3,RGB,1.0,5.05,True,dd6f371e2ad70547397cd1f7777ab4c9,SIM_1691,train
D:\driver-drowsiness-detection\dataset\train\Open\_5.jpg,_5.jpg,Open,300,393,3,RGB,0.7634,26.62,True,6f48d28da35ccbae321a441cc782a1e9,SIM_1692,train
D:\driver-drowsiness-detection\dataset\train\Open\_50.jpg,_50.jpg,Open,626,626,3,RGB,1.0,81.8,True,1a7eed0c039a19509e384b01a7169620,SIM_1693,train
D:\driver-drowsiness-detection\dataset\train\Open\_500.jpg,_500.jpg,Open,137,138,3,RGB,0.9928,7.96,True,cde336473f16f81fc6f940dfe9026b6e,SIM_1694,test
D:\driver-drowsiness-detection\dataset\train\Open\_501.jpg,_501.jpg,Open,155,155,3,RGB,1.0,8.05,True,f0a1588ff95209c57a6c5053deacf873,SIM_1695,train
D:\driver-drowsiness-detection\dataset\train\Open\_502.jpg,_502.jpg,Open,142,142,3,RGB,1.0,8.65,True,d339dcfe53ef9bc33d005c54f3ca0155,SIM_1696,test
D:\driver-drowsiness-detection\dataset\train\Open\_503.jpg,_503.jpg,Open,155,155,3,RGB,1.0,8.69,True,61dafce433f5eecdd34784eb46981aa2,SIM_1697,test
D:\driver-drowsiness-detection\dataset\train\Open\_504.jpg,_504.jpg,Open,153,152,3,RGB,1.0066,8.74,True,da00c212df434ef51e8f38655fd8997d,SIM_1698,train
D:\driver-drowsiness-detection\dataset\train\Open\_505.jpg,_505.jpg,Open,105,105,3,RGB,1.0,3.58,True,905308930fe6fe2a6803ec79be0c606f,SIM_1699,test
D:\driver-drowsiness-detection\dataset\train\Open\_506.jpg,_506.jpg,Open,118,118,3,RGB,1.0,3.86,True,838ff4e3a8895094338e748ef13e44a4,SIM_1700,train
D:\driver-drowsiness-detection\dataset\train\Open\_507.jpg,_507.jpg,Open,529,539,3,RGB,0.9814,54.43,True,0b755fb4da6017d28caf26b874ed54b2,SIM_1701,validation
D:\driver-drowsiness-detection\dataset\train\Open\_508.jpg,_508.jpg,Open,441,535,3,RGB,0.8243,49.17,True,45ac8e729b4c5aa74b60fe4b1b97bf51,SIM_1702,train
D:\driver-drowsiness-detection\dataset\train\Open\_509.jpg,_509.jpg,Open,341,278,3,RGB,1.2266,54.15,True,660318904ca4a94b9e88936b6bcb7630,SIM_1703,train
D:\driver-drowsiness-detection\dataset\train\Open\_51.jpg,_51.jpg,Open,364,300,3,RGB,1.2133,21.26,True,1001e0b30215b31df22fec6c5aba1262,SIM_1704,train
D:\driver-drowsiness-detection\dataset\train\Open\_510.jpg,_510.jpg,Open,357,300,3,RGB,1.19,20.72,True,70d89a1b9b9f364734b233d35b7dfd7c,SIM_1705,test
D:\driver-drowsiness-detection\dataset\train\Open\_511.jpg,_511.jpg,Open,302,300,3,RGB,1.0067,18.66,True,4223a0c1b8e3c13ef5319acd33163538,SIM_1706,test
D:\driver-drowsiness-detection\dataset\train\Open\_512.jpg,_512.jpg,Open,331,300,3,RGB,1.1033,19.52,True,81a90383d37142850b0f0628902cb0b7,SIM_1707,train
D:\driver-drowsiness-detection\dataset\train\Open\_513.jpg,_513.jpg,Open,300,323,3,RGB,0.9288,18.79,True,163459ea86de171e2e40fa03c540344f,SIM_1708,test
D:\driver-drowsiness-detection\dataset\train\Open\_514.jpg,_514.jpg,Open,300,329,3,RGB,0.9119,18.83,True,9a3d6f79ed1b0e53eab4f2852c8473d1,SIM_1709,train
D:\driver-drowsiness-detection\dataset\train\Open\_515.jpg,_515.jpg,Open,322,300,3,RGB,1.0733,18.55,True,0c8bbd2aed17e862ab45fefa3d1ab558,SIM_1710,train
D:\driver-drowsiness-detection\dataset\train\Open\_516.jpg,_516.jpg,Open,357,300,3,RGB,1.19,19.2,True,7ffbe8056f22f76b909d7bf88a99ef75,SIM_1711,train
D:\driver-drowsiness-detection\dataset\train\Open\_517.jpg,_517.jpg,Open,363,300,3,RGB,1.21,18.19,True,65552a979863f6423af0398ac3cbf60d,SIM_1712,validation
D:\driver-drowsiness-detection\dataset\train\Open\_518.jpg,_518.jpg,Open,311,300,3,RGB,1.0367,14.51,True,fe2dc932ba83fd48b8226506af4aeddd,SIM_1713,train
D:\driver-drowsiness-detection\dataset\train\Open\_519.jpg,_519.jpg,Open,300,323,3,RGB,0.9288,13.44,True,7575e0e21124be6e4f1fc463c2058c7b,SIM_1714,train
D:\driver-drowsiness-detection\dataset\train\Open\_52.jpg,_52.jpg,Open,123,106,3,RGB,1.1604,23.79,True,f4de4fca60d91b2eb09a97b17dc62f3f,SIM_1715,train
D:\driver-drowsiness-detection\dataset\train\Open\_520.jpg,_520.jpg,Open,378,293,3,RGB,1.2901,49.0,True,5249162a777ac2e8a1a6215503a91ff9,SIM_1716,test
D:\driver-drowsiness-detection\dataset\train\Open\_521.jpg,_521.jpg,Open,300,304,3,RGB,0.9868,22.46,True,5794016ffa755681181a8517620ffe78,SIM_1717,train
D:\driver-drowsiness-detection\dataset\train\Open\_522.jpg,_522.jpg,Open,653,653,3,RGB,1.0,85.37,True,ec1041305538d369acd3202e2fd64a4d,SIM_1718,train
D:\driver-drowsiness-detection\dataset\train\Open\_523.jpg,_523.jpg,Open,300,330,3,RGB,0.9091,22.27,True,0589eeabdd1f503bf4d613021d924ebc,SIM_1719,train
D:\driver-drowsiness-detection\dataset\train\Open\_524.jpg,_524.jpg,Open,342,300,3,RGB,1.14,32.99,True,2adda36c5bd1d1e8a68e861505add97c,SIM_1720,train
D:\driver-drowsiness-detection\dataset\train\Open\_525.jpg,_525.jpg,Open,511,511,3,RGB,1.0,47.04,True,b4077a15433ce29c4bdcfd1830aec984,SIM_1721,train
D:\driver-drowsiness-detection\dataset\train\Open\_526.jpg,_526.jpg,Open,305,300,3,RGB,1.0167,26.45,True,4c9c9315a92eb594d436b901d220694c,SIM_1722,train
D:\driver-drowsiness-detection\dataset\train\Open\_527.jpg,_527.jpg,Open,307,300,3,RGB,1.0233,28.0,True,a85136bede35638baa819e4493cc8a40,SIM_1723,test
D:\driver-drowsiness-detection\dataset\train\Open\_528.jpg,_528.jpg,Open,720,720,3,RGB,1.0,69.47,True,254e428328f1bfbfcddfdcaf436003f9,SIM_1724,train
D:\driver-drowsiness-detection\dataset\train\Open\_529.jpg,_529.jpg,Open,315,300,3,RGB,1.05,28.05,True,a32ee26c57917f92a158bdcf78746859,SIM_1725,train
D:\driver-drowsiness-detection\dataset\train\Open\_53.jpg,_53.jpg,Open,386,300,3,RGB,1.2867,44.67,True,4ea2ff29cbc36eefe09390695e898cd1,SIM_1726,train
D:\driver-drowsiness-detection\dataset\train\Open\_530.jpg,_530.jpg,Open,634,634,3,RGB,1.0,36.71,True,2b861607a5be220ebb6ed3b62d54d2ac,SIM_1727,train
D:\driver-drowsiness-detection\dataset\train\Open\_531.jpg,_531.jpg,Open,400,300,3,RGB,1.3333,31.28,True,b86fba320f0d464a10180580c5a1b226,SIM_1728,train
D:\driver-drowsiness-detection\dataset\train\Open\_532.jpg,_532.jpg,Open,358,300,3,RGB,1.1933,27.75,True,25957a87cef57408bd822d9e3b383963,SIM_1729,train
D:\driver-drowsiness-detection\dataset\train\Open\_533.jpg,_533.jpg,Open,414,300,3,RGB,1.38,32.56,True,69914475378b31f0a425aa96a270f618,SIM_1730,train
D:\driver-drowsiness-detection\dataset\train\Open\_534.jpg,_534.jpg,Open,348,300,3,RGB,1.16,19.07,True,771dae572aa173f4ae87249622d5dc3d,SIM_1731,train
D:\driver-drowsiness-detection\dataset\train\Open\_535.jpg,_535.jpg,Open,371,300,3,RGB,1.2367,21.4,True,06104e5a4f0bc89717e578ded1873ca6,SIM_1732,validation
D:\driver-drowsiness-detection\dataset\train\Open\_536.jpg,_536.jpg,Open,576,577,3,RGB,0.9983,82.74,True,5cf2a65cdefcd65ea9bfb021249057e0,SIM_1733,train
D:\driver-drowsiness-detection\dataset\train\Open\_537.jpg,_537.jpg,Open,406,406,3,RGB,1.0,34.87,True,4de5e86612273a532f01be60d8973449,SIM_1734,test
D:\driver-drowsiness-detection\dataset\train\Open\_538.jpg,_538.jpg,Open,581,581,3,RGB,1.0,59.8,True,90c85ea0c25d407c9188caa44175295c,SIM_1735,test
D:\driver-drowsiness-detection\dataset\train\Open\_539.jpg,_539.jpg,Open,505,505,3,RGB,1.0,47.61,True,f3e045e6b6d4561577a2e8c0c5fdfe4f,SIM_1736,train
D:\driver-drowsiness-detection\dataset\train\Open\_54.jpg,_54.jpg,Open,97,80,3,RGB,1.2125,21.57,True,321307b606feb4c64fc98723d87f6753,SIM_1737,train
D:\driver-drowsiness-detection\dataset\train\Open\_540.jpg,_540.jpg,Open,533,533,3,RGB,1.0,83.07,True,241d0e3ec42c141eaebb16e0f2582395,SIM_1738,train
D:\driver-drowsiness-detection\dataset\train\Open\_541.jpg,_541.jpg,Open,592,592,3,RGB,1.0,51.77,True,6c1968e6148a6c51f06068331bd745c9,SIM_1739,train
D:\driver-drowsiness-detection\dataset\train\Open\_542.jpg,_542.jpg,Open,135,107,3,RGB,1.2617,22.54,True,ae040fb9078d1bd9ed3324e23cef9b85,SIM_1740,train
D:\driver-drowsiness-detection\dataset\train\Open\_543.jpg,_543.jpg,Open,616,615,3,RGB,1.0016,102.46,True,308a08092b5bc1e7fcc6fb7769740238,SIM_1741,train
D:\driver-drowsiness-detection\dataset\train\Open\_544.jpg,_544.jpg,Open,508,508,3,RGB,1.0,50.81,True,70c881cc9cbae7db3de5135a69fbb263,SIM_1742,train
D:\driver-drowsiness-detection\dataset\train\Open\_545.jpg,_545.jpg,Open,539,539,3,RGB,1.0,34.06,True,052ee21c33a7bcc7991a8dc829c1e3cb,SIM_1743,train
D:\driver-drowsiness-detection\dataset\train\Open\_546.jpg,_546.jpg,Open,499,499,3,RGB,1.0,49.25,True,ee31eb78bd6b01b3efd143076069c199,SIM_1744,train
D:\driver-drowsiness-detection\dataset\train\Open\_547.jpg,_547.jpg,Open,536,536,3,RGB,1.0,73.07,True,3db6d69e7ae16dddd6d7a62c503b360b,SIM_1745,train
D:\driver-drowsiness-detection\dataset\train\Open\_548.jpg,_548.jpg,Open,523,522,3,RGB,1.0019,70.94,True,de46b8303fc464d69ed9cc14bebeeac1,SIM_1746,train
D:\driver-drowsiness-detection\dataset\train\Open\_549.jpg,_549.jpg,Open,544,544,3,RGB,1.0,54.29,True,a10869d8650cc54be427bab85a222bcf,SIM_1747,train
D:\driver-drowsiness-detection\dataset\train\Open\_55.jpg,_55.jpg,Open,496,361,3,RGB,1.374,52.98,True,0c710f0d966f67d3de69e1a716956140,SIM_1748,validation
D:\driver-drowsiness-detection\dataset\train\Open\_550.jpg,_550.jpg,Open,460,459,3,RGB,1.0022,29.72,True,e805c47685e08c87498906eabf49cdec,SIM_1749,train
D:\driver-drowsiness-detection\dataset\train\Open\_551.jpg,_551.jpg,Open,354,354,3,RGB,1.0,20.47,True,8d03a37b3fe2519811f82ca0af020028,SIM_1750,validation
D:\driver-drowsiness-detection\dataset\train\Open\_552.jpg,_552.jpg,Open,413,413,3,RGB,1.0,42.76,True,ee757afe6fce25b4305e293fbf553464,SIM_1751,train
D:\driver-drowsiness-detection\dataset\train\Open\_553.jpg,_553.jpg,Open,111,96,3,RGB,1.1562,22.83,True,c8dc2affa578c13762ed8ed0e48a3b67,SIM_1752,test
D:\driver-drowsiness-detection\dataset\train\Open\_554.jpg,_554.jpg,Open,453,453,3,RGB,1.0,18.49,True,70f95f34803c04d363c1a42984dbe267,SIM_1753,train
D:\driver-drowsiness-detection\dataset\train\Open\_555.jpg,_555.jpg,Open,136,125,3,RGB,1.088,23.37,True,8b12615f8899648f3a8319eb84005d31,SIM_1754,train
D:\driver-drowsiness-detection\dataset\train\Open\_556.jpg,_556.jpg,Open,147,129,3,RGB,1.1395,24.13,True,3fc186e3a1b7503b8dff1c04cb8afd00,SIM_1755,validation
D:\driver-drowsiness-detection\dataset\train\Open\_557.jpg,_557.jpg,Open,438,438,3,RGB,1.0,62.09,True,a266a0591db6472fb4971da3365c7176,SIM_1756,train
D:\driver-drowsiness-detection\dataset\train\Open\_558.jpg,_558.jpg,Open,470,470,3,RGB,1.0,72.07,True,b0fa7f967b00b127178f715247dd0edb,SIM_1757,train
D:\driver-drowsiness-detection\dataset\train\Open\_559.jpg,_559.jpg,Open,452,509,3,RGB,0.888,49.92,True,924994664e80e169c4f455667d4b9e75,SIM_1758,test
D:\driver-drowsiness-detection\dataset\train\Open\_56.jpg,_56.jpg,Open,183,150,3,RGB,1.22,25.51,True,96e97f3b4049a21a89cba9aadc570941,SIM_1759,test
D:\driver-drowsiness-detection\dataset\train\Open\_560.jpg,_560.jpg,Open,529,511,3,RGB,1.0352,56.94,True,6b9375ee36831a662d80e8371de8c832,SIM_1760,test
D:\driver-drowsiness-detection\dataset\train\Open\_561.jpg,_561.jpg,Open,577,578,3,RGB,0.9983,115.27,True,162937ba909c4207bc15f8d54d145f8e,SIM_1761,train
D:\driver-drowsiness-detection\dataset\train\Open\_562.jpg,_562.jpg,Open,695,694,3,RGB,1.0014,144.89,True,c367863346aa6e263699cb8ec87cf615,SIM_1762,train
D:\driver-drowsiness-detection\dataset\train\Open\_563.jpg,_563.jpg,Open,442,442,3,RGB,1.0,44.92,True,7fe718246d247b8828806c84a6910b33,SIM_1763,train
D:\driver-drowsiness-detection\dataset\train\Open\_564.jpg,_564.jpg,Open,267,230,3,RGB,1.1609,17.17,True,5649dc0553564872370f2cb3eee9a4be,SIM_1764,train
D:\driver-drowsiness-detection\dataset\train\Open\_565.jpg,_565.jpg,Open,460,460,3,RGB,1.0,58.83,True,2455fee1f1c6b4325403b35ba789e76c,SIM_1765,train
D:\driver-drowsiness-detection\dataset\train\Open\_566.jpg,_566.jpg,Open,457,458,3,RGB,0.9978,69.93,True,824700e0e71b7abf0cbe9674888b4fbe,SIM_1766,train
D:\driver-drowsiness-detection\dataset\train\Open\_567.jpg,_567.jpg,Open,300,315,3,RGB,0.9524,23.58,True,9c63cea28a6d3b148f13824f18886acc,SIM_1767,train
D:\driver-drowsiness-detection\dataset\train\Open\_568.jpg,_568.jpg,Open,300,301,3,RGB,0.9967,29.48,True,5e81dd3943247c2358a3157adfb98843,SIM_1768,train
D:\driver-drowsiness-detection\dataset\train\Open\_569.jpg,_569.jpg,Open,228,228,3,RGB,1.0,15.19,True,524279ce828922e409c169deacbdce78,SIM_1769,test
D:\driver-drowsiness-detection\dataset\train\Open\_57.jpg,_57.jpg,Open,425,300,3,RGB,1.4167,29.68,True,9b33a4083ec08fc01a21f895c0fa59b8,SIM_1770,train
D:\driver-drowsiness-detection\dataset\train\Open\_570.jpg,_570.jpg,Open,268,251,3,RGB,1.0677,12.12,True,ab36e8e239bb473b8e400b133c40bcd3,SIM_1771,train
D:\driver-drowsiness-detection\dataset\train\Open\_571.jpg,_571.jpg,Open,300,300,3,RGB,1.0,14.04,True,ee18c73107038bf1efe721ab41c77dbc,SIM_1772,train
D:\driver-drowsiness-detection\dataset\train\Open\_572.jpg,_572.jpg,Open,272,272,3,RGB,1.0,17.9,True,0b449544a4f2a7bad029ef742748cc78,SIM_1773,train
D:\driver-drowsiness-detection\dataset\train\Open\_573.jpg,_573.jpg,Open,213,222,3,RGB,0.9595,12.08,True,85e1da7ae5f59c57809bfd2d6fec20c2,SIM_1774,test
D:\driver-drowsiness-detection\dataset\train\Open\_574.jpg,_574.jpg,Open,300,333,3,RGB,0.9009,22.0,True,0be6706233d9f64ed6b39cd76a787c11,SIM_1775,train
D:\driver-drowsiness-detection\dataset\train\Open\_575.jpg,_575.jpg,Open,116,116,3,RGB,1.0,5.87,True,e15b3c5f65d179ff99e69b0db59c3caf,SIM_1776,train
D:\driver-drowsiness-detection\dataset\train\Open\_576.jpg,_576.jpg,Open,72,72,3,RGB,1.0,2.14,True,3c313cf108473c01664ed5bc67b4c71c,SIM_1777,train
D:\driver-drowsiness-detection\dataset\train\Open\_577.jpg,_577.jpg,Open,351,326,3,RGB,1.0767,54.39,True,e9221c3d687afe8650e2845f548e56ec,SIM_1778,validation
D:\driver-drowsiness-detection\dataset\train\Open\_578.jpg,_578.jpg,Open,300,309,3,RGB,0.9709,18.96,True,3f201e3825c0e37646f8664e14a5cca2,SIM_1779,train
D:\driver-drowsiness-detection\dataset\train\Open\_579.jpg,_579.jpg,Open,362,300,3,RGB,1.2067,19.7,True,1d5b91e014ef1dfb95ecdda405b65700,SIM_1780,train
D:\driver-drowsiness-detection\dataset\train\Open\_58.jpg,_58.jpg,Open,398,257,3,RGB,1.5486,24.45,True,39a80861cadc61970673945d9895f219,SIM_1781,train
D:\driver-drowsiness-detection\dataset\train\Open\_580.jpg,_580.jpg,Open,394,300,3,RGB,1.3133,21.25,True,e729cfaf8477b174d0605be0a41612c7,SIM_1782,test
D:\driver-drowsiness-detection\dataset\train\Open\_581.jpg,_581.jpg,Open,315,300,3,RGB,1.05,21.16,True,7514539eacb7b71b424c947834da037b,SIM_1783,train
D:\driver-drowsiness-detection\dataset\train\Open\_582.jpg,_582.jpg,Open,300,309,3,RGB,0.9709,22.14,True,9fc53d7961591be5204e83e976cf1a30,SIM_1784,validation
D:\driver-drowsiness-detection\dataset\train\Open\_583.jpg,_583.jpg,Open,300,338,3,RGB,0.8876,28.75,True,8144e41453a340fb6a270e3648704000,SIM_1785,train
D:\driver-drowsiness-detection\dataset\train\Open\_584.jpg,_584.jpg,Open,300,305,3,RGB,0.9836,26.56,True,b12c89f401087d5bd2f0f8725d158069,SIM_1786,test
D:\driver-drowsiness-detection\dataset\train\Open\_585.jpg,_585.jpg,Open,320,300,3,RGB,1.0667,24.73,True,68daa11514d9cd6f320028be59e2b67e,SIM_1787,train
D:\driver-drowsiness-detection\dataset\train\Open\_586.jpg,_586.jpg,Open,353,300,3,RGB,1.1767,32.85,True,59433067813e01cac3873d3da7144ac8,SIM_1788,test
D:\driver-drowsiness-detection\dataset\train\Open\_587.jpg,_587.jpg,Open,250,242,3,RGB,1.0331,23.54,True,96424bf6c427e68933a7376de4d90806,SIM_1789,train
D:\driver-drowsiness-detection\dataset\train\Open\_588.jpg,_588.jpg,Open,327,315,3,RGB,1.0381,54.04,True,e7ca2515a060be9a5a13bbe39421df6e,SIM_1790,train
D:\driver-drowsiness-detection\dataset\train\Open\_589.jpg,_589.jpg,Open,249,249,3,RGB,1.0,20.31,True,440cf562d83db9e6390881f84e053e6e,SIM_1791,validation
D:\driver-drowsiness-detection\dataset\train\Open\_59.jpg,_59.jpg,Open,82,69,3,RGB,1.1884,21.04,True,2180dc2beb4491673be0c7d005b77ed6,SIM_1792,train
D:\driver-drowsiness-detection\dataset\train\Open\_590.jpg,_590.jpg,Open,231,230,3,RGB,1.0043,11.49,True,b909b0e3b7fd66cd49d558b02d2b957c,SIM_1793,train
D:\driver-drowsiness-detection\dataset\train\Open\_591.jpg,_591.jpg,Open,240,240,3,RGB,1.0,10.72,True,7815dd497d52984020b6f1c785b012f4,SIM_1794,train
D:\driver-drowsiness-detection\dataset\train\Open\_592.jpg,_592.jpg,Open,246,247,3,RGB,0.996,23.61,True,b68b158d1aa04c763f31f22a12efcfd5,SIM_1795,test
D:\driver-drowsiness-detection\dataset\train\Open\_593.jpg,_593.jpg,Open,224,259,3,RGB,0.8649,22.44,True,7caa4af416a6958be3f23bba7178f0ff,SIM_1796,train
D:\driver-drowsiness-detection\dataset\train\Open\_594.jpg,_594.jpg,Open,300,390,3,RGB,0.7692,22.37,True,e5d05956a0fe36c327f176883cb2b371,SIM_1797,test
D:\driver-drowsiness-detection\dataset\train\Open\_595.jpg,_595.jpg,Open,300,341,3,RGB,0.8798,17.77,True,b7e9f62dfd33fe5129042ec04d44ad69,SIM_1798,train
D:\driver-drowsiness-detection\dataset\train\Open\_596.jpg,_596.jpg,Open,250,242,3,RGB,1.0331,18.07,True,725b4121ee9765c92e3235cf595b2222,SIM_1799,train
D:\driver-drowsiness-detection\dataset\train\Open\_597.jpg,_597.jpg,Open,300,324,3,RGB,0.9259,27.74,True,410c3043190980733b4862ae2a8a0103,SIM_1800,test
D:\driver-drowsiness-detection\dataset\train\Open\_598.jpg,_598.jpg,Open,316,300,3,RGB,1.0533,28.34,True,6a8204cb009c42a4ccba360962118880,SIM_1801,train
D:\driver-drowsiness-detection\dataset\train\Open\_599.jpg,_599.jpg,Open,303,405,3,RGB,0.7481,27.18,True,715bad02901336b7351737cdd1fc1eaf,SIM_1802,train
D:\driver-drowsiness-detection\dataset\train\Open\_6.jpg,_6.jpg,Open,307,300,3,RGB,1.0233,23.41,True,d532ffc123afdc18f335101e7ce94aae,SIM_1803,test
D:\driver-drowsiness-detection\dataset\train\Open\_60.jpg,_60.jpg,Open,87,58,3,RGB,1.5,20.85,True,815e4cfea3daabca07ef92a3c9d7cd2b,SIM_1804,train
D:\driver-drowsiness-detection\dataset\train\Open\_600.jpg,_600.jpg,Open,305,300,3,RGB,1.0167,21.83,True,65764c3e18b686911a793753370f188a,SIM_1805,train
D:\driver-drowsiness-detection\dataset\train\Open\_601.jpg,_601.jpg,Open,487,300,3,RGB,1.6233,26.24,True,bb1c9768c340fcb700d827bfa7ad8b81,SIM_1806,train
D:\driver-drowsiness-detection\dataset\train\Open\_602.jpg,_602.jpg,Open,490,300,3,RGB,1.6333,29.79,True,8cc56c076dd6fcdefeede9c46eecddce,SIM_1807,test
D:\driver-drowsiness-detection\dataset\train\Open\_603.jpg,_603.jpg,Open,339,300,3,RGB,1.13,18.1,True,11ce0e439ed43ddbd992930d4dca506e,SIM_1808,train
D:\driver-drowsiness-detection\dataset\train\Open\_604.jpg,_604.jpg,Open,370,300,3,RGB,1.2333,20.27,True,eeb1dc156209501ed93e0551ee87a42c,SIM_1809,train
D:\driver-drowsiness-detection\dataset\train\Open\_605.jpg,_605.jpg,Open,478,300,3,RGB,1.5933,30.83,True,d92ce7ba8460e4e9a82e1982a6c7d7fa,SIM_1810,validation
D:\driver-drowsiness-detection\dataset\train\Open\_606.jpg,_606.jpg,Open,384,300,3,RGB,1.28,24.41,True,6a46335eb5de58a12c6f2e5374a867b1,SIM_1811,test
D:\driver-drowsiness-detection\dataset\train\Open\_607.jpg,_607.jpg,Open,334,300,3,RGB,1.1133,28.5,True,fb1587a0bc7ff05692db50cd88fa7289,SIM_1812,validation
D:\driver-drowsiness-detection\dataset\train\Open\_608.jpg,_608.jpg,Open,305,300,3,RGB,1.0167,24.37,True,f85f8fc89d8eb8e3dfbc500a951c0ba7,SIM_1813,train
D:\driver-drowsiness-detection\dataset\train\Open\_609.jpg,_609.jpg,Open,342,300,3,RGB,1.14,20.62,True,353f19f8cd2e67784c756aa4dd53203c,SIM_1814,train
D:\driver-drowsiness-detection\dataset\train\Open\_61.jpg,_61.jpg,Open,257,245,3,RGB,1.049,14.12,True,32f893ea021ef6932457dd8274d80268,SIM_1815,validation
D:\driver-drowsiness-detection\dataset\train\Open\_610.jpg,_610.jpg,Open,425,378,3,RGB,1.1243,54.02,True,8d7ee39f99cb371e30476fe171b83cc8,SIM_1816,train
D:\driver-drowsiness-detection\dataset\train\Open\_611.jpg,_611.jpg,Open,330,300,3,RGB,1.1,29.56,True,2064158628666d85c7647af059a0482d,SIM_1817,test
D:\driver-drowsiness-detection\dataset\train\Open\_612.jpg,_612.jpg,Open,309,300,3,RGB,1.03,15.0,True,1693749d42cbc4071ee2e57d608efb0b,SIM_1818,train
D:\driver-drowsiness-detection\dataset\train\Open\_613.jpg,_613.jpg,Open,331,300,3,RGB,1.1033,17.08,True,f7621446ffca7b0fd7b66ba8021502ea,SIM_1819,train
D:\driver-drowsiness-detection\dataset\train\Open\_614.jpg,_614.jpg,Open,300,318,3,RGB,0.9434,18.71,True,1429d6d22ba48b50ec463842282d9f74,SIM_1820,test
D:\driver-drowsiness-detection\dataset\train\Open\_615.jpg,_615.jpg,Open,322,300,3,RGB,1.0733,19.78,True,9d1c866ece8d1fc39c30ee275e7feb56,SIM_1821,train
D:\driver-drowsiness-detection\dataset\train\Open\_616.jpg,_616.jpg,Open,304,300,3,RGB,1.0133,18.59,True,3e10d3b7e282bd5e47d27d931af5e730,SIM_1822,validation
D:\driver-drowsiness-detection\dataset\train\Open\_617.jpg,_617.jpg,Open,385,300,3,RGB,1.2833,13.8,True,9fff66620ba0063dbd6a22c1e4c0754f,SIM_1823,train
D:\driver-drowsiness-detection\dataset\train\Open\_618.jpg,_618.jpg,Open,370,300,3,RGB,1.2333,13.73,True,141e207516a5b35a2f9f68a28abf28ae,SIM_1824,test
D:\driver-drowsiness-detection\dataset\train\Open\_619.jpg,_619.jpg,Open,280,280,3,RGB,1.0,21.81,True,0d3d8876154c3b0128c79c928c9f6c71,SIM_1825,train
D:\driver-drowsiness-detection\dataset\train\Open\_62.jpg,_62.jpg,Open,573,574,3,RGB,0.9983,68.53,True,7493c0f74d083e099c06c0eb5ad20743,SIM_1826,train
D:\driver-drowsiness-detection\dataset\train\Open\_620.jpg,_620.jpg,Open,247,247,3,RGB,1.0,16.67,True,afd5b3a981865dee60b09a597165f501,SIM_1827,train
D:\driver-drowsiness-detection\dataset\train\Open\_621.jpg,_621.jpg,Open,335,345,3,RGB,0.971,42.28,True,cf13bc48dec778f8f0dd65497c9784da,SIM_1828,validation
D:\driver-drowsiness-detection\dataset\train\Open\_622.jpg,_622.jpg,Open,300,300,3,RGB,1.0,21.49,True,9786fdb9e2d90d46e10f75bb039284c4,SIM_1829,train
D:\driver-drowsiness-detection\dataset\train\Open\_623.jpg,_623.jpg,Open,271,270,3,RGB,1.0037,18.95,True,2f47f9c36a16f64ae10e4af616e5a3f7,SIM_1830,train
D:\driver-drowsiness-detection\dataset\train\Open\_624.jpg,_624.jpg,Open,330,300,3,RGB,1.1,22.98,True,cca4f628f0a41d634f9ff9a14aa2bace,SIM_1831,train
D:\driver-drowsiness-detection\dataset\train\Open\_625.jpg,_625.jpg,Open,222,222,3,RGB,1.0,13.64,True,90a82121ab10d81ea4607a0c9172c60e,SIM_1832,train
D:\driver-drowsiness-detection\dataset\train\Open\_626.jpg,_626.jpg,Open,345,300,3,RGB,1.15,40.37,True,ca28984a1b173181252842834ccd070c,SIM_1833,train
D:\driver-drowsiness-detection\dataset\train\Open\_627.jpg,_627.jpg,Open,306,300,3,RGB,1.02,39.73,True,fdd3392d3df5c398c4bc2832f0b1c9a2,SIM_1834,train
D:\driver-drowsiness-detection\dataset\train\Open\_628.jpg,_628.jpg,Open,302,300,3,RGB,1.0067,18.52,True,fd24c127181cb006bfc35b3851300cf0,SIM_1835,train
D:\driver-drowsiness-detection\dataset\train\Open\_629.jpg,_629.jpg,Open,300,324,3,RGB,0.9259,20.99,True,0404ca5bf1bfcd6b0933100238fa12bc,SIM_1836,validation
D:\driver-drowsiness-detection\dataset\train\Open\_63.jpg,_63.jpg,Open,300,300,3,RGB,1.0,22.57,True,931757a27d294a5b74c5e77ec41f75dd,SIM_1837,train
D:\driver-drowsiness-detection\dataset\train\Open\_630.jpg,_630.jpg,Open,300,319,3,RGB,0.9404,21.76,True,eb69886d10413055c070dc7fb6768bee,SIM_1838,validation
D:\driver-drowsiness-detection\dataset\train\Open\_631.jpg,_631.jpg,Open,318,300,3,RGB,1.06,21.74,True,0db7fe7272c46c7ddb91279cbd11a86c,SIM_1839,validation
D:\driver-drowsiness-detection\dataset\train\Open\_632.jpg,_632.jpg,Open,256,164,3,RGB,1.561,9.45,True,773708d8ed5cbd73645eceeebe34d9ea,SIM_1840,validation
D:\driver-drowsiness-detection\dataset\train\Open\_633.jpg,_633.jpg,Open,300,383,3,RGB,0.7833,26.96,True,04e82e8fd79b916446807bc39633c1f4,SIM_1841,train
D:\driver-drowsiness-detection\dataset\train\Open\_634.jpg,_634.jpg,Open,300,309,3,RGB,0.9709,23.0,True,59324fee03ae78034cfad02b05f3bfb3,SIM_1842,test
D:\driver-drowsiness-detection\dataset\train\Open\_635.jpg,_635.jpg,Open,478,300,3,RGB,1.5933,24.63,True,62252baa7492f5c11988b36d3dc2a102,SIM_1843,train
D:\driver-drowsiness-detection\dataset\train\Open\_636.jpg,_636.jpg,Open,536,300,3,RGB,1.7867,31.16,True,32562171913ee8c65b6d21cc47ad6218,SIM_1844,test
D:\driver-drowsiness-detection\dataset\train\Open\_637.jpg,_637.jpg,Open,300,341,3,RGB,0.8798,24.79,True,1472a9377e1b8f96c78bfc7ebcbeabd1,SIM_1845,validation
D:\driver-drowsiness-detection\dataset\train\Open\_638.jpg,_638.jpg,Open,300,310,3,RGB,0.9677,23.09,True,b0b63b72ac334d216aee0057f4ddf9a0,SIM_1846,train
D:\driver-drowsiness-detection\dataset\train\Open\_639.jpg,_639.jpg,Open,321,300,3,RGB,1.07,15.88,True,216230f84b65a7f0828adb31362797f0,SIM_1847,validation
D:\driver-drowsiness-detection\dataset\train\Open\_64.jpg,_64.jpg,Open,178,145,3,RGB,1.2276,27.49,True,a6c75d0ff053357c8700b2be0cbcea8d,SIM_1848,train
D:\driver-drowsiness-detection\dataset\train\Open\_640.jpg,_640.jpg,Open,300,339,3,RGB,0.885,15.09,True,52fdea8ffa4af031d06fab37bea9f6f0,SIM_1849,train
D:\driver-drowsiness-detection\dataset\train\Open\_641.jpg,_641.jpg,Open,405,300,3,RGB,1.35,27.19,True,8a255030ae2d4985849f8d4d5823a3b8,SIM_1850,train
D:\driver-drowsiness-detection\dataset\train\Open\_642.jpg,_642.jpg,Open,299,285,3,RGB,1.0491,17.09,True,dc5db303c8a8748943646b32df73121b,SIM_1851,train
D:\driver-drowsiness-detection\dataset\train\Open\_643.jpg,_643.jpg,Open,142,102,3,RGB,1.3922,24.63,True,6dc110418cd660deeb7494bd62836762,SIM_1852,train
D:\driver-drowsiness-detection\dataset\train\Open\_644.jpg,_644.jpg,Open,346,300,3,RGB,1.1533,18.59,True,5a99f3c34c1b3a7c56913bf2a6d94412,SIM_1853,validation
D:\driver-drowsiness-detection\dataset\train\Open\_645.jpg,_645.jpg,Open,329,300,3,RGB,1.0967,25.9,True,6e4d0179ef39e1ed358ad14c7bae080c,SIM_1854,test
D:\driver-drowsiness-detection\dataset\train\Open\_646.jpg,_646.jpg,Open,317,300,3,RGB,1.0567,21.29,True,95d097f35dbca7043ff7b7d1e47b073b,SIM_1855,validation
D:\driver-drowsiness-detection\dataset\train\Open\_647.jpg,_647.jpg,Open,310,300,3,RGB,1.0333,19.05,True,8b64add4305bda44bebc1ed9b6585e44,SIM_1856,validation
D:\driver-drowsiness-detection\dataset\train\Open\_648.jpg,_648.jpg,Open,368,300,3,RGB,1.2267,35.42,True,458747189b461e3e6e61ee2811f7d110,SIM_1857,train
D:\driver-drowsiness-detection\dataset\train\Open\_649.jpg,_649.jpg,Open,249,248,3,RGB,1.004,34.61,True,f20cd5629286a718959e3c289d28a1f3,SIM_1858,train
D:\driver-drowsiness-detection\dataset\train\Open\_65.jpg,_65.jpg,Open,260,249,3,RGB,1.0442,21.63,True,083af04c1ee409faf13b9299848de9f0,SIM_1859,train
D:\driver-drowsiness-detection\dataset\train\Open\_650.jpg,_650.jpg,Open,300,308,3,RGB,0.974,22.41,True,9e1281f7ff5774b5eb834f933cbf898d,SIM_1860,train
D:\driver-drowsiness-detection\dataset\train\Open\_651.jpg,_651.jpg,Open,324,300,3,RGB,1.08,28.18,True,2b18633214d86e519f2ae61b16d440cf,SIM_1861,validation
D:\driver-drowsiness-detection\dataset\train\Open\_652.jpg,_652.jpg,Open,332,300,3,RGB,1.1067,20.96,True,2e5668da85ab83fccdab272f026b4b1a,SIM_1862,train
D:\driver-drowsiness-detection\dataset\train\Open\_653.jpg,_653.jpg,Open,289,261,3,RGB,1.1073,16.46,True,a3db268fd4fa37172824a980e7e49500,SIM_1863,validation
D:\driver-drowsiness-detection\dataset\train\Open\_654.jpg,_654.jpg,Open,130,75,3,RGB,1.7333,22.97,True,b7b798fd3ba44a9abee3f0146e3ba23a,SIM_1864,test
D:\driver-drowsiness-detection\dataset\train\Open\_655.jpg,_655.jpg,Open,384,300,3,RGB,1.28,26.9,True,7ed08118ccf710a37a8c7f5a72b33cdc,SIM_1865,train
D:\driver-drowsiness-detection\dataset\train\Open\_656.jpg,_656.jpg,Open,379,300,3,RGB,1.2633,23.21,True,713306e4b7a621b3dfa75602603dc867,SIM_1866,train
D:\driver-drowsiness-detection\dataset\train\Open\_657.jpg,_657.jpg,Open,345,300,3,RGB,1.15,18.38,True,bef785852e9d022416674655fd91e821,SIM_1867,train
D:\driver-drowsiness-detection\dataset\train\Open\_658.jpg,_658.jpg,Open,300,306,3,RGB,0.9804,19.14,True,5c3ce46090fe6f44b652eacb200d4638,SIM_1868,train
D:\driver-drowsiness-detection\dataset\train\Open\_659.jpg,_659.jpg,Open,363,300,3,RGB,1.21,24.49,True,7af422d995ae98a08e11b758cb2f00b0,SIM_1869,validation
D:\driver-drowsiness-detection\dataset\train\Open\_66.jpg,_66.jpg,Open,332,298,3,RGB,1.1141,26.94,True,79ed1ba6f700916d9622857355399326,SIM_1870,train
D:\driver-drowsiness-detection\dataset\train\Open\_660.jpg,_660.jpg,Open,422,300,3,RGB,1.4067,18.89,True,47dfe577bf16f83e270c32813320d40e,SIM_1871,train
D:\driver-drowsiness-detection\dataset\train\Open\_661.jpg,_661.jpg,Open,341,300,3,RGB,1.1367,14.67,True,e051727ca2497f54d3d1719ca112a90a,SIM_1872,train
D:\driver-drowsiness-detection\dataset\train\Open\_662.jpg,_662.jpg,Open,373,300,3,RGB,1.2433,25.74,True,fceb297c2e44553e73049bd9489bfe78,SIM_1873,train
D:\driver-drowsiness-detection\dataset\train\Open\_663.jpg,_663.jpg,Open,75,67,3,RGB,1.1194,9.57,True,f568e1e3355188892b224c55cb5e87d2,SIM_1874,train
D:\driver-drowsiness-detection\dataset\train\Open\_664.jpg,_664.jpg,Open,98,74,3,RGB,1.3243,9.86,True,b6078fc96495ece1e99de134a6f6735a,SIM_1875,validation
D:\driver-drowsiness-detection\dataset\train\Open\_665.jpg,_665.jpg,Open,134,107,3,RGB,1.2523,23.66,True,a3baa4df1fd50c077334beb362a6f50e,SIM_1876,train
D:\driver-drowsiness-detection\dataset\train\Open\_666.jpg,_666.jpg,Open,77,67,3,RGB,1.1493,9.69,True,e15e9cdfe867bfe1bed04cdeeb88558e,SIM_1877,train
D:\driver-drowsiness-detection\dataset\train\Open\_667.jpg,_667.jpg,Open,60,66,3,RGB,0.9091,8.64,True,02d35046f01a99f1a9dfd412d640c5f5,SIM_1878,train
D:\driver-drowsiness-detection\dataset\train\Open\_668.jpg,_668.jpg,Open,400,300,3,RGB,1.3333,52.93,True,ade1e307ccd4cc069fa8c4225bfcef4e,SIM_1879,validation
D:\driver-drowsiness-detection\dataset\train\Open\_669.jpg,_669.jpg,Open,431,300,3,RGB,1.4367,46.37,True,a155337c67131496cc3957b993f10129,SIM_1880,train
D:\driver-drowsiness-detection\dataset\train\Open\_67.jpg,_67.jpg,Open,390,300,3,RGB,1.3,24.44,True,84bffb2b5703601e62335ca9ecc76444,SIM_1881,train
D:\driver-drowsiness-detection\dataset\train\Open\_670.jpg,_670.jpg,Open,398,300,3,RGB,1.3267,42.83,True,884ce71bb8a343c0d8a47662bdfcaf81,SIM_1882,test
D:\driver-drowsiness-detection\dataset\train\Open\_671.jpg,_671.jpg,Open,361,300,3,RGB,1.2033,53.92,True,b468f486f5bca7363fb44151a1bdefcc,SIM_1883,train
D:\driver-drowsiness-detection\dataset\train\Open\_672.jpg,_672.jpg,Open,418,300,3,RGB,1.3933,39.38,True,a50dae9be5552298857d28343ab5aa1a,SIM_1884,train
D:\driver-drowsiness-detection\dataset\train\Open\_673.jpg,_673.jpg,Open,460,300,3,RGB,1.5333,42.81,True,58a1555c54a00b20ef886a5bbd78d22f,SIM_1885,test
D:\driver-drowsiness-detection\dataset\train\Open\_674.jpg,_674.jpg,Open,395,300,3,RGB,1.3167,38.96,True,05a470da9f8daa95436f21d4efd68c52,SIM_1886,train
D:\driver-drowsiness-detection\dataset\train\Open\_675.jpg,_675.jpg,Open,521,300,3,RGB,1.7367,39.39,True,d22609eba667dc86bac0abc6bfa1410b,SIM_1887,train
D:\driver-drowsiness-detection\dataset\train\Open\_676.jpg,_676.jpg,Open,123,121,3,RGB,1.0165,24.35,True,0330ddd1209ab7c4a794c8d701f232a0,SIM_1888,train
D:\driver-drowsiness-detection\dataset\train\Open\_677.jpg,_677.jpg,Open,479,300,3,RGB,1.5967,36.14,True,67be5e45dbd9ad074043fab48a0a8e81,SIM_1889,train
D:\driver-drowsiness-detection\dataset\train\Open\_678.jpg,_678.jpg,Open,453,300,3,RGB,1.51,39.71,True,cc7eb3f69ba49be4cb1d2f40b22c8ef9,SIM_1890,train
D:\driver-drowsiness-detection\dataset\train\Open\_679.jpg,_679.jpg,Open,429,300,3,RGB,1.43,42.35,True,1f027ee3adeb4397573d565011ca24b8,SIM_1891,test
D:\driver-drowsiness-detection\dataset\train\Open\_68.jpg,_68.jpg,Open,172,129,3,RGB,1.3333,26.42,True,a58bedff87589683a85d741437b5eee0,SIM_1892,validation
D:\driver-drowsiness-detection\dataset\train\Open\_680.jpg,_680.jpg,Open,398,300,3,RGB,1.3267,34.42,True,d5bdad711400d6354a752c12b877c9b1,SIM_1893,train
D:\driver-drowsiness-detection\dataset\train\Open\_681.jpg,_681.jpg,Open,467,300,3,RGB,1.5567,45.42,True,cd654e56c85366938635fb1aae491677,SIM_1894,train
D:\driver-drowsiness-detection\dataset\train\Open\_682.jpg,_682.jpg,Open,448,300,3,RGB,1.4933,38.39,True,08a06def64689cd8cd1e86b16f697234,SIM_1895,train
D:\driver-drowsiness-detection\dataset\train\Open\_683.jpg,_683.jpg,Open,482,300,3,RGB,1.6067,40.63,True,948fdb75310b6bf048b9234924ca4226,SIM_1896,test
D:\driver-drowsiness-detection\dataset\train\Open\_684.jpg,_684.jpg,Open,379,300,3,RGB,1.2633,31.48,True,15315e997fbd955ca6a4c998eb1a2859,SIM_1897,train
D:\driver-drowsiness-detection\dataset\train\Open\_685.jpg,_685.jpg,Open,434,300,3,RGB,1.4467,34.63,True,63dcc32150b9ba6801b3dce34fbb0452,SIM_1898,train
D:\driver-drowsiness-detection\dataset\train\Open\_686.jpg,_686.jpg,Open,385,300,3,RGB,1.2833,35.02,True,2bbffb126b3d44553491ca4c965f4b8b,SIM_1899,train
D:\driver-drowsiness-detection\dataset\train\Open\_687.jpg,_687.jpg,Open,135,135,3,RGB,1.0,5.27,True,0b28d903572150b150a112e6bda7baa1,SIM_1900,test
D:\driver-drowsiness-detection\dataset\train\Open\_688.jpg,_688.jpg,Open,244,245,3,RGB,0.9959,22.71,True,5310f286e0b40ac19c0d1c196ddfcd8c,SIM_1901,train
D:\driver-drowsiness-detection\dataset\train\Open\_689.jpg,_689.jpg,Open,411,300,3,RGB,1.37,33.87,True,3ed5e5e89c8eb5a8077f3d9114fa5c34,SIM_1902,validation
D:\driver-drowsiness-detection\dataset\train\Open\_69.jpg,_69.jpg,Open,86,97,3,RGB,0.8866,22.87,True,992ea9a82349efbbafd5ecfeca5f9a16,SIM_1903,train
D:\driver-drowsiness-detection\dataset\train\Open\_690.jpg,_690.jpg,Open,440,300,3,RGB,1.4667,36.34,True,51f669f453d578a243ec396d8bc544d6,SIM_1904,train
D:\driver-drowsiness-detection\dataset\train\Open\_691.jpg,_691.jpg,Open,409,300,3,RGB,1.3633,49.03,True,23257a0ae5e20bd312222965a1b1fadd,SIM_1905,train
D:\driver-drowsiness-detection\dataset\train\Open\_692.jpg,_692.jpg,Open,423,300,3,RGB,1.41,42.75,True,de74226848bd071ad7543e1e9a33c4b9,SIM_1906,train
D:\driver-drowsiness-detection\dataset\train\Open\_693.jpg,_693.jpg,Open,262,222,3,RGB,1.1802,13.96,True,a32923bdcdb01c0c8fcba504ac5b28c9,SIM_1907,test
D:\driver-drowsiness-detection\dataset\train\Open\_694.jpg,_694.jpg,Open,123,135,3,RGB,0.9111,22.5,True,ed9b5fa8b075e810567c0d8eb4973b64,SIM_1908,train
D:\driver-drowsiness-detection\dataset\train\Open\_695.jpg,_695.jpg,Open,126,124,3,RGB,1.0161,23.5,True,0120368be781047895db05fbc5701e1f,SIM_1909,train
D:\driver-drowsiness-detection\dataset\train\Open\_696.jpg,_696.jpg,Open,147,82,3,RGB,1.7927,22.38,True,36f72233916b6f518b16b831b60d1e93,SIM_1910,train
D:\driver-drowsiness-detection\dataset\train\Open\_697.jpg,_697.jpg,Open,127,71,3,RGB,1.7887,21.98,True,9155b27b0289579a4565f6b55c000ab4,SIM_1911,train
D:\driver-drowsiness-detection\dataset\train\Open\_698.jpg,_698.jpg,Open,136,124,3,RGB,1.0968,25.3,True,d5ddcaaa368ed7c92cef2849a504b877,SIM_1912,train
D:\driver-drowsiness-detection\dataset\train\Open\_699.jpg,_699.jpg,Open,148,105,3,RGB,1.4095,25.78,True,6aa051905d01e26338a6004403bb8c65,SIM_1913,train
D:\driver-drowsiness-detection\dataset\train\Open\_7.jpg,_7.jpg,Open,535,300,3,RGB,1.7833,41.38,True,ad50d1e34d51bd80f38c77f7d8cafe2f,SIM_1914,train
D:\driver-drowsiness-detection\dataset\train\Open\_70.jpg,_70.jpg,Open,98,89,3,RGB,1.1011,23.71,True,8b1b5ff1aeb29cf3196eac162251ba37,SIM_1915,train
D:\driver-drowsiness-detection\dataset\train\Open\_700.jpg,_700.jpg,Open,268,204,3,RGB,1.3137,16.19,True,6af56bc7b23f311d59872988160ebe94,SIM_1916,train
D:\driver-drowsiness-detection\dataset\train\Open\_701.jpg,_701.jpg,Open,156,146,3,RGB,1.0685,31.1,True,a0e7c8fc1efb5d6b6f1f7084c965efb4,SIM_1917,train
D:\driver-drowsiness-detection\dataset\train\Open\_702.jpg,_702.jpg,Open,127,127,3,RGB,1.0,4.18,True,c9fc93bc234ffc01dd8b2e9805d70c66,SIM_1918,train
D:\driver-drowsiness-detection\dataset\train\Open\_703.jpg,_703.jpg,Open,383,300,3,RGB,1.2767,23.19,True,2d730a65827fcaf989f3ed62d16637bd,SIM_1919,train
D:\driver-drowsiness-detection\dataset\train\Open\_704.jpg,_704.jpg,Open,178,139,3,RGB,1.2806,27.97,True,bb07975031f00cbb09c4c418cee84395,SIM_1920,test
D:\driver-drowsiness-detection\dataset\train\Open\_705.jpg,_705.jpg,Open,201,200,3,RGB,1.005,14.64,True,8c4a01a9abb68d51f54a7955682a6033,SIM_1921,train
D:\driver-drowsiness-detection\dataset\train\Open\_706.jpg,_706.jpg,Open,80,66,3,RGB,1.2121,20.22,True,8b86c73153cb8002e7c430812b7313a4,SIM_1922,train
D:\driver-drowsiness-detection\dataset\train\Open\_707.jpg,_707.jpg,Open,78,70,3,RGB,1.1143,20.62,True,deaccb9a25fe3fef57b6216ab0abaf19,SIM_1923,train
D:\driver-drowsiness-detection\dataset\train\Open\_708.jpg,_708.jpg,Open,271,271,3,RGB,1.0,18.62,True,6544da3a2786d273097514b386ae3269,SIM_1924,test
D:\driver-drowsiness-detection\dataset\train\Open\_709.jpg,_709.jpg,Open,405,300,3,RGB,1.35,32.21,True,c76199fd4816d1b5f60e109a66bf1ec9,SIM_1925,train
D:\driver-drowsiness-detection\dataset\train\Open\_71.jpg,_71.jpg,Open,100,82,3,RGB,1.2195,22.21,True,baaec694476dfe5b39a0cea661010ded,SIM_1926,train
D:\driver-drowsiness-detection\dataset\train\Open\_710.jpg,_710.jpg,Open,317,300,3,RGB,1.0567,21.75,True,0f90b1e218c9e1a1b2e2b8ba1ff5b381,SIM_1927,train
D:\driver-drowsiness-detection\dataset\train\Open\_711.jpg,_711.jpg,Open,500,300,3,RGB,1.6667,37.1,True,44b18118eac7e8130cd91036feaa7f36,SIM_1928,train
D:\driver-drowsiness-detection\dataset\train\Open\_712.jpg,_712.jpg,Open,240,240,3,RGB,1.0,15.77,True,0affdae04d05fb19d289555ba7d76e53,SIM_1929,train
D:\driver-drowsiness-detection\dataset\train\Open\_713.jpg,_713.jpg,Open,390,300,3,RGB,1.3,24.81,True,c887bb9766a0acb67303995f1823c108,SIM_1930,train
D:\driver-drowsiness-detection\dataset\train\Open\_714.jpg,_714.jpg,Open,134,134,3,RGB,1.0,3.05,True,867b36d6ebf9e21af8c2b3af6072d036,SIM_1931,test
D:\driver-drowsiness-detection\dataset\train\Open\_715.jpg,_715.jpg,Open,300,300,3,RGB,1.0,25.62,True,dc2a9c02fc8a6b5b92e36604c1381f9a,SIM_1932,test
D:\driver-drowsiness-detection\dataset\train\Open\_716.jpg,_716.jpg,Open,351,298,3,RGB,1.1779,26.09,True,a3b0a0c9b90f438bc2d22e035da83cf0,SIM_1933,train
D:\driver-drowsiness-detection\dataset\train\Open\_717.jpg,_717.jpg,Open,314,300,3,RGB,1.0467,18.24,True,a34e4cedaa866f393eea7ee2e01ac529,SIM_1934,train
D:\driver-drowsiness-detection\dataset\train\Open\_718.jpg,_718.jpg,Open,360,300,3,RGB,1.2,20.59,True,5bcfaba82dfd44eb964ebd2980cb8789,SIM_1935,train
D:\driver-drowsiness-detection\dataset\train\Open\_719.jpg,_719.jpg,Open,261,225,3,RGB,1.16,15.07,True,3d194e7a60d2426195689f96c1ee7bb7,SIM_1936,train
D:\driver-drowsiness-detection\dataset\train\Open\_72.jpg,_72.jpg,Open,134,112,3,RGB,1.1964,24.14,True,c459e77bf82a6f27f2e0011784492630,SIM_1937,train
D:\driver-drowsiness-detection\dataset\train\Open\_720.jpg,_720.jpg,Open,456,300,3,RGB,1.52,40.58,True,4f18fc559eb86faf998d3d152dc54bbf,SIM_1938,train
D:\driver-drowsiness-detection\dataset\train\Open\_721.jpg,_721.jpg,Open,376,300,3,RGB,1.2533,20.53,True,1ad87f1e6cfe071239849c3e15f36d48,SIM_1939,validation
D:\driver-drowsiness-detection\dataset\train\Open\_722.jpg,_722.jpg,Open,268,233,3,RGB,1.1502,15.53,True,221d8cd979dedf782a3e6efb218f9933,SIM_1940,train
D:\driver-drowsiness-detection\dataset\train\Open\_723.jpg,_723.jpg,Open,283,283,3,RGB,1.0,20.19,True,d01ee421ce1a6a0eea19b4ff40ff8244,SIM_1941,train
D:\driver-drowsiness-detection\dataset\train\Open\_724.jpg,_724.jpg,Open,207,207,3,RGB,1.0,11.52,True,2d78dc1837867a2265292a9cd79d4ba1,SIM_1942,train
D:\driver-drowsiness-detection\dataset\train\Open\_725.jpg,_725.jpg,Open,281,246,3,RGB,1.1423,13.98,True,1f99ccbd3492443e756521d9c31c5ca0,SIM_1943,train
D:\driver-drowsiness-detection\dataset\train\Open\_73.jpg,_73.jpg,Open,142,141,3,RGB,1.0071,5.03,True,dc3e4fae01f65f9523618be83a0bd7ae,SIM_1944,train
D:\driver-drowsiness-detection\dataset\train\Open\_74.jpg,_74.jpg,Open,603,603,3,RGB,1.0,75.62,True,eb0a01b343d9b28b8f73af91ac37acd8,SIM_1945,train
D:\driver-drowsiness-detection\dataset\train\Open\_75.jpg,_75.jpg,Open,80,43,3,RGB,1.8605,19.8,True,ef7642a6ae59455fba1c8ce32ab98ae7,SIM_1946,validation
D:\driver-drowsiness-detection\dataset\train\Open\_76.jpg,_76.jpg,Open,193,225,3,RGB,0.8578,26.0,True,9036096a666f419beb69e36d1cb7efea,SIM_1947,train
D:\driver-drowsiness-detection\dataset\train\Open\_77.jpg,_77.jpg,Open,247,162,3,RGB,1.5247,25.8,True,fae5886c34bf958bd0d47858f0425383,SIM_1948,validation
D:\driver-drowsiness-detection\dataset\train\Open\_78.jpg,_78.jpg,Open,215,126,3,RGB,1.7063,23.29,True,427701cede3b06bfb04c0741a8767db4,SIM_1949,train
D:\driver-drowsiness-detection\dataset\train\Open\_79.jpg,_79.jpg,Open,251,197,3,RGB,1.2741,37.19,True,b65e0b4a0a14b753b888c1eb139a1c14,SIM_1950,train
D:\driver-drowsiness-detection\dataset\train\Open\_8.jpg,_8.jpg,Open,407,300,3,RGB,1.3567,20.79,True,49ea99694bacb07a3f6f4ebe1a1b0f5d,SIM_1951,train
D:\driver-drowsiness-detection\dataset\train\Open\_80.jpg,_80.jpg,Open,244,221,3,RGB,1.1041,37.75,True,b1303f55f3c9c098b5c18665cbc1d5c6,SIM_1952,train
D:\driver-drowsiness-detection\dataset\train\Open\_81.jpg,_81.jpg,Open,223,250,3,RGB,0.892,44.06,True,c5cbe3da571acd88ff98ae4d5b657ce8,SIM_1953,train
D:\driver-drowsiness-detection\dataset\train\Open\_82.jpg,_82.jpg,Open,279,242,3,RGB,1.1529,45.53,True,17ead8b497adaf4de62e8b3a0eb3367f,SIM_1954,validation
D:\driver-drowsiness-detection\dataset\train\Open\_83.jpg,_83.jpg,Open,434,300,3,RGB,1.4467,33.72,True,5f464c07d5a782f3cd3de955138a42d9,SIM_1955,train
D:\driver-drowsiness-detection\dataset\train\Open\_84.jpg,_84.jpg,Open,104,75,3,RGB,1.3867,22.48,True,6fc2f06ba6d66a4df82d714fb39d3791,SIM_1956,test
D:\driver-drowsiness-detection\dataset\train\Open\_85.jpg,_85.jpg,Open,207,150,3,RGB,1.38,30.84,True,f0f10cc5309261feadb44a0720083bed,SIM_1957,train
D:\driver-drowsiness-detection\dataset\train\Open\_86.jpg,_86.jpg,Open,473,473,3,RGB,1.0,49.87,True,6b7452fc2822a1c56af7baa0ac1be150,SIM_1958,train
D:\driver-drowsiness-detection\dataset\train\Open\_87.jpg,_87.jpg,Open,378,300,3,RGB,1.26,33.0,True,96abc1c69e2540a8a7e327078f79028e,SIM_1959,validation
D:\driver-drowsiness-detection\dataset\train\Open\_88.jpg,_88.jpg,Open,158,135,3,RGB,1.1704,29.34,True,3fc0283068e44a468761b96ae9e9beb5,SIM_1960,test
D:\driver-drowsiness-detection\dataset\train\Open\_89.jpg,_89.jpg,Open,87,87,3,RGB,1.0,22.51,True,bcc918e856c2578b88375ea29e7e8779,SIM_1961,validation
D:\driver-drowsiness-detection\dataset\train\Open\_9.jpg,_9.jpg,Open,316,251,3,RGB,1.259,20.82,True,a82b8ab3a0d3867503c26673689dec7f,SIM_1962,train
D:\driver-drowsiness-detection\dataset\train\Open\_90.jpg,_90.jpg,Open,405,300,3,RGB,1.35,32.95,True,9cfd577d72bb07b959cc589d4a65b561,SIM_1925,train
D:\driver-drowsiness-detection\dataset\train\Open\_91.jpg,_91.jpg,Open,107,77,3,RGB,1.3896,23.14,True,99e16ce0184ae674a1349126e4599950,SIM_1963,train
D:\driver-drowsiness-detection\dataset\train\Open\_92.jpg,_92.jpg,Open,113,85,3,RGB,1.3294,23.02,True,b2961b653d18510a4d34e5c694abfca9,SIM_1964,train
D:\driver-drowsiness-detection\dataset\train\Open\_93.jpg,_93.jpg,Open,400,300,3,RGB,1.3333,24.63,True,88dedb12df1fd190534e78187a29f8db,SIM_1965,train
D:\driver-drowsiness-detection\dataset\train\Open\_94.jpg,_94.jpg,Open,100,109,3,RGB,0.9174,23.35,True,f650eb4e2b93cdb6f77679549f8818e3,SIM_1966,train
D:\driver-drowsiness-detection\dataset\train\Open\_95.jpg,_95.jpg,Open,310,300,3,RGB,1.0333,24.53,True,6a244dcfec8859f69d378d94997d9727,SIM_1967,train
D:\driver-drowsiness-detection\dataset\train\Open\_96.jpg,_96.jpg,Open,347,300,3,RGB,1.1567,21.41,True,566960ee997e83bc92251b8c8f50ae03,SIM_1968,validation
D:\driver-drowsiness-detection\dataset\train\Open\_97.jpg,_97.jpg,Open,382,300,3,RGB,1.2733,28.58,True,09e89b353e1ae1cd941f0622423f45ce,SIM_1969,train
D:\driver-drowsiness-detection\dataset\train\Open\_98.jpg,_98.jpg,Open,446,446,3,RGB,1.0,39.32,True,6986b59f4f212b0bae69499d4d7c80ec,SIM_1970,test
D:\driver-drowsiness-detection\dataset\train\Open\_99.jpg,_99.jpg,Open,300,300,3,RGB,1.0,29.71,True,3e468e1423fd012a8c35fe2979354b0a,SIM_1971,train
D:\driver-drowsiness-detection\dataset\train\yawn\1.jpg,1.jpg,yawn,640,480,3,RGB,1.3333,76.14,True,08434ced2503b7b39cc2eb8625d12158,SIM_1972,train
D:\driver-drowsiness-detection\dataset\train\yawn\10.jpg,10.jpg,yawn,640,480,3,RGB,1.3333,92.23,True,5c6715ff3c8b9d299c355e8c2d4c8cea,SIM_1973,train
D:\driver-drowsiness-detection\dataset\train\yawn\100.jpg,100.jpg,yawn,640,480,3,RGB,1.3333,102.61,True,86aea1e439b0abcd2edea9b94b7d3d80,SIM_1974,train
D:\driver-drowsiness-detection\dataset\train\yawn\101.jpg,101.jpg,yawn,640,480,3,RGB,1.3333,104.05,True,170a450a74fd673e80be8b615e5dbdf3,SIM_1974,train
D:\driver-drowsiness-detection\dataset\train\yawn\102.jpg,102.jpg,yawn,640,480,3,RGB,1.3333,101.79,True,55eae8e03a77e78b015812dcc3e19ce3,SIM_1974,train
D:\driver-drowsiness-detection\dataset\train\yawn\103.jpg,103.jpg,yawn,640,480,3,RGB,1.3333,103.82,True,72915b4a70cb3c30e2f6368b7746e35a,SIM_1974,train
D:\driver-drowsiness-detection\dataset\train\yawn\104.jpg,104.jpg,yawn,640,480,3,RGB,1.3333,104.88,True,057e921219de52083e6cbd9316d9f2fd,SIM_1974,train
D:\driver-drowsiness-detection\dataset\train\yawn\105.jpg,105.jpg,yawn,640,480,3,RGB,1.3333,99.42,True,d7c8bb90fb05d66e86a45b9c67c9bb56,SIM_1974,train
D:\driver-drowsiness-detection\dataset\train\yawn\106.jpg,106.jpg,yawn,640,480,3,RGB,1.3333,103.04,True,136fac1360c6469c729758caa8b1b101,SIM_1974,train
D:\driver-drowsiness-detection\dataset\train\yawn\107.jpg,107.jpg,yawn,640,480,3,RGB,1.3333,103.43,True,2ab32ecb68f8a4298accf1e25b9e035f,SIM_1974,train
D:\driver-drowsiness-detection\dataset\train\yawn\108.jpg,108.jpg,yawn,640,480,3,RGB,1.3333,103.84,True,0d1fdf041d338ccde586e559346630b5,SIM_1974,train
D:\driver-drowsiness-detection\dataset\train\yawn\109.jpg,109.jpg,yawn,640,480,3,RGB,1.3333,102.42,True,060f6dd65f413e61ec300894b8d2e586,SIM_1974,train
D:\driver-drowsiness-detection\dataset\train\yawn\11.jpg,11.jpg,yawn,640,480,3,RGB,1.3333,93.84,True,44029242cc6223a00185ccb5999b3684,SIM_1973,train
D:\driver-drowsiness-detection\dataset\train\yawn\110.jpg,110.jpg,yawn,640,480,3,RGB,1.3333,72.39,True,affbeb882c25c145e660168dc2fdc4b3,SIM_1975,test
D:\driver-drowsiness-detection\dataset\train\yawn\111.jpg,111.jpg,yawn,640,480,3,RGB,1.3333,71.37,True,be05ae24536d64f334e77794d2bf2a44,SIM_1976,train
D:\driver-drowsiness-detection\dataset\train\yawn\112.jpg,112.jpg,yawn,640,480,3,RGB,1.3333,72.19,True,90205940e1e7eccbac5f95cd0a40bbbd,SIM_1976,train
D:\driver-drowsiness-detection\dataset\train\yawn\113.jpg,113.jpg,yawn,640,480,3,RGB,1.3333,73.01,True,88df61e7dc244766a556bb2b63d92482,SIM_1976,train
D:\driver-drowsiness-detection\dataset\train\yawn\114.jpg,114.jpg,yawn,640,480,3,RGB,1.3333,73.54,True,e121cd4aa0c607189e2e5e99a6374ac4,SIM_1976,train
D:\driver-drowsiness-detection\dataset\train\yawn\115.jpg,115.jpg,yawn,640,480,3,RGB,1.3333,70.7,True,03758f68755cb40fc4d5452570a4062c,SIM_1976,train
D:\driver-drowsiness-detection\dataset\train\yawn\116.jpg,116.jpg,yawn,640,480,3,RGB,1.3333,71.25,True,945fdb77cce8ed5cd679d038def72f56,SIM_1976,train
D:\driver-drowsiness-detection\dataset\train\yawn\117.jpg,117.jpg,yawn,640,480,3,RGB,1.3333,71.73,True,923b3c2f1fe6008918283237af1090c4,SIM_1976,train
D:\driver-drowsiness-detection\dataset\train\yawn\118.jpg,118.jpg,yawn,640,480,3,RGB,1.3333,72.28,True,0ef165f809de391cb0be6d5271cbcf2e,SIM_1976,train
D:\driver-drowsiness-detection\dataset\train\yawn\119.jpg,119.jpg,yawn,640,480,3,RGB,1.3333,72.1,True,83884eb93e7728a2ca8826df35ced298,SIM_1976,train
D:\driver-drowsiness-detection\dataset\train\yawn\12.jpg,12.jpg,yawn,640,480,3,RGB,1.3333,94.31,True,6bd9b96cdfac378a7ea908914152714a,SIM_1973,train
D:\driver-drowsiness-detection\dataset\train\yawn\120.jpg,120.jpg,yawn,640,480,3,RGB,1.3333,68.53,True,6aab9f09f22124f54bbea76da0201c13,SIM_1976,train
D:\driver-drowsiness-detection\dataset\train\yawn\121.jpg,121.jpg,yawn,640,480,3,RGB,1.3333,72.27,True,ef1d4d030ada2bf96fc67b12c7d18d50,SIM_1976,train
D:\driver-drowsiness-detection\dataset\train\yawn\122.jpg,122.jpg,yawn,640,480,3,RGB,1.3333,94.03,True,340c3897a6a3b5bb7d5c19dcbf26ae50,SIM_1977,train
D:\driver-drowsiness-detection\dataset\train\yawn\123.jpg,123.jpg,yawn,640,480,3,RGB,1.3333,97.27,True,c7725b1c6dfdc3c3a338fbc9da9572ac,SIM_1977,train
D:\driver-drowsiness-detection\dataset\train\yawn\124.jpg,124.jpg,yawn,640,480,3,RGB,1.3333,95.97,True,8ce78eb30150b0c254bb463079b6bec9,SIM_1977,train
D:\driver-drowsiness-detection\dataset\train\yawn\125.jpg,125.jpg,yawn,640,480,3,RGB,1.3333,88.75,True,cd8f4263f7a354b0215909d5a2db702c,SIM_1978,train
D:\driver-drowsiness-detection\dataset\train\yawn\126.jpg,126.jpg,yawn,640,480,3,RGB,1.3333,94.98,True,55fd8df15b5d293ce5034ad4490a5601,SIM_1979,train
D:\driver-drowsiness-detection\dataset\train\yawn\127.jpg,127.jpg,yawn,640,480,3,RGB,1.3333,95.15,True,d182308855ddbad79a862385191d86e5,SIM_1980,train
D:\driver-drowsiness-detection\dataset\train\yawn\128.jpg,128.jpg,yawn,640,480,3,RGB,1.3333,91.98,True,eaa602290e87c4bd0b9629dea4fe6d85,SIM_1981,train
D:\driver-drowsiness-detection\dataset\train\yawn\129.jpg,129.jpg,yawn,640,480,3,RGB,1.3333,98.16,True,d0ec210d6a9aa60dd8841043e3721f92,SIM_1982,test
D:\driver-drowsiness-detection\dataset\train\yawn\13.jpg,13.jpg,yawn,640,480,3,RGB,1.3333,94.38,True,b52137b1755349c3187a566a47d0f107,SIM_1973,train
D:\driver-drowsiness-detection\dataset\train\yawn\130.jpg,130.jpg,yawn,640,480,3,RGB,1.3333,89.01,True,d92fc824d1dcb434c5a3adc1bdbacaf5,SIM_1983,test
D:\driver-drowsiness-detection\dataset\train\yawn\131.jpg,131.jpg,yawn,640,480,3,RGB,1.3333,90.41,True,4f76aaff928f502d97db5d835c57c9b8,SIM_1984,train
D:\driver-drowsiness-detection\dataset\train\yawn\132.jpg,132.jpg,yawn,640,480,3,RGB,1.3333,91.52,True,9f1fee08f6dca446a2d73e5c8085442d,SIM_1984,train
D:\driver-drowsiness-detection\dataset\train\yawn\133.jpg,133.jpg,yawn,640,480,3,RGB,1.3333,70.41,True,1e1fbfb0399b5d692945e5c0a403aadb,SIM_1985,train
D:\driver-drowsiness-detection\dataset\train\yawn\134.jpg,134.jpg,yawn,640,480,3,RGB,1.3333,72.06,True,3f32d3a165deefe0842e14c605a75995,SIM_1986,train
D:\driver-drowsiness-detection\dataset\train\yawn\135.jpg,135.jpg,yawn,640,480,3,RGB,1.3333,72.38,True,29ef470d1b162d6738d8e6ab46725c44,SIM_1987,test
D:\driver-drowsiness-detection\dataset\train\yawn\136.jpg,136.jpg,yawn,640,480,3,RGB,1.3333,75.62,True,02915f2663384e8860461da85fa4b778,SIM_0983,validation
D:\driver-drowsiness-detection\dataset\train\yawn\137.jpg,137.jpg,yawn,640,480,3,RGB,1.3333,78.47,True,02cf5218ee835bbb500d893565740412,SIM_0983,validation
D:\driver-drowsiness-detection\dataset\train\yawn\138.jpg,138.jpg,yawn,640,480,3,RGB,1.3333,79.03,True,310f9774e3bbc800a6d8b08427f4aec9,SIM_0983,validation
D:\driver-drowsiness-detection\dataset\train\yawn\139.jpg,139.jpg,yawn,640,480,3,RGB,1.3333,103.59,True,e47ff56d093e8b6b09ccf211ad771e84,SIM_1988,validation
D:\driver-drowsiness-detection\dataset\train\yawn\14.jpg,14.jpg,yawn,640,480,3,RGB,1.3333,94.68,True,16de456ae0ad507b6c556555152c6be9,SIM_1973,train
D:\driver-drowsiness-detection\dataset\train\yawn\140.jpg,140.jpg,yawn,640,480,3,RGB,1.3333,104.62,True,80ae27bbfa6eaea4a9010d939e1f6a10,SIM_1989,train
D:\driver-drowsiness-detection\dataset\train\yawn\141.jpg,141.jpg,yawn,640,480,3,RGB,1.3333,110.66,True,d27eb4f3af7d1845e8ef63b7f69ecf33,SIM_1990,train
D:\driver-drowsiness-detection\dataset\train\yawn\142.jpg,142.jpg,yawn,640,480,3,RGB,1.3333,110.58,True,00ff6fd7b8d2eda0315369f5e337f2c7,SIM_1991,train
D:\driver-drowsiness-detection\dataset\train\yawn\143.jpg,143.jpg,yawn,640,480,3,RGB,1.3333,112.56,True,d78b82be8f803aef8d3800d5cbef7886,SIM_1992,train
D:\driver-drowsiness-detection\dataset\train\yawn\144.jpg,144.jpg,yawn,640,480,3,RGB,1.3333,104.26,True,5237c2303aed3fbff487b10af6267630,SIM_1993,train
D:\driver-drowsiness-detection\dataset\train\yawn\145.jpg,145.jpg,yawn,640,480,3,RGB,1.3333,104.74,True,ea7b7980699b2dc1aa67d05861f10bd9,SIM_1993,train
D:\driver-drowsiness-detection\dataset\train\yawn\146.jpg,146.jpg,yawn,640,480,3,RGB,1.3333,69.0,True,bbc304c08be6e72dd9132f3963283095,SIM_1994,validation
D:\driver-drowsiness-detection\dataset\train\yawn\147.jpg,147.jpg,yawn,640,480,3,RGB,1.3333,69.33,True,d1690d239dffc70d4f3537dee3626233,SIM_1995,validation
D:\driver-drowsiness-detection\dataset\train\yawn\148.jpg,148.jpg,yawn,640,480,3,RGB,1.3333,69.39,True,a5cc6a41966aee300a5ca8dc6a3aa235,SIM_1995,validation
D:\driver-drowsiness-detection\dataset\train\yawn\149.jpg,149.jpg,yawn,640,480,3,RGB,1.3333,67.79,True,a64ce8349aeb4590c0361a61976bf052,SIM_1996,train
D:\driver-drowsiness-detection\dataset\train\yawn\15.jpg,15.jpg,yawn,640,480,3,RGB,1.3333,92.85,True,4a92b6b1d5ae95c8ee6e75d6ebac87ff,SIM_1973,train
D:\driver-drowsiness-detection\dataset\train\yawn\150.jpg,150.jpg,yawn,640,480,3,RGB,1.3333,68.81,True,d7ab3ee3341cc3e0f16120c52b0d1b3d,SIM_1997,train
D:\driver-drowsiness-detection\dataset\train\yawn\151.jpg,151.jpg,yawn,640,480,3,RGB,1.3333,66.87,True,71a71fd0650ea3c57ea931476935d12f,SIM_1998,train
D:\driver-drowsiness-detection\dataset\train\yawn\152.jpg,152.jpg,yawn,640,480,3,RGB,1.3333,67.67,True,e434b6b32e87a48330f1c02da71deb43,SIM_1998,train
D:\driver-drowsiness-detection\dataset\train\yawn\153.jpg,153.jpg,yawn,640,480,3,RGB,1.3333,88.12,True,37662ed724dab5211a8a020c65410baa,SIM_1999,test
D:\driver-drowsiness-detection\dataset\train\yawn\154.jpg,154.jpg,yawn,640,480,3,RGB,1.3333,88.91,True,19a961cea13b4e47b81eabb0a801af9f,SIM_2000,train
D:\driver-drowsiness-detection\dataset\train\yawn\155.jpg,155.jpg,yawn,640,480,3,RGB,1.3333,87.99,True,faffe5d08d5d768c7b4a65d347f2c4b2,SIM_2001,train
D:\driver-drowsiness-detection\dataset\train\yawn\156.jpg,156.jpg,yawn,640,480,3,RGB,1.3333,88.1,True,c275fdb4332a5f450766f5470288d9bc,SIM_2001,train
D:\driver-drowsiness-detection\dataset\train\yawn\157.jpg,157.jpg,yawn,640,480,3,RGB,1.3333,88.1,True,6cd531358d7bf523216ef42e58459974,SIM_2002,train
D:\driver-drowsiness-detection\dataset\train\yawn\158.jpg,158.jpg,yawn,640,480,3,RGB,1.3333,88.72,True,8a181f69f1eacbe4014f2b03737ad1e8,SIM_2003,train
D:\driver-drowsiness-detection\dataset\train\yawn\159.jpg,159.jpg,yawn,640,480,3,RGB,1.3333,86.12,True,388e38b2cdd29fcecdba03b22929a180,SIM_2004,train
D:\driver-drowsiness-detection\dataset\train\yawn\16.jpg,16.jpg,yawn,640,480,3,RGB,1.3333,93.79,True,57a4346b48c290424ca48b784500475c,SIM_1973,train
D:\driver-drowsiness-detection\dataset\train\yawn\160.jpg,160.jpg,yawn,640,480,3,RGB,1.3333,86.8,True,4e63ac1a53f791cc0a35fb12bcb46ff6,SIM_2005,train
D:\driver-drowsiness-detection\dataset\train\yawn\161.jpg,161.jpg,yawn,640,480,3,RGB,1.3333,87.39,True,1a4407ee71a43390294d7aca97c2c2e7,SIM_2001,train
D:\driver-drowsiness-detection\dataset\train\yawn\162.jpg,162.jpg,yawn,640,480,3,RGB,1.3333,87.21,True,7d4336b4d752a0a59b667973eefe978a,SIM_2006,train
D:\driver-drowsiness-detection\dataset\train\yawn\163.jpg,163.jpg,yawn,640,480,3,RGB,1.3333,87.44,True,59607453a94d022910b96addaa540091,SIM_2007,test
D:\driver-drowsiness-detection\dataset\train\yawn\164.jpg,164.jpg,yawn,640,480,3,RGB,1.3333,88.66,True,f6681547170c4e2dc62a8697b3e3b442,SIM_2008,train
D:\driver-drowsiness-detection\dataset\train\yawn\165.jpg,165.jpg,yawn,640,480,3,RGB,1.3333,70.73,True,bd3d911e47a6ce0b9b41c3348cbb9d12,SIM_2009,train
D:\driver-drowsiness-detection\dataset\train\yawn\166.jpg,166.jpg,yawn,640,480,3,RGB,1.3333,72.03,True,a67fca6f7d05103eccde5432ed56ef4c,SIM_2009,train
D:\driver-drowsiness-detection\dataset\train\yawn\167.jpg,167.jpg,yawn,640,480,3,RGB,1.3333,73.11,True,0c297e86f93a32e7e41672ba5e8d2963,SIM_2010,train
D:\driver-drowsiness-detection\dataset\train\yawn\168.jpg,168.jpg,yawn,640,480,3,RGB,1.3333,76.24,True,fafac8e164e272804c837aa99be4a241,SIM_2011,train
D:\driver-drowsiness-detection\dataset\train\yawn\169.jpg,169.jpg,yawn,640,480,3,RGB,1.3333,79.25,True,e525951c4063d71ab3b4649098bf1fc6,SIM_2012,train
D:\driver-drowsiness-detection\dataset\train\yawn\17.jpg,17.jpg,yawn,640,480,3,RGB,1.3333,93.63,True,4b1c3313f6a464b58bd6131bd31c23d0,SIM_1973,train
D:\driver-drowsiness-detection\dataset\train\yawn\170.jpg,170.jpg,yawn,640,480,3,RGB,1.3333,78.86,True,aee8d3a8c1fc182bae806a21335812d5,SIM_2013,train
D:\driver-drowsiness-detection\dataset\train\yawn\171.jpg,171.jpg,yawn,640,480,3,RGB,1.3333,92.63,True,364b0bd1ed4ecf76cf1f2534617f3351,SIM_2014,validation
D:\driver-drowsiness-detection\dataset\train\yawn\172.jpg,172.jpg,yawn,640,480,3,RGB,1.3333,92.47,True,abf2fabea25656667dc68acbbbc27370,SIM_2015,train
D:\driver-drowsiness-detection\dataset\train\yawn\173.jpg,173.jpg,yawn,640,480,3,RGB,1.3333,92.46,True,2939ba55b19fcc98dab396708e0ec52c,SIM_2016,train
D:\driver-drowsiness-detection\dataset\train\yawn\174.jpg,174.jpg,yawn,640,480,3,RGB,1.3333,88.49,True,f4841b3f35f2ee31186b82a69f519c09,SIM_2017,train
D:\driver-drowsiness-detection\dataset\train\yawn\175.jpg,175.jpg,yawn,640,480,3,RGB,1.3333,92.21,True,7894e1795a54fe20d1d8518314fb3572,SIM_2018,train
D:\driver-drowsiness-detection\dataset\train\yawn\176.jpg,176.jpg,yawn,640,480,3,RGB,1.3333,93.68,True,b8f2d7ffe3cfe18055eaa442d02d350b,SIM_2019,train
D:\driver-drowsiness-detection\dataset\train\yawn\177.jpg,177.jpg,yawn,640,480,3,RGB,1.3333,92.22,True,859e1ddbedfe69ff6a3b58676188b43d,SIM_2020,train
D:\driver-drowsiness-detection\dataset\train\yawn\178.jpg,178.jpg,yawn,640,480,3,RGB,1.3333,92.5,True,b6d17475fd1190e9efeab7dfaa30b847,SIM_2021,train
D:\driver-drowsiness-detection\dataset\train\yawn\179.jpg,179.jpg,yawn,640,480,3,RGB,1.3333,93.21,True,de55d0ca8be26fe934cbd6234ed79d96,SIM_2022,train
D:\driver-drowsiness-detection\dataset\train\yawn\18.jpg,18.jpg,yawn,640,480,3,RGB,1.3333,94.54,True,4b22277ec2b27f5ee86b4f212b133931,SIM_1973,train
D:\driver-drowsiness-detection\dataset\train\yawn\180.jpg,180.jpg,yawn,640,480,3,RGB,1.3333,89.88,True,7a3ee265085a78aef6a185221dae2bfb,SIM_2023,train
D:\driver-drowsiness-detection\dataset\train\yawn\181.jpg,181.jpg,yawn,640,480,3,RGB,1.3333,92.04,True,7f3bce947dad8ac954dfe51f28566554,SIM_2024,train
D:\driver-drowsiness-detection\dataset\train\yawn\182.jpg,182.jpg,yawn,640,480,3,RGB,1.3333,93.12,True,f6cd2c4a16528fd4f3621c1967b67045,SIM_2025,train
D:\driver-drowsiness-detection\dataset\train\yawn\183.jpg,183.jpg,yawn,640,480,3,RGB,1.3333,96.15,True,bc94ed695605b2c56fe71021bbd5e031,SIM_2026,train
D:\driver-drowsiness-detection\dataset\train\yawn\184.jpg,184.jpg,yawn,640,480,3,RGB,1.3333,96.98,True,628f352ba3636ffb93d54073fa64da00,SIM_2026,train
D:\driver-drowsiness-detection\dataset\train\yawn\185.jpg,185.jpg,yawn,640,480,3,RGB,1.3333,76.8,True,835c2e27f33de4d8ae0de44ab3b4c52e,SIM_2027,train
D:\driver-drowsiness-detection\dataset\train\yawn\186.jpg,186.jpg,yawn,640,480,3,RGB,1.3333,78.08,True,d3d9e21c4e25ed620ec3288918cef844,SIM_2028,test
D:\driver-drowsiness-detection\dataset\train\yawn\187.jpg,187.jpg,yawn,640,480,3,RGB,1.3333,78.79,True,64d9b9d98db6795ab03b68e96ae3326b,SIM_2027,train
D:\driver-drowsiness-detection\dataset\train\yawn\188.jpg,188.jpg,yawn,640,480,3,RGB,1.3333,77.41,True,1a1d5fe4cc2c51faf05a985a48b9c9f2,SIM_2027,train
D:\driver-drowsiness-detection\dataset\train\yawn\189.jpg,189.jpg,yawn,640,480,3,RGB,1.3333,77.9,True,ba137ed45c61324385d5c5e43713d08e,SIM_2027,train
D:\driver-drowsiness-detection\dataset\train\yawn\19.jpg,19.jpg,yawn,640,480,3,RGB,1.3333,94.42,True,035ac9aff0893ab85d9cc798a04f097d,SIM_1973,train
D:\driver-drowsiness-detection\dataset\train\yawn\190.jpg,190.jpg,yawn,640,480,3,RGB,1.3333,79.33,True,7006c516b1af3d738b69d394a74739b5,SIM_2029,validation
D:\driver-drowsiness-detection\dataset\train\yawn\191.jpg,191.jpg,yawn,640,480,3,RGB,1.3333,79.32,True,a357557070853e30d2751b1526e12685,SIM_2029,validation
D:\driver-drowsiness-detection\dataset\train\yawn\192.jpg,192.jpg,yawn,640,480,3,RGB,1.3333,96.76,True,897cdd4af44ee5b2ff97b5ae9fff51c2,SIM_2030,train
D:\driver-drowsiness-detection\dataset\train\yawn\193.jpg,193.jpg,yawn,640,480,3,RGB,1.3333,89.99,True,cf0c220933c95a1076da52392cceb6b4,SIM_2031,validation
D:\driver-drowsiness-detection\dataset\train\yawn\194.jpg,194.jpg,yawn,640,480,3,RGB,1.3333,96.24,True,3f697d955c03204a7416f66329c5033f,SIM_2032,train
D:\driver-drowsiness-detection\dataset\train\yawn\195.jpg,195.jpg,yawn,640,480,3,RGB,1.3333,97.41,True,9dd82d6b19a50719e3f93beb673475ab,SIM_2033,train
D:\driver-drowsiness-detection\dataset\train\yawn\196.jpg,196.jpg,yawn,640,480,3,RGB,1.3333,98.24,True,c4e6512978d9970d75be03319354ec68,SIM_2034,train
D:\driver-drowsiness-detection\dataset\train\yawn\197.jpg,197.jpg,yawn,640,480,3,RGB,1.3333,97.85,True,1feb7f25d32f88a296e1d8d3fda8a0fe,SIM_2035,train
D:\driver-drowsiness-detection\dataset\train\yawn\198.jpg,198.jpg,yawn,640,480,3,RGB,1.3333,76.19,True,d336e314cd61903bb36463a7561d25e4,SIM_2036,validation
D:\driver-drowsiness-detection\dataset\train\yawn\199.jpg,199.jpg,yawn,640,480,3,RGB,1.3333,77.97,True,e6186f87d4d7f2a7598b0fdc12a52098,SIM_2037,train
D:\driver-drowsiness-detection\dataset\train\yawn\2.jpg,2.jpg,yawn,640,480,3,RGB,1.3333,77.38,True,dfa62a5032d94bda9593ac48f778a245,SIM_2038,train
D:\driver-drowsiness-detection\dataset\train\yawn\20.jpg,20.jpg,yawn,640,480,3,RGB,1.3333,92.34,True,88e2a4b2d45fb994f2dec38311a8843c,SIM_1973,train
D:\driver-drowsiness-detection\dataset\train\yawn\200.jpg,200.jpg,yawn,640,480,3,RGB,1.3333,78.0,True,ae7e5515d843b7c288d943518afd078a,SIM_2039,test
D:\driver-drowsiness-detection\dataset\train\yawn\201.jpg,201.jpg,yawn,640,480,3,RGB,1.3333,76.51,True,a31f9a1e7dd7c7e18f7154225cf7fcaf,SIM_2040,train
D:\driver-drowsiness-detection\dataset\train\yawn\202.jpg,202.jpg,yawn,640,480,3,RGB,1.3333,76.91,True,ccecb5263bb1705b08c4a7a63eb88747,SIM_2041,train
D:\driver-drowsiness-detection\dataset\train\yawn\203.jpg,203.jpg,yawn,640,480,3,RGB,1.3333,77.95,True,3bfe589aefcab8ea11e8ec37f8326813,SIM_2041,train
D:\driver-drowsiness-detection\dataset\train\yawn\204.jpg,204.jpg,yawn,640,480,3,RGB,1.3333,78.9,True,370be84f07c77c9d01f25edcfa7a6123,SIM_2042,test
D:\driver-drowsiness-detection\dataset\train\yawn\205.jpg,205.jpg,yawn,640,480,3,RGB,1.3333,81.45,True,4e4ec48f0dfe591691dd9f411a95bfae,SIM_2043,train
D:\driver-drowsiness-detection\dataset\train\yawn\206.jpg,206.jpg,yawn,640,480,3,RGB,1.3333,81.74,True,1652766cb4b8e8bae0ccc5324c20b3a9,SIM_2043,train
D:\driver-drowsiness-detection\dataset\train\yawn\207.jpg,207.jpg,yawn,640,480,3,RGB,1.3333,82.49,True,d7339458716edb37ed353d8034b1d80e,SIM_2044,train
D:\driver-drowsiness-detection\dataset\train\yawn\208.jpg,208.jpg,yawn,640,480,3,RGB,1.3333,82.99,True,c0084da4d82f00807d1e6d87e3370a80,SIM_2045,train
D:\driver-drowsiness-detection\dataset\train\yawn\209.jpg,209.jpg,yawn,640,480,3,RGB,1.3333,82.77,True,50e6682d118165f1b1ac91769214109c,SIM_2046,validation
D:\driver-drowsiness-detection\dataset\train\yawn\21.jpg,21.jpg,yawn,640,480,3,RGB,1.3333,92.88,True,a098fdd3f5acea7037d401d6748efb72,SIM_1973,train
D:\driver-drowsiness-detection\dataset\train\yawn\210.jpg,210.jpg,yawn,640,480,3,RGB,1.3333,65.32,True,d763e8c4125ed0e413ba57b1fde27111,SIM_2047,train
D:\driver-drowsiness-detection\dataset\train\yawn\211.jpg,211.jpg,yawn,640,480,3,RGB,1.3333,66.1,True,70f700a06e6a232bff5cd50c038c23e2,SIM_2048,test
D:\driver-drowsiness-detection\dataset\train\yawn\212.jpg,212.jpg,yawn,640,480,3,RGB,1.3333,66.37,True,dae21cd750405e6af5346e617d99e54c,SIM_2049,train
D:\driver-drowsiness-detection\dataset\train\yawn\213.jpg,213.jpg,yawn,640,480,3,RGB,1.3333,78.22,True,d187e7375917890f2ca9cb67f69decf9,SIM_2050,test
D:\driver-drowsiness-detection\dataset\train\yawn\214.jpg,214.jpg,yawn,640,480,3,RGB,1.3333,78.73,True,812428b6cbe784df7e815861face0a17,SIM_2051,train
D:\driver-drowsiness-detection\dataset\train\yawn\215.jpg,215.jpg,yawn,640,480,3,RGB,1.3333,77.11,True,784221d887d0da9e00b377432a376225,SIM_2052,train
D:\driver-drowsiness-detection\dataset\train\yawn\216.jpg,216.jpg,yawn,640,480,3,RGB,1.3333,76.99,True,3b10d67555bfd93038a168a75c43530f,SIM_2053,train
D:\driver-drowsiness-detection\dataset\train\yawn\217.jpg,217.jpg,yawn,640,480,3,RGB,1.3333,84.51,True,6952196342cd32e211da8c29443f8ddb,SIM_2054,validation
D:\driver-drowsiness-detection\dataset\train\yawn\218.jpg,218.jpg,yawn,640,480,3,RGB,1.3333,81.56,True,79c3c3907ab312a6bcaf9320d4155bc5,SIM_2055,train
D:\driver-drowsiness-detection\dataset\train\yawn\219.jpg,219.jpg,yawn,640,480,3,RGB,1.3333,70.77,True,d4ae4fe09fbe30d5a76eb4f292700027,SIM_2056,train
D:\driver-drowsiness-detection\dataset\train\yawn\22.jpg,22.jpg,yawn,640,480,3,RGB,1.3333,92.39,True,c887f1dca8c4b4e0feae96205d41d67a,SIM_1973,train
D:\driver-drowsiness-detection\dataset\train\yawn\220.jpg,220.jpg,yawn,640,480,3,RGB,1.3333,72.4,True,0c1f1b21f047c8fd160d6444806c3dbc,SIM_2057,test
D:\driver-drowsiness-detection\dataset\train\yawn\221.jpg,221.jpg,yawn,640,480,3,RGB,1.3333,66.9,True,4090025ae0127b7c30904ce7d8edfc9c,SIM_2058,validation
D:\driver-drowsiness-detection\dataset\train\yawn\222.jpg,222.jpg,yawn,640,480,3,RGB,1.3333,68.08,True,d63ac2dff0f792ba48bb04a952c919f6,SIM_2058,validation
D:\driver-drowsiness-detection\dataset\train\yawn\223.jpg,223.jpg,yawn,640,480,3,RGB,1.3333,68.23,True,c9272aa58869a808eaae1e0eaab091a4,SIM_2058,validation
D:\driver-drowsiness-detection\dataset\train\yawn\224.jpg,224.jpg,yawn,640,480,3,RGB,1.3333,67.97,True,b03a3205ce8710f6aed2613468bd5ff4,SIM_2058,validation
D:\driver-drowsiness-detection\dataset\train\yawn\225.jpg,225.jpg,yawn,640,480,3,RGB,1.3333,68.18,True,92705e59ad0e4656e693a97d1c0bff8d,SIM_2058,validation
D:\driver-drowsiness-detection\dataset\train\yawn\226.jpg,226.jpg,yawn,640,480,3,RGB,1.3333,88.59,True,80e1b65cc0b21c413582dcac6e7ffead,SIM_2059,train
D:\driver-drowsiness-detection\dataset\train\yawn\227.jpg,227.jpg,yawn,640,480,3,RGB,1.3333,93.35,True,85e16cf80b030f14b70fe3f8f613a417,SIM_2059,train
D:\driver-drowsiness-detection\dataset\train\yawn\228.jpg,228.jpg,yawn,640,480,3,RGB,1.3333,92.7,True,c90647114335e4099b425dec3ffcc5b3,SIM_2059,train
D:\driver-drowsiness-detection\dataset\train\yawn\229.jpg,229.jpg,yawn,640,480,3,RGB,1.3333,89.75,True,bf83fba73a6ff989772a6031f929920e,SIM_2060,train
D:\driver-drowsiness-detection\dataset\train\yawn\23.jpg,23.jpg,yawn,640,480,3,RGB,1.3333,92.82,True,674609a8e53d541ff0c064c6b9b2e0a0,SIM_1973,train
D:\driver-drowsiness-detection\dataset\train\yawn\230.jpg,230.jpg,yawn,640,480,3,RGB,1.3333,92.33,True,761dc42ec800361e14a6de83c94e82b1,SIM_2060,train
D:\driver-drowsiness-detection\dataset\train\yawn\231.jpg,231.jpg,yawn,640,480,3,RGB,1.3333,91.42,True,b86e7c3c819910fca2a0fdf337ba3ced,SIM_2060,train
D:\driver-drowsiness-detection\dataset\train\yawn\232.jpg,232.jpg,yawn,640,480,3,RGB,1.3333,94.12,True,54be5cc94ccf1c31f645a5d11f8b6ead,SIM_2060,train
D:\driver-drowsiness-detection\dataset\train\yawn\233.jpg,233.jpg,yawn,640,480,3,RGB,1.3333,91.82,True,bf446fe00104eea9bcf56ecb7d856684,SIM_2060,train
D:\driver-drowsiness-detection\dataset\train\yawn\234.jpg,234.jpg,yawn,640,480,3,RGB,1.3333,75.12,True,bfbc2a120cf7a34c528c5f49b6fe7f7e,SIM_2061,train
D:\driver-drowsiness-detection\dataset\train\yawn\235.jpg,235.jpg,yawn,640,480,3,RGB,1.3333,75.39,True,7f7d22682746fe1e34f973a600056583,SIM_2062,test
D:\driver-drowsiness-detection\dataset\train\yawn\236.jpg,236.jpg,yawn,640,480,3,RGB,1.3333,84.32,True,7e4d9c155055e86aefe84b598ea1b396,SIM_2063,test
D:\driver-drowsiness-detection\dataset\train\yawn\237.jpg,237.jpg,yawn,640,480,3,RGB,1.3333,87.44,True,842f93af06df586312ee68b9d009be44,SIM_2064,train
D:\driver-drowsiness-detection\dataset\train\yawn\238.jpg,238.jpg,yawn,640,480,3,RGB,1.3333,87.66,True,72620b5d981709d0a9ffca4b8cfbf28c,SIM_2064,train
D:\driver-drowsiness-detection\dataset\train\yawn\239.jpg,239.jpg,yawn,640,480,3,RGB,1.3333,90.16,True,e20f1897d5d733aa4031df919f6c2479,SIM_2064,train
D:\driver-drowsiness-detection\dataset\train\yawn\24.jpg,24.jpg,yawn,640,480,3,RGB,1.3333,93.55,True,08173cebcefbbee237f67178a38dbecd,SIM_1973,train
D:\driver-drowsiness-detection\dataset\train\yawn\240.jpg,240.jpg,yawn,640,480,3,RGB,1.3333,86.0,True,ef06174aebece5c25b0448732d88b0c5,SIM_2065,train
D:\driver-drowsiness-detection\dataset\train\yawn\241.jpg,241.jpg,yawn,640,480,3,RGB,1.3333,86.63,True,d9d97084f875d2b5196fcc298cd84322,SIM_2066,test
D:\driver-drowsiness-detection\dataset\train\yawn\242.jpg,242.jpg,yawn,640,480,3,RGB,1.3333,87.68,True,8b7a50e1f802023b73fc25f1563d0d2b,SIM_2066,test
D:\driver-drowsiness-detection\dataset\train\yawn\243.jpg,243.jpg,yawn,640,480,3,RGB,1.3333,88.17,True,97031a86836ee58b4c42edf9bcdd4491,SIM_2066,test
D:\driver-drowsiness-detection\dataset\train\yawn\244.jpg,244.jpg,yawn,640,480,3,RGB,1.3333,88.35,True,0b2e4c28feab7a71f93d331f98e55bd9,SIM_2066,test
D:\driver-drowsiness-detection\dataset\train\yawn\245.jpg,245.jpg,yawn,640,480,3,RGB,1.3333,84.93,True,d348aefbe621a7b5252d9a7140487cd2,SIM_2067,train
D:\driver-drowsiness-detection\dataset\train\yawn\246.jpg,246.jpg,yawn,640,480,3,RGB,1.3333,85.68,True,0ec7949c5d5b64a7dc22a213f73f3170,SIM_2068,train
D:\driver-drowsiness-detection\dataset\train\yawn\247.jpg,247.jpg,yawn,640,480,3,RGB,1.3333,86.69,True,506ccf7b1af006ec4b1c777ad5953f6d,SIM_2069,test
D:\driver-drowsiness-detection\dataset\train\yawn\248.jpg,248.jpg,yawn,640,480,3,RGB,1.3333,87.97,True,90089120542d6e383b52c9a4b671c55e,SIM_2070,train
D:\driver-drowsiness-detection\dataset\train\yawn\249.jpg,249.jpg,yawn,640,480,3,RGB,1.3333,90.82,True,1874e461fa4086015b99d7875c5e9b9b,SIM_2071,test
D:\driver-drowsiness-detection\dataset\train\yawn\25.jpg,25.jpg,yawn,640,480,3,RGB,1.3333,92.45,True,e62215a8c8f319b058ca3da5c061ed26,SIM_1973,train
D:\driver-drowsiness-detection\dataset\train\yawn\250.jpg,250.jpg,yawn,640,480,3,RGB,1.3333,89.59,True,ff6b8c17e81a6fff95d34bacbe5c9e97,SIM_2069,test
D:\driver-drowsiness-detection\dataset\train\yawn\251.jpg,251.jpg,yawn,640,480,3,RGB,1.3333,90.46,True,81070e6e551e3e917abc63b7978d0be6,SIM_2072,train
D:\driver-drowsiness-detection\dataset\train\yawn\252.jpg,252.jpg,yawn,640,480,3,RGB,1.3333,87.85,True,bca492a83a23c057534d571092566f8b,SIM_2073,train
D:\driver-drowsiness-detection\dataset\train\yawn\253.jpg,253.jpg,yawn,640,480,3,RGB,1.3333,88.27,True,0de0f285549e8f785bb2cef43c7f6dde,SIM_2074,validation
D:\driver-drowsiness-detection\dataset\train\yawn\254.jpg,254.jpg,yawn,640,480,3,RGB,1.3333,88.04,True,b0924f9ab0be168027fe189ae13f50ec,SIM_2075,test
D:\driver-drowsiness-detection\dataset\train\yawn\255.jpg,255.jpg,yawn,640,480,3,RGB,1.3333,87.72,True,a492be31ec5f4428e282c4007baf0be2,SIM_2075,test
D:\driver-drowsiness-detection\dataset\train\yawn\256.jpg,256.jpg,yawn,640,480,3,RGB,1.3333,87.07,True,cfffa403f9765b4387a8c8c68be71f10,SIM_2076,train
D:\driver-drowsiness-detection\dataset\train\yawn\257.jpg,257.jpg,yawn,640,480,3,RGB,1.3333,87.5,True,2fe665df57367e9e1fc688d0c19ce8dd,SIM_2077,train
D:\driver-drowsiness-detection\dataset\train\yawn\258.jpg,258.jpg,yawn,640,480,3,RGB,1.3333,87.5,True,4f2928184d974875b99056306fd12644,SIM_2077,train
D:\driver-drowsiness-detection\dataset\train\yawn\259.jpg,259.jpg,yawn,640,480,3,RGB,1.3333,87.96,True,26b0e02e4d386a587f845602b9eb3ea9,SIM_2077,train
D:\driver-drowsiness-detection\dataset\train\yawn\26.jpg,26.jpg,yawn,640,480,3,RGB,1.3333,87.81,True,a732dd93b03afe37945b0319369e9581,SIM_2078,train
D:\driver-drowsiness-detection\dataset\train\yawn\260.jpg,260.jpg,yawn,640,480,3,RGB,1.3333,88.06,True,80ec7421e3e46142ed019dbcaa757f30,SIM_2079,train
D:\driver-drowsiness-detection\dataset\train\yawn\261.jpg,261.jpg,yawn,640,480,3,RGB,1.3333,86.93,True,b6487cd3ce206bc60b22fc8638d2a2f5,SIM_2080,train
D:\driver-drowsiness-detection\dataset\train\yawn\262.jpg,262.jpg,yawn,640,480,3,RGB,1.3333,87.15,True,cedca502a89144a162eb1c8b51dd1d2b,SIM_2080,train
D:\driver-drowsiness-detection\dataset\train\yawn\263.jpg,263.jpg,yawn,640,480,3,RGB,1.3333,88.13,True,e9a0d4d9e096a9db6711f07241cfff76,SIM_2080,train
D:\driver-drowsiness-detection\dataset\train\yawn\264.jpg,264.jpg,yawn,640,480,3,RGB,1.3333,82.92,True,e716bed0d0ef55b6868e136e26dcfb72,SIM_2081,train
D:\driver-drowsiness-detection\dataset\train\yawn\265.jpg,265.jpg,yawn,640,480,3,RGB,1.3333,84.08,True,cdff799a980a231c38873c4f7a082e9d,SIM_2082,train
D:\driver-drowsiness-detection\dataset\train\yawn\266.jpg,266.jpg,yawn,640,480,3,RGB,1.3333,84.7,True,8f98fe260eecaf497df6e7b9f4965a0d,SIM_2083,validation
D:\driver-drowsiness-detection\dataset\train\yawn\267.jpg,267.jpg,yawn,640,480,3,RGB,1.3333,85.87,True,689dddcb066a4f3d61af344191a98977,SIM_2084,validation
D:\driver-drowsiness-detection\dataset\train\yawn\268.jpg,268.jpg,yawn,640,480,3,RGB,1.3333,73.42,True,e5cef45e20d0164e74b376c76c5ba4a4,SIM_2085,train
D:\driver-drowsiness-detection\dataset\train\yawn\269.jpg,269.jpg,yawn,640,480,3,RGB,1.3333,75.36,True,83d3cbf8ae7df511b10d51e23c1ff801,SIM_2086,test
D:\driver-drowsiness-detection\dataset\train\yawn\27.jpg,27.jpg,yawn,640,480,3,RGB,1.3333,87.68,True,49eee52ef58e6e55e36c8fff37698a1a,SIM_2087,validation
D:\driver-drowsiness-detection\dataset\train\yawn\270.jpg,270.jpg,yawn,640,480,3,RGB,1.3333,64.67,True,af90fe15234599fb99af0b32b2528802,SIM_2088,train
D:\driver-drowsiness-detection\dataset\train\yawn\271.jpg,271.jpg,yawn,640,480,3,RGB,1.3333,64.82,True,db35aa503e812207bcc5da3a22afc0de,SIM_2089,test
D:\driver-drowsiness-detection\dataset\train\yawn\272.jpg,272.jpg,yawn,640,480,3,RGB,1.3333,64.63,True,782545d71c3d23259e986bc90b6ddb09,SIM_2090,validation
D:\driver-drowsiness-detection\dataset\train\yawn\273.jpg,273.jpg,yawn,640,480,3,RGB,1.3333,74.55,True,5bfdd17d3a4d029b7b16548d1868209d,SIM_2091,train
D:\driver-drowsiness-detection\dataset\train\yawn\274.jpg,274.jpg,yawn,640,480,3,RGB,1.3333,74.7,True,23355758a329a308fca6821bda4a3ea2,SIM_2092,train
D:\driver-drowsiness-detection\dataset\train\yawn\275.jpg,275.jpg,yawn,640,480,3,RGB,1.3333,74.67,True,f1edee4830f475337a868b736fa965fa,SIM_2093,train
D:\driver-drowsiness-detection\dataset\train\yawn\276.jpg,276.jpg,yawn,640,480,3,RGB,1.3333,80.97,True,104750970826c9235f572c7ad468923a,SIM_2094,train
D:\driver-drowsiness-detection\dataset\train\yawn\277.jpg,277.jpg,yawn,640,480,3,RGB,1.3333,81.45,True,2d9c057a5d9192031149609d1073e35f,SIM_2095,train
D:\driver-drowsiness-detection\dataset\train\yawn\278.jpg,278.jpg,yawn,640,480,3,RGB,1.3333,81.87,True,6d77904b0e276206a28f23e60d725f16,SIM_2096,train
D:\driver-drowsiness-detection\dataset\train\yawn\279.jpg,279.jpg,yawn,640,480,3,RGB,1.3333,71.88,True,9e97587a3f4c74f27cbd402f592e8625,SIM_2097,validation
D:\driver-drowsiness-detection\dataset\train\yawn\28.jpg,28.jpg,yawn,640,480,3,RGB,1.3333,87.58,True,d20d2685941746dcb5c40d86213c0db9,SIM_2098,train
D:\driver-drowsiness-detection\dataset\train\yawn\280.jpg,280.jpg,yawn,640,480,3,RGB,1.3333,73.81,True,11b1ec40e29b51c6617ec172c90b15ff,SIM_2099,train
D:\driver-drowsiness-detection\dataset\train\yawn\281.jpg,281.jpg,yawn,640,480,3,RGB,1.3333,74.3,True,9805bf70be8fa54902cd2024476f4765,SIM_2099,train
D:\driver-drowsiness-detection\dataset\train\yawn\282.jpg,282.jpg,yawn,640,480,3,RGB,1.3333,74.59,True,af0c66dfcdf4879b48afd555fde192e8,SIM_2100,train
D:\driver-drowsiness-detection\dataset\train\yawn\283.jpg,283.jpg,yawn,640,480,3,RGB,1.3333,74.38,True,ff78f268d4deefdb392b07144688884c,SIM_2101,train
D:\driver-drowsiness-detection\dataset\train\yawn\284.jpg,284.jpg,yawn,640,480,3,RGB,1.3333,70.48,True,dddb5d70d31a7cbfb33826243fdfb3b2,SIM_2102,test
D:\driver-drowsiness-detection\dataset\train\yawn\285.jpg,285.jpg,yawn,640,480,3,RGB,1.3333,71.42,True,1ed2c143f7f3fd95b5dcc1b65b255118,SIM_2103,train
D:\driver-drowsiness-detection\dataset\train\yawn\286.jpg,286.jpg,yawn,640,480,3,RGB,1.3333,71.54,True,2b31b6e7993432709b96c38b4a52b793,SIM_2104,train
D:\driver-drowsiness-detection\dataset\train\yawn\287.jpg,287.jpg,yawn,640,480,3,RGB,1.3333,71.99,True,47160ca274be44b142fa06a5012faef3,SIM_2104,train
D:\driver-drowsiness-detection\dataset\train\yawn\288.jpg,288.jpg,yawn,640,480,3,RGB,1.3333,71.7,True,4962ac178a56cc4daedfc2ded050b6e0,SIM_2103,train
D:\driver-drowsiness-detection\dataset\train\yawn\289.jpg,289.jpg,yawn,640,480,3,RGB,1.3333,68.94,True,3d762bd14632231ec9c0cb102782cea2,SIM_2105,train
D:\driver-drowsiness-detection\dataset\train\yawn\29.jpg,29.jpg,yawn,640,480,3,RGB,1.3333,88.39,True,4fd2f74a5cfcf0cd62915da2821e6ac7,SIM_2087,validation
D:\driver-drowsiness-detection\dataset\train\yawn\290.jpg,290.jpg,yawn,640,480,3,RGB,1.3333,68.91,True,3e458092b0ae3c523619ca3b65775999,SIM_2106,train
D:\driver-drowsiness-detection\dataset\train\yawn\291.jpg,291.jpg,yawn,640,480,3,RGB,1.3333,70.41,True,c41f15275787f76e47ed415fde9744a1,SIM_2107,train
D:\driver-drowsiness-detection\dataset\train\yawn\292.jpg,292.jpg,yawn,640,480,3,RGB,1.3333,70.77,True,2cc862a2cc84f7ec65cba1f5e4912f64,SIM_2104,train
D:\driver-drowsiness-detection\dataset\train\yawn\293.jpg,293.jpg,yawn,640,480,3,RGB,1.3333,71.13,True,a42071ea3f4153d19ff6ec2a128a9991,SIM_2108,train
D:\driver-drowsiness-detection\dataset\train\yawn\294.jpg,294.jpg,yawn,640,480,3,RGB,1.3333,71.25,True,38ed985f02f5c937ec0bab87bd98147c,SIM_2109,train
D:\driver-drowsiness-detection\dataset\train\yawn\295.jpg,295.jpg,yawn,640,480,3,RGB,1.3333,68.41,True,346614f6cd053bfbbe5b4879825c0362,SIM_2110,train
D:\driver-drowsiness-detection\dataset\train\yawn\296.jpg,296.jpg,yawn,640,480,3,RGB,1.3333,71.0,True,00ace3f5eb8e4df9326430621d521b6d,SIM_2111,train
D:\driver-drowsiness-detection\dataset\train\yawn\297.jpg,297.jpg,yawn,640,480,3,RGB,1.3333,76.81,True,77738d19dd951b9f41d8fd432434ebd7,SIM_2112,train
D:\driver-drowsiness-detection\dataset\train\yawn\298.jpg,298.jpg,yawn,640,480,3,RGB,1.3333,78.31,True,443d8bc0161d782dc5bdfbec29f1e877,SIM_2113,train
D:\driver-drowsiness-detection\dataset\train\yawn\299.jpg,299.jpg,yawn,640,480,3,RGB,1.3333,77.08,True,d97aa90761a18d640bf8290f2c403c13,SIM_2114,validation
D:\driver-drowsiness-detection\dataset\train\yawn\3.jpg,3.jpg,yawn,640,480,3,RGB,1.3333,79.61,True,acd2087324f58f3c263ed5cf86ccc0bc,SIM_2115,train
D:\driver-drowsiness-detection\dataset\train\yawn\30.jpg,30.jpg,yawn,640,480,3,RGB,1.3333,89.47,True,7e7073ee6b761e0b590238031ac5e4dc,SIM_2116,train
D:\driver-drowsiness-detection\dataset\train\yawn\300.jpg,300.jpg,yawn,640,480,3,RGB,1.3333,78.11,True,ef6c874b1d7bcbcd7405f58586ed6c5b,SIM_2117,train
D:\driver-drowsiness-detection\dataset\train\yawn\301.jpg,301.jpg,yawn,640,480,3,RGB,1.3333,81.94,True,74f82a1629e882509a8b2b2f9742b18f,SIM_2118,train
D:\driver-drowsiness-detection\dataset\train\yawn\302.jpg,302.jpg,yawn,640,480,3,RGB,1.3333,84.82,True,4025c8988f3d3169c3f7dec27c488102,SIM_2119,train
D:\driver-drowsiness-detection\dataset\train\yawn\303.jpg,303.jpg,yawn,640,480,3,RGB,1.3333,84.66,True,cf6c68690bd3f1b90962c054aaf6f4f2,SIM_2120,train
D:\driver-drowsiness-detection\dataset\train\yawn\304.jpg,304.jpg,yawn,640,480,3,RGB,1.3333,84.13,True,d511ec4a606959dd0acd4f438f084fc2,SIM_2121,train
D:\driver-drowsiness-detection\dataset\train\yawn\305.jpg,305.jpg,yawn,640,480,3,RGB,1.3333,85.32,True,d9c8ba43c10243ec9f8a8e6fd23ce41f,SIM_2122,validation
D:\driver-drowsiness-detection\dataset\train\yawn\306.jpg,306.jpg,yawn,640,480,3,RGB,1.3333,81.47,True,3b4384ad963bb7b15aff681436be5c59,SIM_2123,validation
D:\driver-drowsiness-detection\dataset\train\yawn\307.jpg,307.jpg,yawn,640,480,3,RGB,1.3333,83.57,True,73d63cf930c3c30dbcce6f40ba4f81be,SIM_2124,train
D:\driver-drowsiness-detection\dataset\train\yawn\308.jpg,308.jpg,yawn,640,480,3,RGB,1.3333,84.89,True,bd1324b88d3db59f35de1dceeff7f747,SIM_2125,train
D:\driver-drowsiness-detection\dataset\train\yawn\309.jpg,309.jpg,yawn,640,480,3,RGB,1.3333,83.1,True,7b9ebca1b3c572dbd39b68ff86c3c36f,SIM_2126,train
D:\driver-drowsiness-detection\dataset\train\yawn\31.jpg,31.jpg,yawn,640,480,3,RGB,1.3333,88.87,True,ac1ea6a5c941320d26bb0008ed9c9f41,SIM_2127,train
D:\driver-drowsiness-detection\dataset\train\yawn\310.jpg,310.jpg,yawn,640,480,3,RGB,1.3333,83.86,True,07298578e047f93daded0adeb63f26a2,SIM_2128,validation
D:\driver-drowsiness-detection\dataset\train\yawn\311.jpg,311.jpg,yawn,640,480,3,RGB,1.3333,69.68,True,74d8d4a790c56cd171abd9a4008542b3,SIM_2129,validation
D:\driver-drowsiness-detection\dataset\train\yawn\312.jpg,312.jpg,yawn,640,480,3,RGB,1.3333,70.2,True,9cd22929f28d51c6bb2e83dd57477ab4,SIM_2130,train
D:\driver-drowsiness-detection\dataset\train\yawn\313.jpg,313.jpg,yawn,640,480,3,RGB,1.3333,69.73,True,d5df50a751de74c50fd4d887e3d4e171,SIM_2131,train
D:\driver-drowsiness-detection\dataset\train\yawn\314.jpg,314.jpg,yawn,640,480,3,RGB,1.3333,76.48,True,3cb89a4b93fe42c28a7911b9ddc52479,SIM_1225,validation
D:\driver-drowsiness-detection\dataset\train\yawn\315.jpg,315.jpg,yawn,640,480,3,RGB,1.3333,78.3,True,31c8b4ac0934c7f67b79151ad2e13607,SIM_2132,train
D:\driver-drowsiness-detection\dataset\train\yawn\316.jpg,316.jpg,yawn,640,480,3,RGB,1.3333,78.52,True,a642c28bcde7a83228692cf142a1e086,SIM_2133,train
D:\driver-drowsiness-detection\dataset\train\yawn\317.jpg,317.jpg,yawn,640,480,3,RGB,1.3333,80.26,True,9b43751ae2826e410c67b80a6067de33,SIM_2134,validation
D:\driver-drowsiness-detection\dataset\train\yawn\318.jpg,318.jpg,yawn,640,480,3,RGB,1.3333,80.9,True,61313e6500c30b43290f0a08e0e7ec4a,SIM_2135,train
D:\driver-drowsiness-detection\dataset\train\yawn\319.jpg,319.jpg,yawn,640,480,3,RGB,1.3333,81.49,True,3f16d7db2792761f74d41b72351362f7,SIM_2136,test
D:\driver-drowsiness-detection\dataset\train\yawn\32.jpg,32.jpg,yawn,640,480,3,RGB,1.3333,88.09,True,4bfd050ab63ba56dc25046bbff45d755,SIM_2087,validation
D:\driver-drowsiness-detection\dataset\train\yawn\320.jpg,320.jpg,yawn,640,480,3,RGB,1.3333,70.29,True,1b812783219da5ddc1fb47796d56f464,SIM_2137,train
D:\driver-drowsiness-detection\dataset\train\yawn\321.jpg,321.jpg,yawn,640,480,3,RGB,1.3333,70.01,True,b56797a8e0e234997406c05f7b60cee7,SIM_2138,train
D:\driver-drowsiness-detection\dataset\train\yawn\322.jpg,322.jpg,yawn,640,480,3,RGB,1.3333,70.93,True,4097cff6697dec126307757cbd4af6d7,SIM_2138,train
D:\driver-drowsiness-detection\dataset\train\yawn\323.jpg,323.jpg,yawn,640,480,3,RGB,1.3333,82.23,True,aec9b6725d06b3636e581a95d3f033ef,SIM_2139,train
D:\driver-drowsiness-detection\dataset\train\yawn\324.jpg,324.jpg,yawn,640,480,3,RGB,1.3333,86.58,True,e12f776e6b2f66c3b6f9c3fef7e26042,SIM_2139,train
D:\driver-drowsiness-detection\dataset\train\yawn\325.jpg,325.jpg,yawn,640,480,3,RGB,1.3333,84.99,True,e5476540bef47090b727fe856c7cbc18,SIM_2140,test
D:\driver-drowsiness-detection\dataset\train\yawn\326.jpg,326.jpg,yawn,640,480,3,RGB,1.3333,86.02,True,4d63af12d66d66525a40bcb055491740,SIM_2141,validation
D:\driver-drowsiness-detection\dataset\train\yawn\327.jpg,327.jpg,yawn,640,480,3,RGB,1.3333,84.74,True,f6ad0f70c76205afccd9641cb2487bd1,SIM_2142,train
D:\driver-drowsiness-detection\dataset\train\yawn\328.jpg,328.jpg,yawn,640,480,3,RGB,1.3333,87.37,True,5b91a8180b2cc2f101e0ade8514bf0e3,SIM_2143,train
D:\driver-drowsiness-detection\dataset\train\yawn\329.jpg,329.jpg,yawn,640,480,3,RGB,1.3333,87.54,True,a7c22d268bac43bbc01e4a43bb200cc1,SIM_2144,train
D:\driver-drowsiness-detection\dataset\train\yawn\33.jpg,33.jpg,yawn,640,480,3,RGB,1.3333,88.08,True,155b3cf8672dadf4bcda6dc05a991869,SIM_2087,validation
D:\driver-drowsiness-detection\dataset\train\yawn\330.jpg,330.jpg,yawn,640,480,3,RGB,1.3333,87.48,True,ba884e8670d99d14ed2ff4ee585f3142,SIM_2143,train
D:\driver-drowsiness-detection\dataset\train\yawn\331.jpg,331.jpg,yawn,640,480,3,RGB,1.3333,79.84,True,5ff4a863932cf0c612f7e1976ae60e1b,SIM_2145,train
D:\driver-drowsiness-detection\dataset\train\yawn\332.jpg,332.jpg,yawn,640,480,3,RGB,1.3333,85.25,True,c0efe9fd0d13b469a022398a6ea8f41c,SIM_2143,train
D:\driver-drowsiness-detection\dataset\train\yawn\333.jpg,333.jpg,yawn,640,480,3,RGB,1.3333,81.83,True,a96938f9743b73aac342a53540721b7f,SIM_2145,train
D:\driver-drowsiness-detection\dataset\train\yawn\334.jpg,334.jpg,yawn,640,480,3,RGB,1.3333,85.39,True,9042c05f06fb60fcd14085017f6c7117,SIM_2146,train
D:\driver-drowsiness-detection\dataset\train\yawn\335.jpg,335.jpg,yawn,640,480,3,RGB,1.3333,84.22,True,bf857a1884c6bd6cf9235591e8e7bae8,SIM_2147,test
D:\driver-drowsiness-detection\dataset\train\yawn\336.jpg,336.jpg,yawn,640,480,3,RGB,1.3333,73.52,True,0569efe4651bd3a21c36f2d05cb904ea,SIM_2148,train
D:\driver-drowsiness-detection\dataset\train\yawn\337.jpg,337.jpg,yawn,640,480,3,RGB,1.3333,77.49,True,92fdaea8c07a6d90b1141efb3cd7d760,SIM_2149,validation
D:\driver-drowsiness-detection\dataset\train\yawn\338.jpg,338.jpg,yawn,640,480,3,RGB,1.3333,78.71,True,203c18c56dc36d3ec572a15246b04b87,SIM_2150,train
D:\driver-drowsiness-detection\dataset\train\yawn\339.jpg,339.jpg,yawn,640,480,3,RGB,1.3333,76.44,True,9c9dab5d30a5dd462f19f608769be829,SIM_2151,train
D:\driver-drowsiness-detection\dataset\train\yawn\34.jpg,34.jpg,yawn,640,480,3,RGB,1.3333,87.83,True,7962ca6c474440abb8e70e8088f56726,SIM_2087,validation
D:\driver-drowsiness-detection\dataset\train\yawn\340.jpg,340.jpg,yawn,640,480,3,RGB,1.3333,76.03,True,a88c668210790afc457766e7bbc2c1d6,SIM_2152,train
D:\driver-drowsiness-detection\dataset\train\yawn\341.jpg,341.jpg,yawn,640,480,3,RGB,1.3333,76.58,True,ea0cc836951268649a5068716c920413,SIM_2153,train
D:\driver-drowsiness-detection\dataset\train\yawn\342.jpg,342.jpg,yawn,640,480,3,RGB,1.3333,76.83,True,176ce9dbb9213644dc6630fbbf352822,SIM_2153,train
D:\driver-drowsiness-detection\dataset\train\yawn\343.jpg,343.jpg,yawn,640,480,3,RGB,1.3333,76.91,True,7985e4eec50e882deba446f379e09665,SIM_2153,train
D:\driver-drowsiness-detection\dataset\train\yawn\344.jpg,344.jpg,yawn,640,480,3,RGB,1.3333,88.36,True,52ebf6ccaf8c1bb2e98cc193df073004,SIM_2154,train
D:\driver-drowsiness-detection\dataset\train\yawn\345.jpg,345.jpg,yawn,640,480,3,RGB,1.3333,90.17,True,f74f0d941dc962c623ecdcf726fe6420,SIM_2155,train
D:\driver-drowsiness-detection\dataset\train\yawn\346.jpg,346.jpg,yawn,640,480,3,RGB,1.3333,90.72,True,2303390cdead3a98444251895dcb7677,SIM_2156,validation
D:\driver-drowsiness-detection\dataset\train\yawn\347.jpg,347.jpg,yawn,640,480,3,RGB,1.3333,91.45,True,3c97ce5d21f09905bb36c26ccfd8b730,SIM_2157,train
D:\driver-drowsiness-detection\dataset\train\yawn\348.jpg,348.jpg,yawn,640,480,3,RGB,1.3333,89.58,True,9b98312447883b3739e29137476c1ca0,SIM_2158,validation
D:\driver-drowsiness-detection\dataset\train\yawn\349.jpg,349.jpg,yawn,640,480,3,RGB,1.3333,89.63,True,e9d49c1d2fc4b77cb07bbf4405de75b3,SIM_2159,train
D:\driver-drowsiness-detection\dataset\train\yawn\35.jpg,35.jpg,yawn,640,480,3,RGB,1.3333,89.3,True,3aed97fa37a92db957b1c6124cd4a3fc,SIM_2078,train
D:\driver-drowsiness-detection\dataset\train\yawn\350.jpg,350.jpg,yawn,640,480,3,RGB,1.3333,91.37,True,2aa48b5247f4e4c2496d53518f9b2d16,SIM_2160,train
D:\driver-drowsiness-detection\dataset\train\yawn\351.jpg,351.jpg,yawn,640,480,3,RGB,1.3333,88.45,True,e546a5ce64f22d77db4e17bfbe9f1cc6,SIM_2161,test
D:\driver-drowsiness-detection\dataset\train\yawn\352.jpg,352.jpg,yawn,640,480,3,RGB,1.3333,93.95,True,76354c4e2a174d922517e2fe54dc5c3f,SIM_2162,train
D:\driver-drowsiness-detection\dataset\train\yawn\353.jpg,353.jpg,yawn,640,480,3,RGB,1.3333,91.11,True,e7265df0da449eea8dfc0cf47a735ffd,SIM_2163,test
D:\driver-drowsiness-detection\dataset\train\yawn\354.jpg,354.jpg,yawn,640,480,3,RGB,1.3333,90.0,True,cede9e59344472e1fd9b3135e5728109,SIM_2164,train
D:\driver-drowsiness-detection\dataset\train\yawn\355.jpg,355.jpg,yawn,640,480,3,RGB,1.3333,94.32,True,dce6e2a900fee155a3e719eee1a9c30a,SIM_2165,train
D:\driver-drowsiness-detection\dataset\train\yawn\356.jpg,356.jpg,yawn,640,480,3,RGB,1.3333,94.93,True,9e45a8e21bc9e52e97d24fc8e09a7df2,SIM_2166,train
D:\driver-drowsiness-detection\dataset\train\yawn\357.jpg,357.jpg,yawn,640,480,3,RGB,1.3333,84.12,True,2ad17da10cc25d12ea68bf6f32b7c2d5,SIM_2167,train
D:\driver-drowsiness-detection\dataset\train\yawn\358.jpg,358.jpg,yawn,640,480,3,RGB,1.3333,88.0,True,ab747c7cd9bf8c49697b06360670eccf,SIM_2168,train
D:\driver-drowsiness-detection\dataset\train\yawn\359.jpg,359.jpg,yawn,640,480,3,RGB,1.3333,89.21,True,34c8b9526206cd53632072630041ba7b,SIM_2169,train
D:\driver-drowsiness-detection\dataset\train\yawn\36.jpg,36.jpg,yawn,640,480,3,RGB,1.3333,87.47,True,b19f5f93b3b9d74daadfc82248ee5ce7,SIM_2078,train
D:\driver-drowsiness-detection\dataset\train\yawn\360.jpg,360.jpg,yawn,640,480,3,RGB,1.3333,79.89,True,763a6b5cc482539b5096300a50764b23,SIM_2170,test
D:\driver-drowsiness-detection\dataset\train\yawn\361.jpg,361.jpg,yawn,640,480,3,RGB,1.3333,86.35,True,6b99d194091aad28a824a081218b2594,SIM_2171,train
D:\driver-drowsiness-detection\dataset\train\yawn\362.jpg,362.jpg,yawn,640,480,3,RGB,1.3333,81.58,True,3fb5bdc2b43bb59eaeb35567809aed0c,SIM_2172,train
D:\driver-drowsiness-detection\dataset\train\yawn\363.jpg,363.jpg,yawn,640,480,3,RGB,1.3333,84.08,True,30af282c19e4e81d21f8090eaafd1ded,SIM_2173,train
D:\driver-drowsiness-detection\dataset\train\yawn\364.jpg,364.jpg,yawn,640,480,3,RGB,1.3333,86.5,True,fb93bbe1d035e363d6f473a4ad18e851,SIM_2174,train
D:\driver-drowsiness-detection\dataset\train\yawn\365.jpg,365.jpg,yawn,640,480,3,RGB,1.3333,84.7,True,583608495b694e3988338e824dfbfffd,SIM_2175,train
D:\driver-drowsiness-detection\dataset\train\yawn\366.jpg,366.jpg,yawn,640,480,3,RGB,1.3333,83.35,True,734d6965bc03310a5204a74a5e5e4a93,SIM_2176,train
D:\driver-drowsiness-detection\dataset\train\yawn\367.jpg,367.jpg,yawn,640,480,3,RGB,1.3333,85.28,True,d53a16419502e747c487d5dcabd21b34,SIM_2177,train
D:\driver-drowsiness-detection\dataset\train\yawn\368.jpg,368.jpg,yawn,640,480,3,RGB,1.3333,80.4,True,a539e0aef43630c0af595fc0e3324e1b,SIM_2178,train
D:\driver-drowsiness-detection\dataset\train\yawn\369.jpg,369.jpg,yawn,640,480,3,RGB,1.3333,84.76,True,89a80b19018a86ef2b9dd781781e9a54,SIM_2179,train
D:\driver-drowsiness-detection\dataset\train\yawn\37.jpg,37.jpg,yawn,640,480,3,RGB,1.3333,87.94,True,04c3ca1367ff2d2f70f2d9e6368fa217,SIM_2087,validation
D:\driver-drowsiness-detection\dataset\train\yawn\370.jpg,370.jpg,yawn,640,480,3,RGB,1.3333,82.8,True,6b44c584091c53ddaa4d9fca7983d1e3,SIM_2180,validation
D:\driver-drowsiness-detection\dataset\train\yawn\371.jpg,371.jpg,yawn,640,480,3,RGB,1.3333,85.98,True,210616701218d7e2d460a1acd6d27fa7,SIM_2181,train
D:\driver-drowsiness-detection\dataset\train\yawn\372.jpg,372.jpg,yawn,640,480,3,RGB,1.3333,87.79,True,e44627e12f2347c61eeab3142e1d8af7,SIM_2182,validation
D:\driver-drowsiness-detection\dataset\train\yawn\373.jpg,373.jpg,yawn,640,480,3,RGB,1.3333,86.29,True,b59a224a97a1d371938d7cac4dead8a4,SIM_2183,test
D:\driver-drowsiness-detection\dataset\train\yawn\374.jpg,374.jpg,yawn,640,480,3,RGB,1.3333,88.48,True,ad7dc5d43b9565c7a02274f0f76f1a52,SIM_2184,validation
D:\driver-drowsiness-detection\dataset\train\yawn\375.jpg,375.jpg,yawn,640,480,3,RGB,1.3333,86.44,True,67f29ec23fb2894a3fe00ec326cfa676,SIM_2185,train
D:\driver-drowsiness-detection\dataset\train\yawn\376.jpg,376.jpg,yawn,640,480,3,RGB,1.3333,85.73,True,d1037ae05c99e0f7d249b684a916ca18,SIM_2186,train
D:\driver-drowsiness-detection\dataset\train\yawn\377.jpg,377.jpg,yawn,640,480,3,RGB,1.3333,90.35,True,999ac2f139cf0d86cde304a9a951fb3e,SIM_2187,train
D:\driver-drowsiness-detection\dataset\train\yawn\378.jpg,378.jpg,yawn,640,480,3,RGB,1.3333,89.25,True,1c8a95204aabdcb20f86072954c45627,SIM_2188,validation
D:\driver-drowsiness-detection\dataset\train\yawn\379.jpg,379.jpg,yawn,640,480,3,RGB,1.3333,87.64,True,b63f670dc0f9f44771ca446f956b468f,SIM_2189,train
D:\driver-drowsiness-detection\dataset\train\yawn\38.jpg,38.jpg,yawn,640,480,3,RGB,1.3333,87.82,True,34d824bf53afd3200e0428fc2194e4cd,SIM_2087,validation
D:\driver-drowsiness-detection\dataset\train\yawn\380.jpg,380.jpg,yawn,640,480,3,RGB,1.3333,82.94,True,53c5ec5e7d3f3465f4145e2853dc4fd6,SIM_2190,train
D:\driver-drowsiness-detection\dataset\train\yawn\381.jpg,381.jpg,yawn,640,480,3,RGB,1.3333,83.69,True,48f896d73ffd8c2de1c4aec966ae1960,SIM_2191,train
D:\driver-drowsiness-detection\dataset\train\yawn\382.jpg,382.jpg,yawn,640,480,3,RGB,1.3333,84.11,True,acf4f21c2d6011e4734b8cd55d604f82,SIM_2192,test
D:\driver-drowsiness-detection\dataset\train\yawn\383.jpg,383.jpg,yawn,640,480,3,RGB,1.3333,73.91,True,156d7726476ea4955a27ab26e933a478,SIM_2193,train
D:\driver-drowsiness-detection\dataset\train\yawn\384.jpg,384.jpg,yawn,640,480,3,RGB,1.3333,77.73,True,189da03ef1d46142ed1389cb0c197732,SIM_2194,train
D:\driver-drowsiness-detection\dataset\train\yawn\385.jpg,385.jpg,yawn,640,480,3,RGB,1.3333,78.13,True,8c7fd9a5bfb809fdcbf5f8034bb17c8d,SIM_2195,train
D:\driver-drowsiness-detection\dataset\train\yawn\386.jpg,386.jpg,yawn,640,480,3,RGB,1.3333,77.7,True,7b0a8592b942b7fe5d04840a77c8b24d,SIM_2196,validation
D:\driver-drowsiness-detection\dataset\train\yawn\387.jpg,387.jpg,yawn,640,480,3,RGB,1.3333,91.02,True,8c4faf1d09f24b7111103bbc9c4a74f2,SIM_2197,train
D:\driver-drowsiness-detection\dataset\train\yawn\388.jpg,388.jpg,yawn,640,480,3,RGB,1.3333,92.32,True,23ac5b90d7256f3a7b079eb55a62c948,SIM_2198,train
D:\driver-drowsiness-detection\dataset\train\yawn\389.jpg,389.jpg,yawn,640,480,3,RGB,1.3333,93.54,True,b4c7f89a98872bb1fad132a84c9a9696,SIM_2198,train
D:\driver-drowsiness-detection\dataset\train\yawn\39.jpg,39.jpg,yawn,640,480,3,RGB,1.3333,87.45,True,182e0ebd7ca2c45ad8379478093a2690,SIM_2098,train
D:\driver-drowsiness-detection\dataset\train\yawn\390.jpg,390.jpg,yawn,640,480,3,RGB,1.3333,88.62,True,13eb9f02777558bc0139af209889a8fd,SIM_2199,test
D:\driver-drowsiness-detection\dataset\train\yawn\391.jpg,391.jpg,yawn,640,480,3,RGB,1.3333,90.18,True,dcc2cc730e0144ce7b7c9cc882a08520,SIM_2200,test
D:\driver-drowsiness-detection\dataset\train\yawn\392.jpg,392.jpg,yawn,640,480,3,RGB,1.3333,88.58,True,088329c7c67a1f6f4c201871ff751a23,SIM_2201,test
D:\driver-drowsiness-detection\dataset\train\yawn\393.jpg,393.jpg,yawn,640,480,3,RGB,1.3333,88.82,True,473a843d604f4ac680dff1c8279ac21f,SIM_2202,train
D:\driver-drowsiness-detection\dataset\train\yawn\394.jpg,394.jpg,yawn,640,480,3,RGB,1.3333,86.75,True,6a94ffc060a0f755d9a4b530e036ffff,SIM_2203,train
D:\driver-drowsiness-detection\dataset\train\yawn\395.jpg,395.jpg,yawn,640,480,3,RGB,1.3333,87.51,True,6da0ee8b61c418027fb94d16af0a00e5,SIM_2204,train
D:\driver-drowsiness-detection\dataset\train\yawn\396.jpg,396.jpg,yawn,640,480,3,RGB,1.3333,87.3,True,ae59f5d3b253f87284367a52282ab48e,SIM_2204,train
D:\driver-drowsiness-detection\dataset\train\yawn\397.jpg,397.jpg,yawn,640,480,3,RGB,1.3333,83.82,True,d8a3cc5e649231ab1bd89b2075f76294,SIM_2205,train
D:\driver-drowsiness-detection\dataset\train\yawn\398.jpg,398.jpg,yawn,640,480,3,RGB,1.3333,85.32,True,629a4c3cb76a3a79bdb46c156d60e058,SIM_2205,train
D:\driver-drowsiness-detection\dataset\train\yawn\399.jpg,399.jpg,yawn,640,480,3,RGB,1.3333,86.18,True,c7ad87aae0e82689abe23770e0f0aefb,SIM_2205,train
D:\driver-drowsiness-detection\dataset\train\yawn\4.jpg,4.jpg,yawn,640,480,3,RGB,1.3333,91.87,True,d9bc550679585b4e91c42f43f0796413,SIM_1973,train
D:\driver-drowsiness-detection\dataset\train\yawn\40.jpg,40.jpg,yawn,640,480,3,RGB,1.3333,88.01,True,4b561e904635fd99325a7e8f04fc38ae,SIM_2087,validation
D:\driver-drowsiness-detection\dataset\train\yawn\400.jpg,400.jpg,yawn,640,480,3,RGB,1.3333,86.38,True,e0ed5f5b184915436cbd0ced8eb68046,SIM_2205,train
D:\driver-drowsiness-detection\dataset\train\yawn\401.jpg,401.jpg,yawn,640,480,3,RGB,1.3333,86.61,True,2fd6f2a207cec1af47afef83f3a88caf,SIM_2205,train
D:\driver-drowsiness-detection\dataset\train\yawn\402.jpg,402.jpg,yawn,640,480,3,RGB,1.3333,83.47,True,08cddd9179bb943a0e42589461bdf9bd,SIM_2205,train
D:\driver-drowsiness-detection\dataset\train\yawn\403.jpg,403.jpg,yawn,640,480,3,RGB,1.3333,84.95,True,54b2363a833991a419acefd4faa761ac,SIM_2206,test
D:\driver-drowsiness-detection\dataset\train\yawn\404.jpg,404.jpg,yawn,640,480,3,RGB,1.3333,85.66,True,4635a971f6a6b633312c977c9cb8a0cf,SIM_2207,train
D:\driver-drowsiness-detection\dataset\train\yawn\405.jpg,405.jpg,yawn,640,480,3,RGB,1.3333,86.62,True,5a51d1b3a1b99c204237fc497eceb977,SIM_2208,train
D:\driver-drowsiness-detection\dataset\train\yawn\406.jpg,406.jpg,yawn,640,480,3,RGB,1.3333,86.8,True,712ca5e3b81d3c6a2b34644e5bebab6c,SIM_2208,train
D:\driver-drowsiness-detection\dataset\train\yawn\407.jpg,407.jpg,yawn,640,480,3,RGB,1.3333,84.31,True,46d8e3dc974baeae0987415fbd4c088e,SIM_2209,train
D:\driver-drowsiness-detection\dataset\train\yawn\408.jpg,408.jpg,yawn,640,480,3,RGB,1.3333,85.84,True,626310b7a711554363288a4e010e4bab,SIM_2210,train
D:\driver-drowsiness-detection\dataset\train\yawn\409.jpg,409.jpg,yawn,640,480,3,RGB,1.3333,87.04,True,f5c5675d0222c65fb659c3e3c84c9c21,SIM_2210,train
D:\driver-drowsiness-detection\dataset\train\yawn\41.jpg,41.jpg,yawn,640,480,3,RGB,1.3333,72.46,True,4361257f5c023810aa44b9f49e21de8c,SIM_2211,train
D:\driver-drowsiness-detection\dataset\train\yawn\410.jpg,410.jpg,yawn,640,480,3,RGB,1.3333,87.53,True,8cfc544cc61d9ff9b5fe4f005652e9f5,SIM_2210,train
D:\driver-drowsiness-detection\dataset\train\yawn\411.jpg,411.jpg,yawn,640,480,3,RGB,1.3333,88.1,True,8740e1b1e1efdb7763b9c8d2ff9730de,SIM_2210,train
D:\driver-drowsiness-detection\dataset\train\yawn\412.jpg,412.jpg,yawn,640,480,3,RGB,1.3333,84.21,True,6c17783cec3e95124d5b1cdb3c9e0707,SIM_2209,train
D:\driver-drowsiness-detection\dataset\train\yawn\413.jpg,413.jpg,yawn,640,480,3,RGB,1.3333,74.66,True,c322b0ff58b971627d8eed912553a44b,SIM_0804,validation
D:\driver-drowsiness-detection\dataset\train\yawn\414.jpg,414.jpg,yawn,640,480,3,RGB,1.3333,75.04,True,77acd2ff76c1a269f921f0165ee7f24f,SIM_2212,train
D:\driver-drowsiness-detection\dataset\train\yawn\415.jpg,415.jpg,yawn,640,480,3,RGB,1.3333,74.85,True,d783a05aba62c44629a885ca53d21ba6,SIM_0804,validation
D:\driver-drowsiness-detection\dataset\train\yawn\416.jpg,416.jpg,yawn,640,480,3,RGB,1.3333,74.52,True,f08d917d848a4c6c4b28812c924a1e05,SIM_2213,validation
D:\driver-drowsiness-detection\dataset\train\yawn\417.jpg,417.jpg,yawn,640,480,3,RGB,1.3333,74.91,True,0194517ab2a63d1bffb7a63e35c4686c,SIM_2214,train
D:\driver-drowsiness-detection\dataset\train\yawn\418.jpg,418.jpg,yawn,640,480,3,RGB,1.3333,72.91,True,b7746f7501d06a4752ca9f7960a692ec,SIM_2215,test
D:\driver-drowsiness-detection\dataset\train\yawn\419.jpg,419.jpg,yawn,640,480,3,RGB,1.3333,74.98,True,f8ad5720374982cd03919d293e25354b,SIM_2216,train
D:\driver-drowsiness-detection\dataset\train\yawn\42.jpg,42.jpg,yawn,640,480,3,RGB,1.3333,74.85,True,2ce2aa1480f72bf1b986ef962d7bb6ca,SIM_2217,train
D:\driver-drowsiness-detection\dataset\train\yawn\420.jpg,420.jpg,yawn,640,480,3,RGB,1.3333,77.05,True,19d3e40621a8ec9a1c731a30be02ddbb,SIM_2218,train
D:\driver-drowsiness-detection\dataset\train\yawn\421.jpg,421.jpg,yawn,640,480,3,RGB,1.3333,77.7,True,5e4a197d7e09807682c9ea34b3c8eeeb,SIM_2218,train
D:\driver-drowsiness-detection\dataset\train\yawn\422.jpg,422.jpg,yawn,640,480,3,RGB,1.3333,77.43,True,30af4aa4a209ecb2f58fdd6d7ea04019,SIM_2218,train
D:\driver-drowsiness-detection\dataset\train\yawn\423.jpg,423.jpg,yawn,640,480,3,RGB,1.3333,66.78,True,6b67fc3c4ecd19bc400d9ce6d3661661,SIM_2219,validation
D:\driver-drowsiness-detection\dataset\train\yawn\424.jpg,424.jpg,yawn,640,480,3,RGB,1.3333,83.74,True,c08df38e7879a9109b444ca0276fe576,SIM_2220,train
D:\driver-drowsiness-detection\dataset\train\yawn\425.jpg,425.jpg,yawn,640,480,3,RGB,1.3333,85.61,True,5d88085cebe38db4ce89f357bcf4365c,SIM_2221,train
D:\driver-drowsiness-detection\dataset\train\yawn\426.jpg,426.jpg,yawn,640,480,3,RGB,1.3333,85.54,True,b33569c9fa55b1e4734db7ede1e2717c,SIM_2221,train
D:\driver-drowsiness-detection\dataset\train\yawn\427.jpg,427.jpg,yawn,640,480,3,RGB,1.3333,71.66,True,920d6c07816ab3fcda406ca5dd190494,SIM_2214,train
D:\driver-drowsiness-detection\dataset\train\yawn\428.jpg,428.jpg,yawn,640,480,3,RGB,1.3333,72.82,True,b66ce1348bc0e255b7c5c496c8669dbd,SIM_2222,train
D:\driver-drowsiness-detection\dataset\train\yawn\429.jpg,429.jpg,yawn,640,480,3,RGB,1.3333,72.07,True,9e83307b3f51cb39c955c86c77c589ed,SIM_2223,validation
D:\driver-drowsiness-detection\dataset\train\yawn\43.jpg,43.jpg,yawn,640,480,3,RGB,1.3333,78.26,True,1ef72f3cc0fbb001d1e549f7fff17df9,SIM_2224,train
D:\driver-drowsiness-detection\dataset\train\yawn\430.jpg,430.jpg,yawn,640,480,3,RGB,1.3333,78.05,True,e4240a0516bdaf1cb8cb089155b9a455,SIM_2225,train
D:\driver-drowsiness-detection\dataset\train\yawn\431.jpg,431.jpg,yawn,640,480,3,RGB,1.3333,78.46,True,e1b12515f39b262c2fa46f0a1884813b,SIM_2226,train
D:\driver-drowsiness-detection\dataset\train\yawn\432.jpg,432.jpg,yawn,640,480,3,RGB,1.3333,80.21,True,b1661e0079a3ebc1fc6f7535579b0b38,SIM_2227,train
D:\driver-drowsiness-detection\dataset\train\yawn\433.jpg,433.jpg,yawn,640,480,3,RGB,1.3333,77.73,True,e0fdd204ce164846f4bd1508dddb9746,SIM_2228,train
D:\driver-drowsiness-detection\dataset\train\yawn\434.jpg,434.jpg,yawn,640,480,3,RGB,1.3333,78.14,True,d45c0ba5a4e20c4df79e822f5d3048d9,SIM_2229,train
D:\driver-drowsiness-detection\dataset\train\yawn\435.jpg,435.jpg,yawn,640,480,3,RGB,1.3333,77.68,True,216dff33909330a1fd2d5850706dfb3b,SIM_2229,train
D:\driver-drowsiness-detection\dataset\train\yawn\436.jpg,436.jpg,yawn,640,480,3,RGB,1.3333,77.03,True,0f7cfd207eaa82d29c4656b1b5d4b614,SIM_2230,train
D:\driver-drowsiness-detection\dataset\train\yawn\437.jpg,437.jpg,yawn,640,480,3,RGB,1.3333,78.02,True,ac69228e945ebbb99e790d3b18238e75,SIM_2231,train
D:\driver-drowsiness-detection\dataset\train\yawn\438.jpg,438.jpg,yawn,640,480,3,RGB,1.3333,77.61,True,cfc9f74538158c43745ca104f64fce0a,SIM_2232,train
D:\driver-drowsiness-detection\dataset\train\yawn\439.jpg,439.jpg,yawn,640,480,3,RGB,1.3333,78.23,True,689c1a0f2aabdc02b51dc4076d897067,SIM_2233,validation
D:\driver-drowsiness-detection\dataset\train\yawn\44.jpg,44.jpg,yawn,640,480,3,RGB,1.3333,79.75,True,e939265656aa06c6ddc8acf08804a4d7,SIM_2234,train
D:\driver-drowsiness-detection\dataset\train\yawn\440.jpg,440.jpg,yawn,640,480,3,RGB,1.3333,77.55,True,a4157b091ed89ec49bee34d04d6b5b03,SIM_2235,validation
D:\driver-drowsiness-detection\dataset\train\yawn\441.jpg,441.jpg,yawn,640,480,3,RGB,1.3333,78.4,True,b921cbe22283301424e25b9d20f4000b,SIM_2236,test
D:\driver-drowsiness-detection\dataset\train\yawn\442.jpg,442.jpg,yawn,640,480,3,RGB,1.3333,80.01,True,547055bb3426dc9684342c991cb7fe00,SIM_2237,test
D:\driver-drowsiness-detection\dataset\train\yawn\443.jpg,443.jpg,yawn,640,480,3,RGB,1.3333,80.13,True,98088b47f3e31b5111959439fdd3ba1c,SIM_2238,test
D:\driver-drowsiness-detection\dataset\train\yawn\444.jpg,444.jpg,yawn,640,480,3,RGB,1.3333,76.84,True,f863506b9c2abbc50f6685579928737b,SIM_2239,train
D:\driver-drowsiness-detection\dataset\train\yawn\445.jpg,445.jpg,yawn,640,480,3,RGB,1.3333,78.59,True,059cb7e52dac8350ff74f45f68c8f523,SIM_2240,train
D:\driver-drowsiness-detection\dataset\train\yawn\446.jpg,446.jpg,yawn,640,480,3,RGB,1.3333,79.03,True,59f1e51277eb5f3a09911a834f260efc,SIM_2241,train
D:\driver-drowsiness-detection\dataset\train\yawn\447.jpg,447.jpg,yawn,640,480,3,RGB,1.3333,80.9,True,4aef8bc2d8897a0a4390162b6d6d756c,SIM_2242,train
D:\driver-drowsiness-detection\dataset\train\yawn\448.jpg,448.jpg,yawn,640,480,3,RGB,1.3333,75.65,True,db1f10525bae17abb1aaec86f53087ae,SIM_2243,test
D:\driver-drowsiness-detection\dataset\train\yawn\449.jpg,449.jpg,yawn,640,480,3,RGB,1.3333,78.47,True,3324c0f33a9d582d0d13b10cca92a1a5,SIM_2244,train
D:\driver-drowsiness-detection\dataset\train\yawn\45.jpg,45.jpg,yawn,640,480,3,RGB,1.3333,82.18,True,429135d1a2b5f419421f788e7c6d76eb,SIM_2245,train
D:\driver-drowsiness-detection\dataset\train\yawn\450.jpg,450.jpg,yawn,640,480,3,RGB,1.3333,79.29,True,9383d620bed9acdbc199ad2c163f360d,SIM_2246,validation
D:\driver-drowsiness-detection\dataset\train\yawn\451.jpg,451.jpg,yawn,640,480,3,RGB,1.3333,79.4,True,ba4c56affb906ec594e370826057c51f,SIM_2244,train
D:\driver-drowsiness-detection\dataset\train\yawn\452.jpg,452.jpg,yawn,640,480,3,RGB,1.3333,79.91,True,fba292e0caa87c2ff3b6a03eb1b6c99a,SIM_2247,train
D:\driver-drowsiness-detection\dataset\train\yawn\453.jpg,453.jpg,yawn,640,480,3,RGB,1.3333,78.9,True,ce889984c705a08a1d2ac1cf5804afe9,SIM_2248,train
D:\driver-drowsiness-detection\dataset\train\yawn\454.jpg,454.jpg,yawn,640,480,3,RGB,1.3333,81.13,True,384c009930c17820801f2e6540f549ac,SIM_2249,validation
D:\driver-drowsiness-detection\dataset\train\yawn\455.jpg,455.jpg,yawn,640,480,3,RGB,1.3333,79.29,True,ef4e14485bf25b2c23c209c0607b4dea,SIM_2250,train
D:\driver-drowsiness-detection\dataset\train\yawn\456.jpg,456.jpg,yawn,640,480,3,RGB,1.3333,80.52,True,06ce9b4d5cdbfb9a47c6951e5526c963,SIM_2251,train
D:\driver-drowsiness-detection\dataset\train\yawn\457.jpg,457.jpg,yawn,640,480,3,RGB,1.3333,81.32,True,fead9a0047a7273031ce1e04552dcd87,SIM_2252,test
D:\driver-drowsiness-detection\dataset\train\yawn\458.jpg,458.jpg,yawn,640,480,3,RGB,1.3333,77.72,True,442c0a9eda5f5ad5bc5c0945716c1a24,SIM_2253,train
D:\driver-drowsiness-detection\dataset\train\yawn\459.jpg,459.jpg,yawn,640,480,3,RGB,1.3333,79.8,True,08561defdb5821a7dd7d493ae5a23de6,SIM_2254,test
D:\driver-drowsiness-detection\dataset\train\yawn\46.jpg,46.jpg,yawn,640,480,3,RGB,1.3333,83.56,True,97770a2c0c95c6a6da218e47be98f7f5,SIM_2255,validation
D:\driver-drowsiness-detection\dataset\train\yawn\460.jpg,460.jpg,yawn,640,480,3,RGB,1.3333,79.62,True,921f50c363cfbbd79aa55fbcb22eeff3,SIM_2256,test
D:\driver-drowsiness-detection\dataset\train\yawn\461.jpg,461.jpg,yawn,640,480,3,RGB,1.3333,79.71,True,a024deb3c6e8505047b6c23ea52a6c0a,SIM_2257,validation
D:\driver-drowsiness-detection\dataset\train\yawn\462.jpg,462.jpg,yawn,640,480,3,RGB,1.3333,81.42,True,bf0e10a45ddb15e6b01221c3dff6b2b3,SIM_2258,validation
D:\driver-drowsiness-detection\dataset\train\yawn\463.jpg,463.jpg,yawn,640,480,3,RGB,1.3333,77.54,True,15e6787233ad8b776ab70f122c5f94bd,SIM_2259,train
D:\driver-drowsiness-detection\dataset\train\yawn\464.jpg,464.jpg,yawn,640,480,3,RGB,1.3333,88.45,True,285b3513d1fb356957e756cd27ccd742,SIM_2260,train
D:\driver-drowsiness-detection\dataset\train\yawn\465.jpg,465.jpg,yawn,640,480,3,RGB,1.3333,84.86,True,66fed7d64136bfb665bf58b59b6d0a17,SIM_2261,train
D:\driver-drowsiness-detection\dataset\train\yawn\466.jpg,466.jpg,yawn,640,480,3,RGB,1.3333,89.4,True,815868a52688fc9670002a8ca45c14ee,SIM_2262,train
D:\driver-drowsiness-detection\dataset\train\yawn\467.jpg,467.jpg,yawn,640,480,3,RGB,1.3333,87.85,True,2798a95222b8292ecb675520e7e30f13,SIM_2261,train
D:\driver-drowsiness-detection\dataset\train\yawn\468.jpg,468.jpg,yawn,640,480,3,RGB,1.3333,81.25,True,b4e1a1089c34aacab6a1d95274edcdad,SIM_2263,train
D:\driver-drowsiness-detection\dataset\train\yawn\469.jpg,469.jpg,yawn,640,480,3,RGB,1.3333,83.59,True,290cc24a618dda907be4d8a543a6e779,SIM_2264,test
D:\driver-drowsiness-detection\dataset\train\yawn\47.jpg,47.jpg,yawn,640,480,3,RGB,1.3333,83.91,True,121abb79a72b697e248eafe92f975151,SIM_2265,test
D:\driver-drowsiness-detection\dataset\train\yawn\470.jpg,470.jpg,yawn,640,480,3,RGB,1.3333,85.05,True,407936bc565fa42d72085c61496a6982,SIM_2266,train
D:\driver-drowsiness-detection\dataset\train\yawn\471.jpg,471.jpg,yawn,640,480,3,RGB,1.3333,85.23,True,51b2e80595c58fa1518b0faa95ae45f3,SIM_2266,train
D:\driver-drowsiness-detection\dataset\train\yawn\472.jpg,472.jpg,yawn,640,480,3,RGB,1.3333,86.75,True,b9a440e08103916645fa5474e03e9d6f,SIM_2266,train
D:\driver-drowsiness-detection\dataset\train\yawn\473.jpg,473.jpg,yawn,640,480,3,RGB,1.3333,82.35,True,9837598449dbd2791e0732a557d96c24,SIM_2267,train
D:\driver-drowsiness-detection\dataset\train\yawn\474.jpg,474.jpg,yawn,640,480,3,RGB,1.3333,84.01,True,081e08ea23422efd79602738f17e8930,SIM_2267,train
D:\driver-drowsiness-detection\dataset\train\yawn\475.jpg,475.jpg,yawn,640,480,3,RGB,1.3333,81.64,True,d8f36b40143567fbb24ee5b6082423ed,SIM_2268,test
D:\driver-drowsiness-detection\dataset\train\yawn\476.jpg,476.jpg,yawn,640,480,3,RGB,1.3333,83.64,True,d1a5673cbf492c66f13db17232e1b64d,SIM_2269,train
D:\driver-drowsiness-detection\dataset\train\yawn\477.jpg,477.jpg,yawn,640,480,3,RGB,1.3333,85.65,True,61716e3168d8aeef1bedae92aee868c0,SIM_2270,validation
D:\driver-drowsiness-detection\dataset\train\yawn\478.jpg,478.jpg,yawn,640,480,3,RGB,1.3333,85.61,True,8b4c1b73fb2d1a4e7387a7c9f117d976,SIM_2271,train
D:\driver-drowsiness-detection\dataset\train\yawn\479.jpg,479.jpg,yawn,640,480,3,RGB,1.3333,85.37,True,60e94dfe150163c53554f7a4a27416d5,SIM_2271,train
D:\driver-drowsiness-detection\dataset\train\yawn\48.jpg,48.jpg,yawn,640,480,3,RGB,1.3333,85.29,True,e750419f78c11c57e487423243607a3d,SIM_2272,train
D:\driver-drowsiness-detection\dataset\train\yawn\480.jpg,480.jpg,yawn,640,480,3,RGB,1.3333,83.6,True,6cfb246eefd49abad43d8014a9a8589f,SIM_2271,train
D:\driver-drowsiness-detection\dataset\train\yawn\481.jpg,481.jpg,yawn,640,480,3,RGB,1.3333,83.79,True,4934c84496c3cf574199851f4ef93beb,SIM_2271,train
D:\driver-drowsiness-detection\dataset\train\yawn\482.jpg,482.jpg,yawn,640,480,3,RGB,1.3333,69.16,True,d0713ee014d2adc75cc9a01eaaebdc48,SIM_2273,test
D:\driver-drowsiness-detection\dataset\train\yawn\483.jpg,483.jpg,yawn,640,480,3,RGB,1.3333,73.37,True,331418a797d8f9ba7c5ba70610a8c0c9,SIM_2274,train
D:\driver-drowsiness-detection\dataset\train\yawn\484.jpg,484.jpg,yawn,640,480,3,RGB,1.3333,73.69,True,c04809e3d854df519250610a526ef7d4,SIM_2275,train
D:\driver-drowsiness-detection\dataset\train\yawn\485.jpg,485.jpg,yawn,640,480,3,RGB,1.3333,71.68,True,9fc36e7a3c24e424c9e84dfc1f8221d5,SIM_2276,train
D:\driver-drowsiness-detection\dataset\train\yawn\486.jpg,486.jpg,yawn,640,480,3,RGB,1.3333,71.95,True,4003b429e4831f67b11473767a786f09,SIM_2277,train
D:\driver-drowsiness-detection\dataset\train\yawn\487.jpg,487.jpg,yawn,640,480,3,RGB,1.3333,72.59,True,ef110517973ec3604ab4532a536758a4,SIM_2278,train
D:\driver-drowsiness-detection\dataset\train\yawn\488.jpg,488.jpg,yawn,640,480,3,RGB,1.3333,69.69,True,4c9c9b3572ba5cd645b23e2f14a8ac87,SIM_2279,test
D:\driver-drowsiness-detection\dataset\train\yawn\489.jpg,489.jpg,yawn,640,480,3,RGB,1.3333,72.56,True,4a9e1b47dac4450076ee5434fa3adf8b,SIM_2280,validation
D:\driver-drowsiness-detection\dataset\train\yawn\49.jpg,49.jpg,yawn,640,480,3,RGB,1.3333,78.51,True,cc17c493c8deba2bb880ac95e98de15c,SIM_2281,train
D:\driver-drowsiness-detection\dataset\train\yawn\490.jpg,490.jpg,yawn,640,480,3,RGB,1.3333,71.95,True,2de44dd0d56f603a8aaa45db150553e5,SIM_2282,train
D:\driver-drowsiness-detection\dataset\train\yawn\491.jpg,491.jpg,yawn,640,480,3,RGB,1.3333,73.6,True,e2a4db94a8baa48ee854676a89fa54c9,SIM_2283,train
D:\driver-drowsiness-detection\dataset\train\yawn\492.jpg,492.jpg,yawn,640,480,3,RGB,1.3333,72.36,True,6fa3808d114e0958f3c35a1abbd42d93,SIM_2284,train
D:\driver-drowsiness-detection\dataset\train\yawn\493.jpg,493.jpg,yawn,640,480,3,RGB,1.3333,83.13,True,05e0c59894b0152b4a2022a786f86a3e,SIM_2285,train
D:\driver-drowsiness-detection\dataset\train\yawn\494.jpg,494.jpg,yawn,640,480,3,RGB,1.3333,86.29,True,99a5cfaaec1ebde6d8488efd724efdb5,SIM_2286,validation
D:\driver-drowsiness-detection\dataset\train\yawn\495.jpg,495.jpg,yawn,640,480,3,RGB,1.3333,87.07,True,6fcec22ccb5bf7061389919ae8153566,SIM_2287,train
D:\driver-drowsiness-detection\dataset\train\yawn\496.jpg,496.jpg,yawn,640,480,3,RGB,1.3333,85.59,True,2aafe8c99c4259ddb1ec2e1dfd112cc5,SIM_2288,train
D:\driver-drowsiness-detection\dataset\train\yawn\497.jpg,497.jpg,yawn,640,480,3,RGB,1.3333,85.06,True,d1d8528b0448699e4786c04e48e252e7,SIM_2289,train
D:\driver-drowsiness-detection\dataset\train\yawn\498.jpg,498.jpg,yawn,640,480,3,RGB,1.3333,86.06,True,4e31125e14ae0bb72c789e720d3b0f3a,SIM_2290,train
D:\driver-drowsiness-detection\dataset\train\yawn\499.jpg,499.jpg,yawn,640,480,3,RGB,1.3333,84.64,True,687038e05da38361dfb23ac37110efda,SIM_2291,test
D:\driver-drowsiness-detection\dataset\train\yawn\5.jpg,5.jpg,yawn,640,480,3,RGB,1.3333,92.58,True,eb87cd32d47217088e967ba40464bd7f,SIM_2292,validation
D:\driver-drowsiness-detection\dataset\train\yawn\50.jpg,50.jpg,yawn,640,480,3,RGB,1.3333,82.91,True,ab318c7d32bc4fa02255ea4220cf7ae8,SIM_2293,train
D:\driver-drowsiness-detection\dataset\train\yawn\500.jpg,500.jpg,yawn,640,480,3,RGB,1.3333,86.33,True,d2deac536246a8ef98c9e557df7cd337,SIM_2294,test
D:\driver-drowsiness-detection\dataset\train\yawn\501.jpg,501.jpg,yawn,640,480,3,RGB,1.3333,87.49,True,7ba66a1b56951065daafbb48bb97459d,SIM_2295,test
D:\driver-drowsiness-detection\dataset\train\yawn\502.jpg,502.jpg,yawn,640,480,3,RGB,1.3333,82.71,True,6bd3d3be44a6c29ba9a1c0277732bd8f,SIM_2296,train
D:\driver-drowsiness-detection\dataset\train\yawn\503.jpg,503.jpg,yawn,640,480,3,RGB,1.3333,85.51,True,5cdc04e182fde1d396bfa01406efa250,SIM_2297,validation
D:\driver-drowsiness-detection\dataset\train\yawn\504.jpg,504.jpg,yawn,640,480,3,RGB,1.3333,85.2,True,022a307b3f0999d99b5e7c4cce28db8f,SIM_2298,train
D:\driver-drowsiness-detection\dataset\train\yawn\505.jpg,505.jpg,yawn,640,480,3,RGB,1.3333,87.63,True,972a9766995cb390b028f2d6fc75139f,SIM_2299,train
D:\driver-drowsiness-detection\dataset\train\yawn\506.jpg,506.jpg,yawn,640,480,3,RGB,1.3333,80.84,True,a203f32caab0472da74d6ba03ceba028,SIM_2300,train
D:\driver-drowsiness-detection\dataset\train\yawn\507.jpg,507.jpg,yawn,640,480,3,RGB,1.3333,86.1,True,2a580011eb76b50df7511e84b00e12f8,SIM_2301,test
D:\driver-drowsiness-detection\dataset\train\yawn\508.jpg,508.jpg,yawn,640,480,3,RGB,1.3333,88.07,True,dce6f72181473bcc228448814b1e940c,SIM_2301,test
D:\driver-drowsiness-detection\dataset\train\yawn\509.jpg,509.jpg,yawn,640,480,3,RGB,1.3333,87.85,True,5b248c0b66d9110e8636c7ee2b482aff,SIM_2302,train
D:\driver-drowsiness-detection\dataset\train\yawn\51.jpg,51.jpg,yawn,640,480,3,RGB,1.3333,83.32,True,45c250871b9cd60226bc578c7d921d94,SIM_2303,train
D:\driver-drowsiness-detection\dataset\train\yawn\510.jpg,510.jpg,yawn,640,480,3,RGB,1.3333,87.09,True,ba929c3a7b369ecac2711d10d28b052d,SIM_2304,train
D:\driver-drowsiness-detection\dataset\train\yawn\511.jpg,511.jpg,yawn,640,480,3,RGB,1.3333,87.68,True,305e8ecfe8f3d4453a5ab2e62fc884b0,SIM_2305,validation
D:\driver-drowsiness-detection\dataset\train\yawn\512.jpg,512.jpg,yawn,640,480,3,RGB,1.3333,92.73,True,64664230aac78dc74ab464097320cf40,SIM_2306,validation
D:\driver-drowsiness-detection\dataset\train\yawn\513.jpg,513.jpg,yawn,640,480,3,RGB,1.3333,74.49,True,a64ef21d1b78099f6854012d10fde893,SIM_2307,validation
D:\driver-drowsiness-detection\dataset\train\yawn\514.jpg,514.jpg,yawn,640,480,3,RGB,1.3333,76.75,True,ca81db3efda716df8a73cf730432676d,SIM_2308,train
D:\driver-drowsiness-detection\dataset\train\yawn\515.jpg,515.jpg,yawn,640,480,3,RGB,1.3333,77.03,True,6c058234f4b699fa8ae088fd747cc50d,SIM_2309,train
D:\driver-drowsiness-detection\dataset\train\yawn\516.jpg,516.jpg,yawn,640,480,3,RGB,1.3333,74.04,True,623007944de0fcc76f20e0d0f72f2dff,SIM_2310,train
D:\driver-drowsiness-detection\dataset\train\yawn\517.jpg,517.jpg,yawn,640,480,3,RGB,1.3333,78.19,True,eecd8013df67254bc2abfdd326b16944,SIM_2311,train
D:\driver-drowsiness-detection\dataset\train\yawn\518.jpg,518.jpg,yawn,640,480,3,RGB,1.3333,79.09,True,19ae135bb4debff6a1623c7eff7fc900,SIM_2312,train
D:\driver-drowsiness-detection\dataset\train\yawn\519.jpg,519.jpg,yawn,640,480,3,RGB,1.3333,79.06,True,2e9f8f542e9874028d56b97d3bbcacfb,SIM_2313,train
D:\driver-drowsiness-detection\dataset\train\yawn\52.jpg,52.jpg,yawn,640,480,3,RGB,1.3333,83.47,True,9f7351f1bca067f3f558c73e97575ae5,SIM_2314,train
D:\driver-drowsiness-detection\dataset\train\yawn\520.jpg,520.jpg,yawn,640,480,3,RGB,1.3333,87.62,True,b7f243b9f02b6bfa7db752cdc62a6527,SIM_2315,validation
D:\driver-drowsiness-detection\dataset\train\yawn\521.jpg,521.jpg,yawn,640,480,3,RGB,1.3333,91.27,True,614661fefc0e5e86a815ae990880f798,SIM_2316,train
D:\driver-drowsiness-detection\dataset\train\yawn\522.jpg,522.jpg,yawn,640,480,3,RGB,1.3333,87.89,True,3218274a35c698a0eeb8ab1fb33abd59,SIM_2317,test
D:\driver-drowsiness-detection\dataset\train\yawn\523.jpg,523.jpg,yawn,640,480,3,RGB,1.3333,89.72,True,3f89f17ed162ce026fb6bda11c84dcce,SIM_2318,test
D:\driver-drowsiness-detection\dataset\train\yawn\524.jpg,524.jpg,yawn,640,480,3,RGB,1.3333,73.34,True,96cff0044bf741bcc0157fe27ea1926c,SIM_2319,train
D:\driver-drowsiness-detection\dataset\train\yawn\525.jpg,525.jpg,yawn,640,480,3,RGB,1.3333,79.21,True,052c06c42809467be549324c3b7e2563,SIM_2320,train
D:\driver-drowsiness-detection\dataset\train\yawn\526.jpg,526.jpg,yawn,640,480,3,RGB,1.3333,74.92,True,74b96e05f154a17ceb02eca141f6d139,SIM_2321,train
D:\driver-drowsiness-detection\dataset\train\yawn\527.jpg,527.jpg,yawn,640,480,3,RGB,1.3333,72.64,True,6f43fd0dd024196e6643298d3a2e0ce2,SIM_2322,train
D:\driver-drowsiness-detection\dataset\train\yawn\528.jpg,528.jpg,yawn,640,480,3,RGB,1.3333,78.77,True,9d34408208d881537ff210060250c847,SIM_2323,train
D:\driver-drowsiness-detection\dataset\train\yawn\529.jpg,529.jpg,yawn,640,480,3,RGB,1.3333,74.68,True,b531ac4c1ac7741bf9797ba4a4c206c0,SIM_2324,test
D:\driver-drowsiness-detection\dataset\train\yawn\53.jpg,53.jpg,yawn,640,480,3,RGB,1.3333,83.28,True,b360a7d1df838e2132638913d28ed9ee,SIM_2325,test
D:\driver-drowsiness-detection\dataset\train\yawn\530.jpg,530.jpg,yawn,640,480,3,RGB,1.3333,78.96,True,b89a4f563ab0341a7badaa383e15790f,SIM_2326,train
D:\driver-drowsiness-detection\dataset\train\yawn\531.jpg,531.jpg,yawn,640,480,3,RGB,1.3333,72.18,True,bca6f9e8659bc0bc631ede79166e1630,SIM_2327,train
D:\driver-drowsiness-detection\dataset\train\yawn\532.jpg,532.jpg,yawn,640,480,3,RGB,1.3333,72.88,True,829d25de21be0a5c37e90d530ecdd492,SIM_2328,validation
D:\driver-drowsiness-detection\dataset\train\yawn\533.jpg,533.jpg,yawn,640,480,3,RGB,1.3333,72.71,True,d7bae23cce0c30c5eb161e65cd27937f,SIM_2329,test
D:\driver-drowsiness-detection\dataset\train\yawn\534.jpg,534.jpg,yawn,640,480,3,RGB,1.3333,73.8,True,b2f9a061a5ff1e0803f42d1251890c7b,SIM_2330,train
D:\driver-drowsiness-detection\dataset\train\yawn\535.jpg,535.jpg,yawn,640,480,3,RGB,1.3333,75.31,True,297dc341c2022b3598e08ca149a6a8de,SIM_2331,validation
D:\driver-drowsiness-detection\dataset\train\yawn\536.jpg,536.jpg,yawn,640,480,3,RGB,1.3333,75.58,True,3898717804d649fa4db312d38d2d3eb2,SIM_2332,train
D:\driver-drowsiness-detection\dataset\train\yawn\537.jpg,537.jpg,yawn,640,480,3,RGB,1.3333,79.21,True,860a5bc1e77127ba6771ea5ace3cb147,SIM_2333,train
D:\driver-drowsiness-detection\dataset\train\yawn\538.jpg,538.jpg,yawn,640,480,3,RGB,1.3333,80.89,True,04b7a5f59330a19a073de925fb30e311,SIM_2334,train
D:\driver-drowsiness-detection\dataset\train\yawn\539.jpg,539.jpg,yawn,640,480,3,RGB,1.3333,75.85,True,3350cbcafa6a369b058392098c4e6084,SIM_2335,train
D:\driver-drowsiness-detection\dataset\train\yawn\54.jpg,54.jpg,yawn,640,480,3,RGB,1.3333,100.08,True,1832ac50df5775c256721387f0d35bc8,SIM_2336,train
D:\driver-drowsiness-detection\dataset\train\yawn\540.jpg,540.jpg,yawn,640,480,3,RGB,1.3333,79.72,True,bef72fb2c123536abb5e5f67997c7756,SIM_2337,test
D:\driver-drowsiness-detection\dataset\train\yawn\541.jpg,541.jpg,yawn,640,480,3,RGB,1.3333,80.53,True,35f1d90991397b0c68827a760e715dcf,SIM_2338,train
D:\driver-drowsiness-detection\dataset\train\yawn\542.jpg,542.jpg,yawn,640,480,3,RGB,1.3333,78.45,True,0bcb88aa12c39626af385eb3f5133c36,SIM_2339,train
D:\driver-drowsiness-detection\dataset\train\yawn\543.jpg,543.jpg,yawn,640,480,3,RGB,1.3333,78.69,True,54e258bb5d23985295d7f5607007e322,SIM_2339,train
D:\driver-drowsiness-detection\dataset\train\yawn\544.jpg,544.jpg,yawn,640,480,3,RGB,1.3333,78.4,True,d24d19d6d76b286549e89ab519c61b12,SIM_2340,validation
D:\driver-drowsiness-detection\dataset\train\yawn\545.jpg,545.jpg,yawn,640,480,3,RGB,1.3333,78.84,True,1a56fbce53577cd4108e8e203d743afb,SIM_2340,validation
D:\driver-drowsiness-detection\dataset\train\yawn\546.jpg,546.jpg,yawn,640,480,3,RGB,1.3333,79.1,True,af52d2d2a51de0a0f5a07882f0618050,SIM_2340,validation
D:\driver-drowsiness-detection\dataset\train\yawn\547.jpg,547.jpg,yawn,640,480,3,RGB,1.3333,87.99,True,80484460e2fc84e4fefea640c5efdb62,SIM_2341,train
D:\driver-drowsiness-detection\dataset\train\yawn\548.jpg,548.jpg,yawn,640,480,3,RGB,1.3333,88.61,True,971edd6f191c2606aae6cdc4f2d3da6d,SIM_2342,train
D:\driver-drowsiness-detection\dataset\train\yawn\549.jpg,549.jpg,yawn,640,480,3,RGB,1.3333,86.54,True,14def4e441d17cb0e2494d3be983bb54,SIM_2343,train
D:\driver-drowsiness-detection\dataset\train\yawn\55.jpg,55.jpg,yawn,640,480,3,RGB,1.3333,101.67,True,e0ae5441f0d0e8732a7b0b2fd5892f15,SIM_2344,test
D:\driver-drowsiness-detection\dataset\train\yawn\550.jpg,550.jpg,yawn,640,480,3,RGB,1.3333,88.12,True,ef4dc8e2a1625f32163ce3da2cdbda5f,SIM_2345,train
D:\driver-drowsiness-detection\dataset\train\yawn\551.jpg,551.jpg,yawn,640,480,3,RGB,1.3333,86.89,True,d91c0370ee05788734c489e25b41ef5e,SIM_2342,train
D:\driver-drowsiness-detection\dataset\train\yawn\552.jpg,552.jpg,yawn,640,480,3,RGB,1.3333,84.87,True,77c680270b02655011932edaa84cf18d,SIM_2346,train
D:\driver-drowsiness-detection\dataset\train\yawn\553.jpg,553.jpg,yawn,640,480,3,RGB,1.3333,87.76,True,c48f12dab8b0e8b32dbaa8b305f39a1e,SIM_2347,train
D:\driver-drowsiness-detection\dataset\train\yawn\554.jpg,554.jpg,yawn,640,480,3,RGB,1.3333,87.37,True,4961fb8e0d6af7df83dddfa7b7d414b0,SIM_2348,validation
D:\driver-drowsiness-detection\dataset\train\yawn\555.jpg,555.jpg,yawn,640,480,3,RGB,1.3333,87.26,True,da77ed5754a1f63d082a16acb2d53724,SIM_2348,validation
D:\driver-drowsiness-detection\dataset\train\yawn\556.jpg,556.jpg,yawn,640,480,3,RGB,1.3333,82.02,True,f0fd3b55c9978b4f6992d71133222114,SIM_2349,train
D:\driver-drowsiness-detection\dataset\train\yawn\557.jpg,557.jpg,yawn,640,480,3,RGB,1.3333,82.84,True,2a3d02405428e84771f4199a0e708107,SIM_2350,validation
D:\driver-drowsiness-detection\dataset\train\yawn\558.jpg,558.jpg,yawn,640,480,3,RGB,1.3333,83.56,True,519211f565ad6e251cdbba3691cd7b04,SIM_2351,train
D:\driver-drowsiness-detection\dataset\train\yawn\559.jpg,559.jpg,yawn,640,480,3,RGB,1.3333,83.63,True,39dcaae7c4d55a1362a41e09d6b5f849,SIM_2352,train
D:\driver-drowsiness-detection\dataset\train\yawn\56.jpg,56.jpg,yawn,640,480,3,RGB,1.3333,102.29,True,8632b99776a9984df476b927c1770eb7,SIM_2344,test
D:\driver-drowsiness-detection\dataset\train\yawn\560.jpg,560.jpg,yawn,640,480,3,RGB,1.3333,86.12,True,7d3695c010ca2d0b82f77d082c7ed7ce,SIM_2353,test
D:\driver-drowsiness-detection\dataset\train\yawn\561.jpg,561.jpg,yawn,640,480,3,RGB,1.3333,88.17,True,a39d30f633d7adfe4b5e02fc442aa05b,SIM_2354,train
D:\driver-drowsiness-detection\dataset\train\yawn\562.jpg,562.jpg,yawn,640,480,3,RGB,1.3333,89.1,True,8f8b83292cbdf85571435e75c02ac0c0,SIM_2355,validation
D:\driver-drowsiness-detection\dataset\train\yawn\563.jpg,563.jpg,yawn,640,480,3,RGB,1.3333,90.09,True,f158b37a6a6fe3f3c11c7fa7e7fe1726,SIM_2355,validation
D:\driver-drowsiness-detection\dataset\train\yawn\564.jpg,564.jpg,yawn,640,480,3,RGB,1.3333,79.36,True,ccd61ed8294f9127ab1631b80aa8a5d1,SIM_2356,test
D:\driver-drowsiness-detection\dataset\train\yawn\565.jpg,565.jpg,yawn,640,480,3,RGB,1.3333,78.99,True,b8fc39d7bdf120a2e9781a8cbb730e26,SIM_2357,train
D:\driver-drowsiness-detection\dataset\train\yawn\566.jpg,566.jpg,yawn,640,480,3,RGB,1.3333,79.36,True,7758926596a59e82044193659ae0d0c4,SIM_2358,train
D:\driver-drowsiness-detection\dataset\train\yawn\567.jpg,567.jpg,yawn,640,480,3,RGB,1.3333,80.87,True,504b59dc5bcb690a5a8497b5d8fc9004,SIM_2359,train
D:\driver-drowsiness-detection\dataset\train\yawn\568.jpg,568.jpg,yawn,640,480,3,RGB,1.3333,80.15,True,a3993a429f0defadb584169f4df07fc6,SIM_2360,train
D:\driver-drowsiness-detection\dataset\train\yawn\569.jpg,569.jpg,yawn,640,480,3,RGB,1.3333,81.04,True,54af1e4d438964b792eb62c3adddcc05,SIM_2361,validation
D:\driver-drowsiness-detection\dataset\train\yawn\57.jpg,57.jpg,yawn,640,480,3,RGB,1.3333,102.25,True,656b242357c0892376cc036f6565cf51,SIM_2344,test
D:\driver-drowsiness-detection\dataset\train\yawn\570.jpg,570.jpg,yawn,640,480,3,RGB,1.3333,81.14,True,43da4d997a911f10d58a99194455bbd6,SIM_2362,train
D:\driver-drowsiness-detection\dataset\train\yawn\571.jpg,571.jpg,yawn,640,480,3,RGB,1.3333,80.76,True,c9953c6c3e54188534e939ab8b6c005f,SIM_2363,train
D:\driver-drowsiness-detection\dataset\train\yawn\572.jpg,572.jpg,yawn,640,480,3,RGB,1.3333,81.98,True,4aff082a23f23d551931e5e18b6b6a32,SIM_2364,test
D:\driver-drowsiness-detection\dataset\train\yawn\573.jpg,573.jpg,yawn,640,480,3,RGB,1.3333,74.05,True,b0fdeb1c39fb534ebd16c60703caf791,SIM_2365,validation
D:\driver-drowsiness-detection\dataset\train\yawn\574.jpg,574.jpg,yawn,640,480,3,RGB,1.3333,76.08,True,c1e909949adac5a19360d152a1f756ff,SIM_2366,validation
D:\driver-drowsiness-detection\dataset\train\yawn\575.jpg,575.jpg,yawn,640,480,3,RGB,1.3333,76.44,True,b4ff624cb51545d456b942fba9bd4d6d,SIM_2366,validation
D:\driver-drowsiness-detection\dataset\train\yawn\576.jpg,576.jpg,yawn,640,480,3,RGB,1.3333,87.68,True,70fb84100115506c29ea386428c3b2a9,SIM_2367,test
D:\driver-drowsiness-detection\dataset\train\yawn\577.jpg,577.jpg,yawn,640,480,3,RGB,1.3333,89.66,True,5520828dcb00f1802e29e9c1a6afa14f,SIM_2368,train
D:\driver-drowsiness-detection\dataset\train\yawn\578.jpg,578.jpg,yawn,640,480,3,RGB,1.3333,88.93,True,f16e71a26e41a2e915efeb9c33317786,SIM_2368,train
D:\driver-drowsiness-detection\dataset\train\yawn\579.jpg,579.jpg,yawn,640,480,3,RGB,1.3333,88.04,True,a409a942979d11ed3e0dea9152dbede7,SIM_2368,train
D:\driver-drowsiness-detection\dataset\train\yawn\58.jpg,58.jpg,yawn,640,480,3,RGB,1.3333,102.24,True,867cf309b8f2bf6fcd430e92e7c2f6c7,SIM_2344,test
D:\driver-drowsiness-detection\dataset\train\yawn\580.jpg,580.jpg,yawn,640,480,3,RGB,1.3333,89.36,True,263c40f1e1b7d935ea828470952ceb93,SIM_2369,validation
D:\driver-drowsiness-detection\dataset\train\yawn\581.jpg,581.jpg,yawn,640,480,3,RGB,1.3333,88.19,True,ba4acef1e71d1ab335b2e95e4dbc3dfb,SIM_2370,validation
D:\driver-drowsiness-detection\dataset\train\yawn\582.jpg,582.jpg,yawn,640,480,3,RGB,1.3333,90.11,True,73f5c28bee92844c8706a1a7a073bb1d,SIM_2371,train
D:\driver-drowsiness-detection\dataset\train\yawn\583.jpg,583.jpg,yawn,640,480,3,RGB,1.3333,80.29,True,63d56a59149fe57be1acc96d4c6ef187,SIM_2372,train
D:\driver-drowsiness-detection\dataset\train\yawn\584.jpg,584.jpg,yawn,640,480,3,RGB,1.3333,83.55,True,3fa1064ce3f0c06f540a07c7bd7fe1de,SIM_2373,test
D:\driver-drowsiness-detection\dataset\train\yawn\585.jpg,585.jpg,yawn,640,480,3,RGB,1.3333,83.63,True,c3654ccf81bbf21655c2295835338f36,SIM_2373,test
D:\driver-drowsiness-detection\dataset\train\yawn\586.jpg,586.jpg,yawn,640,480,3,RGB,1.3333,84.06,True,1fcbf68d73a66b0a7248d78a32aa8926,SIM_2374,train
D:\driver-drowsiness-detection\dataset\train\yawn\587.jpg,587.jpg,yawn,640,480,3,RGB,1.3333,96.4,True,5785cf2b50cc9d95c874195f8a9c3d5a,SIM_2375,test
D:\driver-drowsiness-detection\dataset\train\yawn\588.jpg,588.jpg,yawn,640,480,3,RGB,1.3333,94.92,True,0a579aab16f2344bf11ab10bf40cd0ee,SIM_2376,test
D:\driver-drowsiness-detection\dataset\train\yawn\589.jpg,589.jpg,yawn,640,480,3,RGB,1.3333,95.09,True,ebb5fab523b2b91bf66a36b78f456dca,SIM_2377,train
D:\driver-drowsiness-detection\dataset\train\yawn\59.jpg,59.jpg,yawn,640,480,3,RGB,1.3333,100.13,True,b86caf5b8a0ec170965e1589852cb831,SIM_2378,train
D:\driver-drowsiness-detection\dataset\train\yawn\590.jpg,590.jpg,yawn,640,480,3,RGB,1.3333,88.68,True,ea715391bc273a342b7d9937c34a218b,SIM_2379,train
D:\driver-drowsiness-detection\dataset\train\yawn\591.jpg,591.jpg,yawn,640,480,3,RGB,1.3333,88.79,True,98671630cf435ef15b41ff54565603bf,SIM_2380,train
D:\driver-drowsiness-detection\dataset\train\yawn\592.jpg,592.jpg,yawn,640,480,3,RGB,1.3333,89.71,True,ece71e30762ed2026a5e208d5bfb6969,SIM_2381,train
D:\driver-drowsiness-detection\dataset\train\yawn\593.jpg,593.jpg,yawn,640,480,3,RGB,1.3333,89.23,True,8ab6b65184a48a7da76bc4c0d24e693d,SIM_2381,train
D:\driver-drowsiness-detection\dataset\train\yawn\594.jpg,594.jpg,yawn,640,480,3,RGB,1.3333,90.21,True,2b69f4f0356154586082ee70209db95d,SIM_2382,train
D:\driver-drowsiness-detection\dataset\train\yawn\595.jpg,595.jpg,yawn,640,480,3,RGB,1.3333,93.0,True,4f6be0ddc02f563d5a23d6e9825e344f,SIM_2383,train
D:\driver-drowsiness-detection\dataset\train\yawn\596.jpg,596.jpg,yawn,640,480,3,RGB,1.3333,80.79,True,9de81ec2fb6d08e9293328fa2f01cff2,SIM_2384,train
D:\driver-drowsiness-detection\dataset\train\yawn\597.jpg,597.jpg,yawn,640,480,3,RGB,1.3333,77.97,True,8d21ca24ee6fd53baf7a6ff78ed31dd0,SIM_2385,train
D:\driver-drowsiness-detection\dataset\train\yawn\598.jpg,598.jpg,yawn,640,480,3,RGB,1.3333,78.19,True,8034ec360515f8412d200c4656ee61ac,SIM_2386,test
D:\driver-drowsiness-detection\dataset\train\yawn\599.jpg,599.jpg,yawn,640,480,3,RGB,1.3333,77.95,True,f270803b43d85ccb5b9f6e68887d1639,SIM_2387,train
D:\driver-drowsiness-detection\dataset\train\yawn\6.jpg,6.jpg,yawn,640,480,3,RGB,1.3333,92.91,True,c1da1e151d02e972fc215b675f0b23ed,SIM_2388,train
D:\driver-drowsiness-detection\dataset\train\yawn\60.jpg,60.jpg,yawn,640,480,3,RGB,1.3333,101.46,True,ed8a0690a1c445a48a01055b39d93a6b,SIM_2389,train
D:\driver-drowsiness-detection\dataset\train\yawn\600.jpg,600.jpg,yawn,640,480,3,RGB,1.3333,73.62,True,05b6e3842bebfcc552ffde55d80ec0ef,SIM_2390,validation
D:\driver-drowsiness-detection\dataset\train\yawn\601.jpg,601.jpg,yawn,640,480,3,RGB,1.3333,76.02,True,2271d272331326859d37b47b3d9223f0,SIM_2391,test
D:\driver-drowsiness-detection\dataset\train\yawn\602.jpg,602.jpg,yawn,640,480,3,RGB,1.3333,96.08,True,31e74880372d5eefce977a0370d99cb7,SIM_2392,test
D:\driver-drowsiness-detection\dataset\train\yawn\603.jpg,603.jpg,yawn,640,480,3,RGB,1.3333,95.43,True,362a4ab4dfa54dc7b80df6aaa91b05d5,SIM_2393,train
D:\driver-drowsiness-detection\dataset\train\yawn\604.jpg,604.jpg,yawn,640,480,3,RGB,1.3333,94.68,True,581bbc194148394f17b379252f235325,SIM_2394,train
D:\driver-drowsiness-detection\dataset\train\yawn\605.jpg,605.jpg,yawn,640,480,3,RGB,1.3333,93.23,True,2ebbb4685771fca4ebb400a5f96de4fb,SIM_2395,test
D:\driver-drowsiness-detection\dataset\train\yawn\606.jpg,606.jpg,yawn,640,480,3,RGB,1.3333,93.86,True,0136911fd74ef9ad1841a748827f6972,SIM_2396,train
D:\driver-drowsiness-detection\dataset\train\yawn\607.jpg,607.jpg,yawn,640,480,3,RGB,1.3333,80.13,True,daeeb7ba6fdc85c8beedcade6b2f212a,SIM_2397,train
D:\driver-drowsiness-detection\dataset\train\yawn\608.jpg,608.jpg,yawn,640,480,3,RGB,1.3333,81.53,True,14ee02fb969f94a9820078c208dab203,SIM_2398,validation
D:\driver-drowsiness-detection\dataset\train\yawn\609.jpg,609.jpg,yawn,640,480,3,RGB,1.3333,82.04,True,684ca8e6b2b118a018c18d75ba7d1c5c,SIM_2399,validation
D:\driver-drowsiness-detection\dataset\train\yawn\61.jpg,61.jpg,yawn,640,480,3,RGB,1.3333,101.73,True,6595a94d7b4617d40997c9a6db91f628,SIM_2389,train
D:\driver-drowsiness-detection\dataset\train\yawn\610.jpg,610.jpg,yawn,640,480,3,RGB,1.3333,82.51,True,1c0232df8eab56c1d08b6c266dcd1d02,SIM_2400,train
D:\driver-drowsiness-detection\dataset\train\yawn\611.jpg,611.jpg,yawn,640,480,3,RGB,1.3333,81.27,True,f3cba35812631402040537fe968b849b,SIM_2401,train
D:\driver-drowsiness-detection\dataset\train\yawn\612.jpg,612.jpg,yawn,640,480,3,RGB,1.3333,103.99,True,948b8b4ac24d4d7a2d5d9c4fcccfe7f5,SIM_2402,train
D:\driver-drowsiness-detection\dataset\train\yawn\613.jpg,613.jpg,yawn,640,480,3,RGB,1.3333,102.2,True,bcc63da539ae727691dc4c09a9470abe,SIM_2403,test
D:\driver-drowsiness-detection\dataset\train\yawn\614.jpg,614.jpg,yawn,640,480,3,RGB,1.3333,88.43,True,58e8460a29f6ef008ff3701e37e4f86d,SIM_2404,validation
D:\driver-drowsiness-detection\dataset\train\yawn\615.jpg,615.jpg,yawn,640,480,3,RGB,1.3333,87.64,True,c6937ed24628c5f05d715bbbf90906ac,SIM_2405,validation
D:\driver-drowsiness-detection\dataset\train\yawn\616.jpg,616.jpg,yawn,640,480,3,RGB,1.3333,89.3,True,feeff53a5dd8e4f50b038e084908361c,SIM_2406,train
D:\driver-drowsiness-detection\dataset\train\yawn\617.jpg,617.jpg,yawn,640,480,3,RGB,1.3333,93.59,True,90a47d89761fc0f0e5c3ac1bcf3c91bb,SIM_2407,train
D:\driver-drowsiness-detection\dataset\train\yawn\618.jpg,618.jpg,yawn,640,480,3,RGB,1.3333,92.02,True,2b91300cebf41bd24e8f61d3ee416b9d,SIM_2408,train
D:\driver-drowsiness-detection\dataset\train\yawn\619.jpg,619.jpg,yawn,640,480,3,RGB,1.3333,88.62,True,2ecc5c7ff3038bbaecb77be7db2b9c52,SIM_2409,test
D:\driver-drowsiness-detection\dataset\train\yawn\62.jpg,62.jpg,yawn,640,480,3,RGB,1.3333,101.82,True,539c080317e11a67ee13d593cd887e15,SIM_2389,train
D:\driver-drowsiness-detection\dataset\train\yawn\620.jpg,620.jpg,yawn,640,480,3,RGB,1.3333,92.46,True,9c473c322f9183672d6b8379e1a5bb5c,SIM_2410,test
D:\driver-drowsiness-detection\dataset\train\yawn\621.jpg,621.jpg,yawn,640,480,3,RGB,1.3333,87.49,True,3870614087f10caa9da3e5b6d9a2b98e,SIM_2411,train
D:\driver-drowsiness-detection\dataset\train\yawn\622.jpg,622.jpg,yawn,640,480,3,RGB,1.3333,91.65,True,e2bbfbc0f419fd191294486e0deebe39,SIM_2412,train
D:\driver-drowsiness-detection\dataset\train\yawn\623.jpg,623.jpg,yawn,640,480,3,RGB,1.3333,92.93,True,780f57843d8d984a58c2a2074d3cbd1e,SIM_2413,test
D:\driver-drowsiness-detection\dataset\train\yawn\624.jpg,624.jpg,yawn,640,480,3,RGB,1.3333,93.28,True,a0af34ba4e0431c5fd5be2543beb0870,SIM_2414,train
D:\driver-drowsiness-detection\dataset\train\yawn\625.jpg,625.jpg,yawn,640,480,3,RGB,1.3333,84.89,True,0e99df6d54a39e41b25fc9f5ee2ff8e7,SIM_2415,train
D:\driver-drowsiness-detection\dataset\train\yawn\626.jpg,626.jpg,yawn,640,480,3,RGB,1.3333,84.04,True,533afdef6d5ebae5e04ebe3c1ec68051,SIM_2416,train
D:\driver-drowsiness-detection\dataset\train\yawn\627.jpg,627.jpg,yawn,640,480,3,RGB,1.3333,87.84,True,4ee373e06a3eb008b4f412ad68c5a520,SIM_2417,train
D:\driver-drowsiness-detection\dataset\train\yawn\628.jpg,628.jpg,yawn,640,480,3,RGB,1.3333,87.97,True,98758c9bb584e4c016a80b94a96ceb87,SIM_2418,train
D:\driver-drowsiness-detection\dataset\train\yawn\629.jpg,629.jpg,yawn,640,480,3,RGB,1.3333,90.5,True,fdf68b25eec5ff34817dfffc79fcc96b,SIM_2419,test
D:\driver-drowsiness-detection\dataset\train\yawn\63.jpg,63.jpg,yawn,640,480,3,RGB,1.3333,101.92,True,aa8360b697514107c708e70907f511e9,SIM_2389,train
D:\driver-drowsiness-detection\dataset\train\yawn\630.jpg,630.jpg,yawn,640,480,3,RGB,1.3333,87.37,True,454b80fd4b74dfd015069692c11eb52f,SIM_2420,validation
D:\driver-drowsiness-detection\dataset\train\yawn\631.jpg,631.jpg,yawn,640,480,3,RGB,1.3333,88.68,True,2285e16dfab13a167a7b6d415590a891,SIM_2421,train
D:\driver-drowsiness-detection\dataset\train\yawn\632.jpg,632.jpg,yawn,640,480,3,RGB,1.3333,89.34,True,9961519ac612f475a77a27eda9f3bed8,SIM_2421,train
D:\driver-drowsiness-detection\dataset\train\yawn\633.jpg,633.jpg,yawn,640,480,3,RGB,1.3333,89.39,True,0e24ec41db3526438a9d2298cfe8be2b,SIM_2422,train
D:\driver-drowsiness-detection\dataset\train\yawn\634.jpg,634.jpg,yawn,640,480,3,RGB,1.3333,90.8,True,4a77e751ab19621a9df44d4dc595a2a8,SIM_2423,train
D:\driver-drowsiness-detection\dataset\train\yawn\635.jpg,635.jpg,yawn,640,480,3,RGB,1.3333,90.49,True,cdd737dc525be6a1ff19f7074d2a1893,SIM_2423,train
D:\driver-drowsiness-detection\dataset\train\yawn\636.jpg,636.jpg,yawn,640,480,3,RGB,1.3333,88.88,True,bf958b570004152ae823df8e05119c62,SIM_2422,train
D:\driver-drowsiness-detection\dataset\train\yawn\637.jpg,637.jpg,yawn,640,480,3,RGB,1.3333,89.63,True,82383ad6146375dfd6bbab08292fbdad,SIM_2424,train
D:\driver-drowsiness-detection\dataset\train\yawn\638.jpg,638.jpg,yawn,640,480,3,RGB,1.3333,91.2,True,45bf5672e1abd69007cf44d7677bbef8,SIM_2425,train
D:\driver-drowsiness-detection\dataset\train\yawn\639.jpg,639.jpg,yawn,640,480,3,RGB,1.3333,79.09,True,d9964ea7067a3e21c881318fe5de5f9e,SIM_2426,train
D:\driver-drowsiness-detection\dataset\train\yawn\64.jpg,64.jpg,yawn,640,480,3,RGB,1.3333,102.11,True,0e60086c7e0b2791557f5e5c35c82787,SIM_2389,train
D:\driver-drowsiness-detection\dataset\train\yawn\640.jpg,640.jpg,yawn,640,480,3,RGB,1.3333,81.51,True,5f4f0314ba1d07a4f5f58f4f8ee522ee,SIM_2427,train
D:\driver-drowsiness-detection\dataset\train\yawn\641.jpg,641.jpg,yawn,640,480,3,RGB,1.3333,81.05,True,9d632674e00f705d67291a21ac367902,SIM_2428,test
D:\driver-drowsiness-detection\dataset\train\yawn\642.jpg,642.jpg,yawn,640,480,3,RGB,1.3333,80.91,True,5af4a19ab5fe5cd714ee33e57375930b,SIM_2429,train
D:\driver-drowsiness-detection\dataset\train\yawn\643.jpg,643.jpg,yawn,640,480,3,RGB,1.3333,81.76,True,182370cbb3b6957d217d7111c348ff6f,SIM_2429,train
D:\driver-drowsiness-detection\dataset\train\yawn\644.jpg,644.jpg,yawn,640,480,3,RGB,1.3333,81.33,True,050cfe375b789f69e33e689ecdfe9385,SIM_2430,train
D:\driver-drowsiness-detection\dataset\train\yawn\645.jpg,645.jpg,yawn,640,480,3,RGB,1.3333,82.27,True,b3f764d58ecc02c8a2ee668029397b74,SIM_2431,train
D:\driver-drowsiness-detection\dataset\train\yawn\647.jpg,647.jpg,yawn,640,480,3,RGB,1.3333,78.29,True,97de5f410564140ee83547976d35411d,SIM_2432,train
D:\driver-drowsiness-detection\dataset\train\yawn\648.jpg,648.jpg,yawn,640,480,3,RGB,1.3333,79.66,True,b4528bc663c47de6e1b9d6b924a6e19d,SIM_2433,train
D:\driver-drowsiness-detection\dataset\train\yawn\649.jpg,649.jpg,yawn,640,480,3,RGB,1.3333,80.86,True,1f21c8246178e80e84f79d628c23df31,SIM_2434,test
D:\driver-drowsiness-detection\dataset\train\yawn\65.jpg,65.jpg,yawn,640,480,3,RGB,1.3333,77.63,True,3eec9af2c41de0efb8d9dbaa33da6a28,SIM_2435,train
D:\driver-drowsiness-detection\dataset\train\yawn\650.jpg,650.jpg,yawn,640,480,3,RGB,1.3333,80.58,True,644207b68bef6664892b8c9a1ec02777,SIM_2436,test
D:\driver-drowsiness-detection\dataset\train\yawn\651.jpg,651.jpg,yawn,640,480,3,RGB,1.3333,78.67,True,39ddf42ad2586f289741ad068d21e171,SIM_2437,train
D:\driver-drowsiness-detection\dataset\train\yawn\652.jpg,652.jpg,yawn,640,480,3,RGB,1.3333,81.94,True,dea9a19d8a7c41ec17cbdd0f49cb9fe5,SIM_2438,train
D:\driver-drowsiness-detection\dataset\train\yawn\653.jpg,653.jpg,yawn,640,480,3,RGB,1.3333,83.82,True,8e16f9b65b0ec5aa1a9e000f556d18fe,SIM_2439,train
D:\driver-drowsiness-detection\dataset\train\yawn\654.jpg,654.jpg,yawn,640,480,3,RGB,1.3333,84.27,True,105f4f0b080efc3747cf603edb3ae411,SIM_2439,train
D:\driver-drowsiness-detection\dataset\train\yawn\655.jpg,655.jpg,yawn,640,480,3,RGB,1.3333,82.78,True,32dc4ad8e20ab6c15e71ad9bf166e473,SIM_2440,train
D:\driver-drowsiness-detection\dataset\train\yawn\656.jpg,656.jpg,yawn,640,480,3,RGB,1.3333,84.46,True,9c5fad1b94a6d56ddab271bbb2d3cafd,SIM_2441,test
D:\driver-drowsiness-detection\dataset\train\yawn\657.jpg,657.jpg,yawn,640,480,3,RGB,1.3333,81.32,True,9c187bb1912c7b593be5a2bafb7ba7e5,SIM_2442,train
D:\driver-drowsiness-detection\dataset\train\yawn\658.jpg,658.jpg,yawn,640,480,3,RGB,1.3333,82.93,True,41406a4ed7c62d70a227dea5a1561b07,SIM_2443,test
D:\driver-drowsiness-detection\dataset\train\yawn\659.jpg,659.jpg,yawn,640,480,3,RGB,1.3333,82.95,True,939d7f25b26ad5f455d847b4c2f96898,SIM_2443,test
D:\driver-drowsiness-detection\dataset\train\yawn\66.jpg,66.jpg,yawn,640,480,3,RGB,1.3333,78.26,True,d125c2ce9c9a00da69f355907462dce6,SIM_2435,train
D:\driver-drowsiness-detection\dataset\train\yawn\660.jpg,660.jpg,yawn,640,480,3,RGB,1.3333,83.07,True,02e2b67f70b47bf464303c05480a26db,SIM_2443,test
D:\driver-drowsiness-detection\dataset\train\yawn\661.jpg,661.jpg,yawn,640,480,3,RGB,1.3333,87.25,True,4381d9ba948c2803c229cc9bd617891c,SIM_2444,train
D:\driver-drowsiness-detection\dataset\train\yawn\662.jpg,662.jpg,yawn,640,480,3,RGB,1.3333,88.42,True,1bf4df7a3b3ba6422358b3788cc90406,SIM_2445,test
D:\driver-drowsiness-detection\dataset\train\yawn\663.jpg,663.jpg,yawn,640,480,3,RGB,1.3333,88.74,True,2286725338ccc043da02921a0d3a2643,SIM_2446,validation
D:\driver-drowsiness-detection\dataset\train\yawn\664.jpg,664.jpg,yawn,640,480,3,RGB,1.3333,73.79,True,c02391effa4c7d53c36f6043638f0cfa,SIM_2447,validation
D:\driver-drowsiness-detection\dataset\train\yawn\665.jpg,665.jpg,yawn,640,480,3,RGB,1.3333,72.32,True,bbbf0e290fd3f6e35d9be274bfaac431,SIM_2448,test
D:\driver-drowsiness-detection\dataset\train\yawn\666.jpg,666.jpg,yawn,640,480,3,RGB,1.3333,75.85,True,d1ff01e885921083a350ff0455dbd178,SIM_2449,validation
D:\driver-drowsiness-detection\dataset\train\yawn\667.jpg,667.jpg,yawn,640,480,3,RGB,1.3333,76.64,True,ffcd94869aa56c113e3c531479875721,SIM_2450,test
D:\driver-drowsiness-detection\dataset\train\yawn\668.jpg,668.jpg,yawn,640,480,3,RGB,1.3333,76.59,True,ae124788ca94daba85c5f0617346604e,SIM_2451,test
D:\driver-drowsiness-detection\dataset\train\yawn\669.jpg,669.jpg,yawn,640,480,3,RGB,1.3333,87.98,True,aaf03da50cca4042fa93bf7995be7081,SIM_2452,train
D:\driver-drowsiness-detection\dataset\train\yawn\67.jpg,67.jpg,yawn,640,480,3,RGB,1.3333,79.13,True,da94c4d9418a12307eac7cfcd1855b07,SIM_2453,train
D:\driver-drowsiness-detection\dataset\train\yawn\670.jpg,670.jpg,yawn,640,480,3,RGB,1.3333,87.22,True,b6c5751d91a24e3c19a872abe9d45eb4,SIM_2454,validation
D:\driver-drowsiness-detection\dataset\train\yawn\671.jpg,671.jpg,yawn,640,480,3,RGB,1.3333,87.47,True,12e92bfcdfa2239dce91b73ed9161d66,SIM_2455,train
D:\driver-drowsiness-detection\dataset\train\yawn\672.jpg,672.jpg,yawn,640,480,3,RGB,1.3333,88.26,True,9a3fe77fa481ada15912c9ab3c4566d1,SIM_2456,train
D:\driver-drowsiness-detection\dataset\train\yawn\673.jpg,673.jpg,yawn,640,480,3,RGB,1.3333,91.96,True,90c75057e7c4fd9211bed98ed6841366,SIM_2457,test
D:\driver-drowsiness-detection\dataset\train\yawn\674.jpg,674.jpg,yawn,640,480,3,RGB,1.3333,93.32,True,bd84830600ab3fe57395571429d4adf2,SIM_2458,test
D:\driver-drowsiness-detection\dataset\train\yawn\675.jpg,675.jpg,yawn,640,480,3,RGB,1.3333,92.14,True,b034432cfac50d74802196d1e0244541,SIM_2459,train
D:\driver-drowsiness-detection\dataset\train\yawn\676.jpg,676.jpg,yawn,640,480,3,RGB,1.3333,91.51,True,bf610d5653c1f35f3db235a372ea382f,SIM_2460,train
D:\driver-drowsiness-detection\dataset\train\yawn\677.jpg,677.jpg,yawn,640,480,3,RGB,1.3333,96.27,True,8678a5fcd6f3bac14f8f84b48ab5481c,SIM_2461,test
D:\driver-drowsiness-detection\dataset\train\yawn\678.jpg,678.jpg,yawn,640,480,3,RGB,1.3333,96.53,True,993dacb24a3950a3a04367279762ddf8,SIM_2462,train
D:\driver-drowsiness-detection\dataset\train\yawn\679.jpg,679.jpg,yawn,640,480,3,RGB,1.3333,96.16,True,8cdb24807bf4f38334ecc73c198d1764,SIM_2463,train
D:\driver-drowsiness-detection\dataset\train\yawn\68.jpg,68.jpg,yawn,640,480,3,RGB,1.3333,79.28,True,6e9639dc8ff7f2a2c4d95a0f0d9c9152,SIM_2435,train
D:\driver-drowsiness-detection\dataset\train\yawn\680.jpg,680.jpg,yawn,640,480,3,RGB,1.3333,96.59,True,6844d170d5416e29800912137bd80644,SIM_2464,validation
D:\driver-drowsiness-detection\dataset\train\yawn\681.jpg,681.jpg,yawn,640,480,3,RGB,1.3333,95.97,True,4cdc952cd13c2c39b6add286d1152857,SIM_2465,train
D:\driver-drowsiness-detection\dataset\train\yawn\682.jpg,682.jpg,yawn,640,480,3,RGB,1.3333,95.93,True,b5fd66b58833eb3b0f8f94a00fad803a,SIM_2466,validation
D:\driver-drowsiness-detection\dataset\train\yawn\683.jpg,683.jpg,yawn,640,480,3,RGB,1.3333,95.29,True,9b54b841448d588357acc96c1ddb7429,SIM_2467,validation
D:\driver-drowsiness-detection\dataset\train\yawn\684.jpg,684.jpg,yawn,640,480,3,RGB,1.3333,98.35,True,d94c851b599196e7598ae57c73c7f6be,SIM_2468,test
D:\driver-drowsiness-detection\dataset\train\yawn\685.jpg,685.jpg,yawn,640,480,3,RGB,1.3333,96.43,True,bc84797d2d5ce05a84e1f8a48dd3ca43,SIM_2465,train
D:\driver-drowsiness-detection\dataset\train\yawn\686.jpg,686.jpg,yawn,640,480,3,RGB,1.3333,96.97,True,7478076831725a854df4f0fe4d23cef8,SIM_2469,train
D:\driver-drowsiness-detection\dataset\train\yawn\687.jpg,687.jpg,yawn,640,480,3,RGB,1.3333,95.95,True,5eb83662b00cea180c5a0eb5a45ab474,SIM_2469,train
D:\driver-drowsiness-detection\dataset\train\yawn\688.jpg,688.jpg,yawn,640,480,3,RGB,1.3333,74.79,True,6ececca35b68fb57cdae3176df69a18a,SIM_2470,train
D:\driver-drowsiness-detection\dataset\train\yawn\689.jpg,689.jpg,yawn,640,480,3,RGB,1.3333,75.43,True,dda167731efbc9071d0e76590299b038,SIM_2470,train
D:\driver-drowsiness-detection\dataset\train\yawn\69.jpg,69.jpg,yawn,640,480,3,RGB,1.3333,79.1,True,3bc0f8ab33a3865e61215bb7587e91d5,SIM_2435,train
D:\driver-drowsiness-detection\dataset\train\yawn\691.jpg,691.jpg,yawn,640,480,3,RGB,1.3333,75.11,True,dfebb54cc09089485d4e781d5f2db0a5,SIM_2470,train
D:\driver-drowsiness-detection\dataset\train\yawn\692.jpg,692.jpg,yawn,640,480,3,RGB,1.3333,76.61,True,9a1f7059d507b38218fe320b5ee0abc0,SIM_2470,train
D:\driver-drowsiness-detection\dataset\train\yawn\693.jpg,693.jpg,yawn,640,480,3,RGB,1.3333,76.1,True,9df7db8a62751bc3bc9e0a4995dec17d,SIM_2470,train
D:\driver-drowsiness-detection\dataset\train\yawn\694.jpg,694.jpg,yawn,640,480,3,RGB,1.3333,76.62,True,b7644463248030c9ad7f97b03e55a979,SIM_2470,train
D:\driver-drowsiness-detection\dataset\train\yawn\696.jpg,696.jpg,yawn,640,480,3,RGB,1.3333,92.09,True,d5face70506e75d18cc037ea7ba478b2,SIM_2471,train
D:\driver-drowsiness-detection\dataset\train\yawn\697.jpg,697.jpg,yawn,640,480,3,RGB,1.3333,93.35,True,64c2ddb6d13b191d05d977047dc035ab,SIM_2472,validation
D:\driver-drowsiness-detection\dataset\train\yawn\698.jpg,698.jpg,yawn,640,480,3,RGB,1.3333,93.43,True,52d2c104b60d3e23b3c2ca583b35be2c,SIM_2472,validation
D:\driver-drowsiness-detection\dataset\train\yawn\699.jpg,699.jpg,yawn,640,480,3,RGB,1.3333,92.87,True,3556f161dae5c3db927081de7b4e20a6,SIM_2471,train
D:\driver-drowsiness-detection\dataset\train\yawn\7.jpg,7.jpg,yawn,640,480,3,RGB,1.3333,93.52,True,807a845736231337025bdeca4ad7cfa1,SIM_2473,train
D:\driver-drowsiness-detection\dataset\train\yawn\70.jpg,70.jpg,yawn,640,480,3,RGB,1.3333,97.56,True,d8d074ffd83e8f3352daf431f10f8d00,SIM_2474,train
D:\driver-drowsiness-detection\dataset\train\yawn\700.jpg,700.jpg,yawn,640,480,3,RGB,1.3333,93.45,True,373906551c6fca1712e1a751f54911bf,SIM_2472,validation
D:\driver-drowsiness-detection\dataset\train\yawn\701.jpg,701.jpg,yawn,640,480,3,RGB,1.3333,93.79,True,d968941374f4eaf314c8c4e8ce628848,SIM_2475,validation
D:\driver-drowsiness-detection\dataset\train\yawn\702.jpg,702.jpg,yawn,640,480,3,RGB,1.3333,93.18,True,7b55676946e50bf4acfebbfb76baa3cf,SIM_2476,train
D:\driver-drowsiness-detection\dataset\train\yawn\703.jpg,703.jpg,yawn,640,480,3,RGB,1.3333,94.06,True,f7f068fb8878c7886f6b54d4c3e4b310,SIM_2477,train
D:\driver-drowsiness-detection\dataset\train\yawn\704.jpg,704.jpg,yawn,640,480,3,RGB,1.3333,93.62,True,bfcf3592f2cb9c4873f4375b8c643ba2,SIM_2478,train
D:\driver-drowsiness-detection\dataset\train\yawn\705.jpg,705.jpg,yawn,640,480,3,RGB,1.3333,87.07,True,a8ad3e12142a2ebef42c195e542295c7,SIM_2479,train
D:\driver-drowsiness-detection\dataset\train\yawn\706.jpg,706.jpg,yawn,640,480,3,RGB,1.3333,92.9,True,a4a51394c8e46dc2b8f3035d9c1d979e,SIM_2480,train
D:\driver-drowsiness-detection\dataset\train\yawn\707.jpg,707.jpg,yawn,640,480,3,RGB,1.3333,92.55,True,74e7c0f88183c19197473063480e9d9d,SIM_2480,train
D:\driver-drowsiness-detection\dataset\train\yawn\708.jpg,708.jpg,yawn,640,480,3,RGB,1.3333,90.86,True,1eda63739df57f3262d7b4838b0c0ba3,SIM_2481,train
D:\driver-drowsiness-detection\dataset\train\yawn\709.jpg,709.jpg,yawn,640,480,3,RGB,1.3333,92.36,True,cc02a7172d13d92d32c06d60b75e1b1b,SIM_2482,test
D:\driver-drowsiness-detection\dataset\train\yawn\71.jpg,71.jpg,yawn,640,480,3,RGB,1.3333,98.06,True,379154c8047d8e221f347f6e67290b4a,SIM_2483,validation
D:\driver-drowsiness-detection\dataset\train\yawn\710.jpg,710.jpg,yawn,640,480,3,RGB,1.3333,100.23,True,f8b7973c159f6404734e10c8fbb9c8d4,SIM_2484,validation
D:\driver-drowsiness-detection\dataset\train\yawn\711.jpg,711.jpg,yawn,640,480,3,RGB,1.3333,99.16,True,f3fc01e99bf54fde8355a87fb3ea0354,SIM_2485,train
D:\driver-drowsiness-detection\dataset\train\yawn\712.jpg,712.jpg,yawn,640,480,3,RGB,1.3333,97.28,True,7cf04715d9dd116d8913bb331ccaf031,SIM_2486,train
D:\driver-drowsiness-detection\dataset\train\yawn\713.jpg,713.jpg,yawn,640,480,3,RGB,1.3333,80.57,True,3a70dec2a6ee7ef3b5afc74708c823e2,SIM_2487,train
D:\driver-drowsiness-detection\dataset\train\yawn\714.jpg,714.jpg,yawn,640,480,3,RGB,1.3333,77.11,True,648a1bbf4033f691ee8a96b877644805,SIM_2488,train
D:\driver-drowsiness-detection\dataset\train\yawn\715.jpg,715.jpg,yawn,640,480,3,RGB,1.3333,87.41,True,b6391ada0eee0ecb11dc34d7d6f466e6,SIM_2489,validation
D:\driver-drowsiness-detection\dataset\train\yawn\716.jpg,716.jpg,yawn,640,480,3,RGB,1.3333,89.59,True,2de923f552f346c8cc407a78b44b0f7d,SIM_2490,validation
D:\driver-drowsiness-detection\dataset\train\yawn\717.jpg,717.jpg,yawn,640,480,3,RGB,1.3333,90.3,True,51b332fdf1a43541e93f82e110632660,SIM_2491,train
D:\driver-drowsiness-detection\dataset\train\yawn\718.jpg,718.jpg,yawn,640,480,3,RGB,1.3333,90.82,True,8f32b24ce956adbf6b2bc582f8f6b73d,SIM_2492,test
D:\driver-drowsiness-detection\dataset\train\yawn\719.jpg,719.jpg,yawn,640,480,3,RGB,1.3333,90.98,True,1cfeee150b244e29c5e657dbf90a3ba3,SIM_2490,validation
D:\driver-drowsiness-detection\dataset\train\yawn\72.jpg,72.jpg,yawn,640,480,3,RGB,1.3333,96.91,True,02ea12177ccd7f5982507bd92c70de19,SIM_2493,test
D:\driver-drowsiness-detection\dataset\train\yawn\720.jpg,720.jpg,yawn,640,480,3,RGB,1.3333,89.11,True,916ea83ae3a78010d12b0bfdc5ef075b,SIM_2494,train
D:\driver-drowsiness-detection\dataset\train\yawn\721.jpg,721.jpg,yawn,640,480,3,RGB,1.3333,89.33,True,d04857d6cdc8b36330171183aa132719,SIM_2495,train
D:\driver-drowsiness-detection\dataset\train\yawn\722.jpg,722.jpg,yawn,640,480,3,RGB,1.3333,90.14,True,907a78433495927ca5339f1cbe179e83,SIM_2490,validation
D:\driver-drowsiness-detection\dataset\train\yawn\723.jpg,723.jpg,yawn,640,480,3,RGB,1.3333,88.79,True,0ab5d5c2bbb809c2b6a0bdd9d6efff2a,SIM_2496,test
D:\driver-drowsiness-detection\dataset\train\yawn\724.jpg,724.jpg,yawn,640,480,3,RGB,1.3333,89.23,True,47660b480ca3cd8589cc1f51a37734cf,SIM_2496,test
D:\driver-drowsiness-detection\dataset\train\yawn\725.jpg,725.jpg,yawn,640,480,3,RGB,1.3333,90.44,True,b129c36a5e97c8b9295591eefd14102e,SIM_2497,train
D:\driver-drowsiness-detection\dataset\train\yawn\726.jpg,726.jpg,yawn,640,480,3,RGB,1.3333,90.71,True,3db575a326987827f49f5b53b04049a2,SIM_2498,train
D:\driver-drowsiness-detection\dataset\train\yawn\73.jpg,73.jpg,yawn,640,480,3,RGB,1.3333,97.51,True,b3e84caa325aec902df8c9b039781459,SIM_2499,train
D:\driver-drowsiness-detection\dataset\train\yawn\74.jpg,74.jpg,yawn,640,480,3,RGB,1.3333,94.95,True,8b228d623dfadc6ef276f1753710514f,SIM_2500,train
D:\driver-drowsiness-detection\dataset\train\yawn\75.jpg,75.jpg,yawn,640,480,3,RGB,1.3333,96.04,True,4cfe57290a430f0ecd7319a896b98773,SIM_2501,train
D:\driver-drowsiness-detection\dataset\train\yawn\76.jpg,76.jpg,yawn,640,480,3,RGB,1.3333,98.91,True,d1c8768def448baa1fd1ab97fc667b39,SIM_2502,train
D:\driver-drowsiness-detection\dataset\train\yawn\77.jpg,77.jpg,yawn,640,480,3,RGB,1.3333,75.11,True,39795c408f808267c39c884ebe6f5bdd,SIM_2503,train
D:\driver-drowsiness-detection\dataset\train\yawn\78.jpg,78.jpg,yawn,640,480,3,RGB,1.3333,70.12,True,8cbb3f53cc2f19e041e9c0b6b7bef21f,SIM_2504,validation
D:\driver-drowsiness-detection\dataset\train\yawn\79.jpg,79.jpg,yawn,640,480,3,RGB,1.3333,73.81,True,8eb6b717ee6e9838161f3cba82879642,SIM_2505,train
D:\driver-drowsiness-detection\dataset\train\yawn\8.jpg,8.jpg,yawn,640,480,3,RGB,1.3333,93.28,True,d6fcb6f43cfb4307f7dd47681c5ab0a4,SIM_2388,train
D:\driver-drowsiness-detection\dataset\train\yawn\80.jpg,80.jpg,yawn,640,480,3,RGB,1.3333,75.06,True,82bb5cd40ce6c005e3b2f467f1cd6f0e,SIM_2506,train
D:\driver-drowsiness-detection\dataset\train\yawn\81.jpg,81.jpg,yawn,640,480,3,RGB,1.3333,84.79,True,eec3a8c7f8e33d218cb056357a0ee6d6,SIM_2507,train
D:\driver-drowsiness-detection\dataset\train\yawn\82.jpg,82.jpg,yawn,640,480,3,RGB,1.3333,86.96,True,bdb84fa14319e5a0a10bab89d1bb02d2,SIM_2507,train
D:\driver-drowsiness-detection\dataset\train\yawn\83.jpg,83.jpg,yawn,640,480,3,RGB,1.3333,87.33,True,22dd89123a0fb1796964171e0c7115b8,SIM_2507,train
D:\driver-drowsiness-detection\dataset\train\yawn\84.jpg,84.jpg,yawn,640,480,3,RGB,1.3333,87.36,True,fd8a8fd6e14de9f0b72d72bc27d26667,SIM_2507,train
D:\driver-drowsiness-detection\dataset\train\yawn\85.jpg,85.jpg,yawn,640,480,3,RGB,1.3333,88.03,True,002e4a54b7f105bfd6c6dc1a9c2ffae2,SIM_2507,train
D:\driver-drowsiness-detection\dataset\train\yawn\86.jpg,86.jpg,yawn,640,480,3,RGB,1.3333,89.21,True,8b67e52e00c85aa588cebdf689cd90f4,SIM_2508,train
D:\driver-drowsiness-detection\dataset\train\yawn\87.jpg,87.jpg,yawn,640,480,3,RGB,1.3333,90.73,True,943958ae9c52456604abbacbe91790ae,SIM_2509,validation
D:\driver-drowsiness-detection\dataset\train\yawn\88.jpg,88.jpg,yawn,640,480,3,RGB,1.3333,90.61,True,46d70efadec2cd493943b9e741df0098,SIM_2509,validation
D:\driver-drowsiness-detection\dataset\train\yawn\89.jpg,89.jpg,yawn,640,480,3,RGB,1.3333,90.31,True,d322c395d95d66adc6f9d81ea329866b,SIM_2510,validation
D:\driver-drowsiness-detection\dataset\train\yawn\9.jpg,9.jpg,yawn,640,480,3,RGB,1.3333,91.47,True,18ab5deca310cedf15f2009865699190,SIM_2511,train
D:\driver-drowsiness-detection\dataset\train\yawn\90.jpg,90.jpg,yawn,640,480,3,RGB,1.3333,91.42,True,6dd111d5990fb460b80675598fed2f90,SIM_2510,validation
D:\driver-drowsiness-detection\dataset\train\yawn\91.jpg,91.jpg,yawn,640,480,3,RGB,1.3333,92.29,True,91f062e92291d7f0c175a4d623a2444a,SIM_2510,validation
D:\driver-drowsiness-detection\dataset\train\yawn\92.jpg,92.jpg,yawn,640,480,3,RGB,1.3333,92.38,True,48b0e3e567f00c39397d70f79ffd4f6c,SIM_2510,validation
D:\driver-drowsiness-detection\dataset\train\yawn\93.jpg,93.jpg,yawn,640,480,3,RGB,1.3333,92.67,True,b17c30c71a77f7db8e6adb440775bcfc,SIM_2510,validation
D:\driver-drowsiness-detection\dataset\train\yawn\94.jpg,94.jpg,yawn,640,480,3,RGB,1.3333,85.52,True,6e81a275b38ee2b2940281c5d39fbf76,SIM_2512,train
D:\driver-drowsiness-detection\dataset\train\yawn\95.jpg,95.jpg,yawn,640,480,3,RGB,1.3333,84.96,True,1b95dd46087d990b46f424c9301eb7db,SIM_2513,train
D:\driver-drowsiness-detection\dataset\train\yawn\96.jpg,96.jpg,yawn,640,480,3,RGB,1.3333,84.35,True,8fc398755ace0d2b5970cb01507a2a83,SIM_2512,train
D:\driver-drowsiness-detection\dataset\train\yawn\97.jpg,97.jpg,yawn,640,480,3,RGB,1.3333,100.39,True,9667f5d23f67002e131a8ec6d3974455,SIM_1974,train
D:\driver-drowsiness-detection\dataset\train\yawn\98.jpg,98.jpg,yawn,640,480,3,RGB,1.3333,102.27,True,6da83d898530513f64b431f01f21f993,SIM_1974,train
D:\driver-drowsiness-detection\dataset\train\yawn\99.jpg,99.jpg,yawn,640,480,3,RGB,1.3333,102.1,True,fe8cde90277d8217be0a281aca334e2a,SIM_1974,train
