original_filepath,prepared_filepath,class,split,similarity_group_id,original_width,original_height,prepared_width,prepared_height
D:\driver-drowsiness-detection\dataset\train\Closed\_0.jpg,d:\driver-drowsiness-detection\eye_dataset\train\Closed\_0.jpg,Closed,train,SIM_0001,145,145,224,224
D:\driver-drowsiness-detection\dataset\train\Closed\_1.jpg,d:\driver-drowsiness-detection\eye_dataset\test\Closed\_1.jpg,Closed,test,SIM_0002,142,135,224,224
D:\driver-drowsiness-detection\dataset\train\Closed\_10.jpg,d:\driver-drowsiness-detection\eye_dataset\train\Closed\_10.jpg,Closed,train,SIM_0003,131,127,224,224
D:\driver-drowsiness-detection\dataset\train\Closed\_100.jpg,d:\driver-drowsiness-detection\eye_dataset\train\Closed\_100.jpg,Closed,train,SIM_0004,288,287,224,224
D:\driver-drowsiness-detection\dataset\train\Closed\_101.jpg,d:\driver-drowsiness-detection\eye_dataset\test\Closed\_101.jpg,Closed,test,SIM_0005,141,123,224,224
D:\driver-drowsiness-detection\dataset\train\Closed\_102.jpg,d:\driver-drowsiness-detection\eye_dataset\train\Closed\_102.jpg,Closed,train,SIM_0006,179,164,224,224
D:\driver-drowsiness-detection\dataset\train\Closed\_103.jpg,d:\driver-drowsiness-detection\eye_dataset\train\Closed\_103.jpg,Closed,train,SIM_0007,142,166,224,224
D:\driver-drowsiness-detection\dataset\train\Closed\_104.jpg,d:\driver-drowsiness-detection\eye_dataset\validation\Closed\_104.jpg,Closed,validation,SIM_0008,138,139,224,224
D:\driver-drowsiness-detection\dataset\train\Closed\_105.jpg,d:\driver-drowsiness-detection\eye_dataset\train\Closed\_105.jpg,Closed,train,SIM_0009,154,139,224,224
D:\driver-drowsiness-detection\dataset\train\Closed\_106.jpg,d:\driver-drowsiness-detection\eye_dataset\validation\Closed\_106.jpg,Closed,validation,SIM_0010,200,150,224,224
D:\driver-drowsiness-detection\dataset\train\Closed\_107.jpg,d:\driver-drowsiness-detection\eye_dataset\validation\Closed\_107.jpg,Closed,validation,SIM_0011,173,166,224,224
D:\driver-drowsiness-detection\dataset\train\Closed\_108.jpg,d:\driver-drowsiness-detection\eye_dataset\train\Closed\_108.jpg,Closed,train,SIM_0012,230,254,224,224
D:\driver-drowsiness-detection\dataset\train\Closed\_109.jpg,d:\driver-drowsiness-detection\eye_dataset\validation\Closed\_109.jpg,Closed,validation,SIM_0013,261,334,224,224
D:\driver-drowsiness-detection\dataset\train\Closed\_11.jpg,d:\driver-drowsiness-detection\eye_dataset\train\Closed\_11.jpg,Closed,train,SIM_0014,111,115,224,224
D:\driver-drowsiness-detection\dataset\train\Closed\_110.jpg,d:\driver-drowsiness-detection\eye_dataset\validation\Closed\_110.jpg,Closed,validation,SIM_0015,400,387,224,224
D:\driver-drowsiness-detection\dataset\train\Closed\_111.jpg,d:\driver-drowsiness-detection\eye_dataset\train\Closed\_111.jpg,Closed,train,SIM_0016,250,251,224,224
D:\driver-drowsiness-detection\dataset\train\Closed\_112.jpg,d:\driver-drowsiness-detection\eye_dataset\test\Closed\_112.jpg,Closed,test,SIM_0017,500,500,224,224
D:\driver-drowsiness-detection\dataset\train\Closed\_113.jpg,d:\driver-drowsiness-detection\eye_dataset\train\Closed\_113.jpg,Closed,train,SIM_0018,348,354,224,224
D:\driver-drowsiness-detection\dataset\train\Closed\_114.jpg,d:\driver-drowsiness-detection\eye_dataset\train\Closed\_114.jpg,Closed,train,SIM_0019,194,200,224,224
D:\driver-drowsiness-detection\dataset\train\Closed\_115.jpg,d:\driver-drowsiness-detection\eye_dataset\test\Closed\_115.jpg,Closed,test,SIM_0020,203,175,224,224
D:\driver-drowsiness-detection\dataset\train\Closed\_116.jpg,d:\driver-drowsiness-detection\eye_dataset\train\Closed\_116.jpg,Closed,train,SIM_0021,202,196,224,224
D:\driver-drowsiness-detection\dataset\train\Closed\_117.jpg,d:\driver-drowsiness-detection\eye_dataset\test\Closed\_117.jpg,Closed,test,SIM_0022,253,229,224,224
D:\driver-drowsiness-detection\dataset\train\Closed\_118.jpg,d:\driver-drowsiness-detection\eye_dataset\train\Closed\_118.jpg,Closed,train,SIM_0023,221,195,224,224
D:\driver-drowsiness-detection\dataset\train\Closed\_119.jpg,d:\driver-drowsiness-detection\eye_dataset\train\Closed\_119.jpg,Closed,train,SIM_0024,219,218,224,224
D:\driver-drowsiness-detection\dataset\train\Closed\_12.jpg,d:\driver-drowsiness-detection\eye_dataset\validation\Closed\_12.jpg,Closed,validation,SIM_0025,83,77,224,224
D:\driver-drowsiness-detection\dataset\train\Closed\_120.jpg,d:\driver-drowsiness-detection\eye_dataset\train\Closed\_120.jpg,Closed,train,SIM_0026,242,222,224,224
D:\driver-drowsiness-detection\dataset\train\Closed\_121.jpg,d:\driver-drowsiness-detection\eye_dataset\train\Closed\_121.jpg,Closed,train,SIM_0027,238,213,224,224
D:\driver-drowsiness-detection\dataset\train\Closed\_122.jpg,d:\driver-drowsiness-detection\eye_dataset\validation\Closed\_122.jpg,Closed,validation,SIM_0028,331,302,224,224
D:\driver-drowsiness-detection\dataset\train\Closed\_123.jpg,d:\driver-drowsiness-detection\eye_dataset\validation\Closed\_123.jpg,Closed,validation,SIM_0029,169,169,224,224
D:\driver-drowsiness-detection\dataset\train\Closed\_124.jpg,d:\driver-drowsiness-detection\eye_dataset\train\Closed\_124.jpg,Closed,train,SIM_0030,96,97,224,224
D:\driver-drowsiness-detection\dataset\train\Closed\_125.jpg,d:\driver-drowsiness-detection\eye_dataset\train\Closed\_125.jpg,Closed,train,SIM_0031,139,138,224,224
D:\driver-drowsiness-detection\dataset\train\Closed\_126.jpg,d:\driver-drowsiness-detection\eye_dataset\train\Closed\_126.jpg,Closed,train,SIM_0032,301,301,224,224
D:\driver-drowsiness-detection\dataset\train\Closed\_127.jpg,d:\driver-drowsiness-detection\eye_dataset\train\Closed\_127.jpg,Closed,train,SIM_0033,159,149,224,224
D:\driver-drowsiness-detection\dataset\train\Closed\_128.jpg,d:\driver-drowsiness-detection\eye_dataset\train\Closed\_128.jpg,Closed,train,SIM_0034,332,293,224,224
D:\driver-drowsiness-detection\dataset\train\Closed\_129.jpg,d:\driver-drowsiness-detection\eye_dataset\test\Closed\_129.jpg,Closed,test,SIM_0035,228,246,224,224
D:\driver-drowsiness-detection\dataset\train\Closed\_13.jpg,d:\driver-drowsiness-detection\eye_dataset\test\Closed\_13.jpg,Closed,test,SIM_0036,87,84,224,224
D:\driver-drowsiness-detection\dataset\train\Closed\_130.jpg,d:\driver-drowsiness-detection\eye_dataset\train\Closed\_130.jpg,Closed,train,SIM_0037,217,226,224,224
D:\driver-drowsiness-detection\dataset\train\Closed\_131.jpg,d:\driver-drowsiness-detection\eye_dataset\train\Closed\_131.jpg,Closed,train,SIM_0038,334,300,224,224
D:\driver-drowsiness-detection\dataset\train\Closed\_132.jpg,d:\driver-drowsiness-detection\eye_dataset\validation\Closed\_132.jpg,Closed,validation,SIM_0039,376,300,224,224
D:\driver-drowsiness-detection\dataset\train\Closed\_133.jpg,d:\driver-drowsiness-detection\eye_dataset\train\Closed\_133.jpg,Closed,train,SIM_0040,318,300,224,224
D:\driver-drowsiness-detection\dataset\train\Closed\_134.jpg,d:\driver-drowsiness-detection\eye_dataset\train\Closed\_134.jpg,Closed,train,SIM_0041,292,278,224,224
D:\driver-drowsiness-detection\dataset\train\Closed\_135.jpg,d:\driver-drowsiness-detection\eye_dataset\train\Closed\_135.jpg,Closed,train,SIM_0042,493,300,224,224
D:\driver-drowsiness-detection\dataset\train\Closed\_136.jpg,d:\driver-drowsiness-detection\eye_dataset\train\Closed\_136.jpg,Closed,train,SIM_0043,452,300,224,224
D:\driver-drowsiness-detection\dataset\train\Closed\_137.jpg,d:\driver-drowsiness-detection\eye_dataset\train\Closed\_137.jpg,Closed,train,SIM_0044,439,300,224,224
D:\driver-drowsiness-detection\dataset\train\Closed\_138.jpg,d:\driver-drowsiness-detection\eye_dataset\train\Closed\_138.jpg,Closed,train,SIM_0045,196,196,224,224
D:\driver-drowsiness-detection\dataset\train\Closed\_139.jpg,d:\driver-drowsiness-detection\eye_dataset\train\Closed\_139.jpg,Closed,train,SIM_0046,162,145,224,224
D:\driver-drowsiness-detection\dataset\train\Closed\_14.jpg,d:\driver-drowsiness-detection\eye_dataset\test\Closed\_14.jpg,Closed,test,SIM_0047,106,97,224,224
D:\driver-drowsiness-detection\dataset\train\Closed\_140.jpg,d:\driver-drowsiness-detection\eye_dataset\train\Closed\_140.jpg,Closed,train,SIM_0048,276,232,224,224
D:\driver-drowsiness-detection\dataset\train\Closed\_141.jpg,d:\driver-drowsiness-detection\eye_dataset\train\Closed\_141.jpg,Closed,train,SIM_0049,321,244,224,224
D:\driver-drowsiness-detection\dataset\train\Closed\_142.jpg,d:\driver-drowsiness-detection\eye_dataset\train\Closed\_142.jpg,Closed,train,SIM_0050,499,425,224,224
D:\driver-drowsiness-detection\dataset\train\Closed\_143.jpg,d:\driver-drowsiness-detection\eye_dataset\test\Closed\_143.jpg,Closed,test,SIM_0051,292,300,224,224
D:\driver-drowsiness-detection\dataset\train\Closed\_144.jpg,d:\driver-drowsiness-detection\eye_dataset\train\Closed\_144.jpg,Closed,train,SIM_0052,217,231,224,224
D:\driver-drowsiness-detection\dataset\train\Closed\_145.jpg,d:\driver-drowsiness-detection\eye_dataset\train\Closed\_145.jpg,Closed,train,SIM_0053,337,300,224,224
D:\driver-drowsiness-detection\dataset\train\Closed\_146.jpg,d:\driver-drowsiness-detection\eye_dataset\train\Closed\_146.jpg,Closed,train,SIM_0054,355,300,224,224
D:\driver-drowsiness-detection\dataset\train\Closed\_147.jpg,d:\driver-drowsiness-detection\eye_dataset\train\Closed\_147.jpg,Closed,train,SIM_0055,390,300,224,224
D:\driver-drowsiness-detection\dataset\train\Closed\_148.jpg,d:\driver-drowsiness-detection\eye_dataset\validation\Closed\_148.jpg,Closed,validation,SIM_0056,402,300,224,224
D:\driver-drowsiness-detection\dataset\train\Closed\_149.jpg,d:\driver-drowsiness-detection\eye_dataset\train\Closed\_149.jpg,Closed,train,SIM_0057,308,282,224,224
D:\driver-drowsiness-detection\dataset\train\Closed\_15.jpg,d:\driver-drowsiness-detection\eye_dataset\train\Closed\_15.jpg,Closed,train,SIM_0058,563,563,224,224
D:\driver-drowsiness-detection\dataset\train\Closed\_150.jpg,d:\driver-drowsiness-detection\eye_dataset\train\Closed\_150.jpg,Closed,train,SIM_0059,198,186,224,224
D:\driver-drowsiness-detection\dataset\train\Closed\_151.jpg,d:\driver-drowsiness-detection\eye_dataset\train\Closed\_151.jpg,Closed,train,SIM_0060,133,112,224,224
D:\driver-drowsiness-detection\dataset\train\Closed\_152.jpg,d:\driver-drowsiness-detection\eye_dataset\validation\Closed\_152.jpg,Closed,validation,SIM_0061,383,376,224,224
D:\driver-drowsiness-detection\dataset\train\Closed\_153.jpg,d:\driver-drowsiness-detection\eye_dataset\train\Closed\_153.jpg,Closed,train,SIM_0062,524,446,224,224
D:\driver-drowsiness-detection\dataset\train\Closed\_154.jpg,d:\driver-drowsiness-detection\eye_dataset\train\Closed\_154.jpg,Closed,train,SIM_0063,299,293,224,224
D:\driver-drowsiness-detection\dataset\train\Closed\_155.jpg,d:\driver-drowsiness-detection\eye_dataset\train\Closed\_155.jpg,Closed,train,SIM_0064,220,238,224,224
D:\driver-drowsiness-detection\dataset\train\Closed\_156.jpg,d:\driver-drowsiness-detection\eye_dataset\test\Closed\_156.jpg,Closed,test,SIM_0065,329,300,224,224
D:\driver-drowsiness-detection\dataset\train\Closed\_157.jpg,d:\driver-drowsiness-detection\eye_dataset\train\Closed\_157.jpg,Closed,train,SIM_0066,300,322,224,224
D:\driver-drowsiness-detection\dataset\train\Closed\_158.jpg,d:\driver-drowsiness-detection\eye_dataset\train\Closed\_158.jpg,Closed,train,SIM_0067,314,300,224,224
D:\driver-drowsiness-detection\dataset\train\Closed\_159.jpg,d:\driver-drowsiness-detection\eye_dataset\train\Closed\_159.jpg,Closed,train,SIM_0068,316,300,224,224
D:\driver-drowsiness-detection\dataset\train\Closed\_16.jpg,d:\driver-drowsiness-detection\eye_dataset\train\Closed\_16.jpg,Closed,train,SIM_0069,114,102,224,224
D:\driver-drowsiness-detection\dataset\train\Closed\_160.jpg,d:\driver-drowsiness-detection\eye_dataset\train\Closed\_160.jpg,Closed,train,SIM_0070,300,308,224,224
D:\driver-drowsiness-detection\dataset\train\Closed\_161.jpg,d:\driver-drowsiness-detection\eye_dataset\train\Closed\_161.jpg,Closed,train,SIM_0071,320,300,224,224
D:\driver-drowsiness-detection\dataset\train\Closed\_162.jpg,d:\driver-drowsiness-detection\eye_dataset\train\Closed\_162.jpg,Closed,train,SIM_0072,515,494,224,224
D:\driver-drowsiness-detection\dataset\train\Closed\_163.jpg,d:\driver-drowsiness-detection\eye_dataset\train\Closed\_163.jpg,Closed,train,SIM_0073,364,300,224,224
D:\driver-drowsiness-detection\dataset\train\Closed\_164.jpg,d:\driver-drowsiness-detection\eye_dataset\train\Closed\_164.jpg,Closed,train,SIM_0074,300,317,224,224
D:\driver-drowsiness-detection\dataset\train\Closed\_165.jpg,d:\driver-drowsiness-detection\eye_dataset\train\Closed\_165.jpg,Closed,train,SIM_0075,299,321,224,224
D:\driver-drowsiness-detection\dataset\train\Closed\_166.jpg,d:\driver-drowsiness-detection\eye_dataset\train\Closed\_166.jpg,Closed,train,SIM_0076,298,329,224,224
D:\driver-drowsiness-detection\dataset\train\Closed\_167.jpg,d:\driver-drowsiness-detection\eye_dataset\train\Closed\_167.jpg,Closed,train,SIM_0077,302,274,224,224
D:\driver-drowsiness-detection\dataset\train\Closed\_168.jpg,d:\driver-drowsiness-detection\eye_dataset\train\Closed\_168.jpg,Closed,train,SIM_0078,1065,860,224,224
D:\driver-drowsiness-detection\dataset\train\Closed\_169.jpg,d:\driver-drowsiness-detection\eye_dataset\train\Closed\_169.jpg,Closed,train,SIM_0079,1182,1182,224,224
D:\driver-drowsiness-detection\dataset\train\Closed\_17.jpg,d:\driver-drowsiness-detection\eye_dataset\train\Closed\_17.jpg,Closed,train,SIM_0080,96,92,224,224
D:\driver-drowsiness-detection\dataset\train\Closed\_170.jpg,d:\driver-drowsiness-detection\eye_dataset\train\Closed\_170.jpg,Closed,train,SIM_0081,1048,861,224,224
D:\driver-drowsiness-detection\dataset\train\Closed\_171.jpg,d:\driver-drowsiness-detection\eye_dataset\train\Closed\_171.jpg,Closed,train,SIM_0082,943,823,224,224
D:\driver-drowsiness-detection\dataset\train\Closed\_172.jpg,d:\driver-drowsiness-detection\eye_dataset\validation\Closed\_172.jpg,Closed,validation,SIM_0083,742,634,224,224
D:\driver-drowsiness-detection\dataset\train\Closed\_173.jpg,d:\driver-drowsiness-detection\eye_dataset\train\Closed\_173.jpg,Closed,train,SIM_0084,120,146,224,224
D:\driver-drowsiness-detection\dataset\train\Closed\_174.jpg,d:\driver-drowsiness-detection\eye_dataset\train\Closed\_174.jpg,Closed,train,SIM_0085,641,569,224,224
D:\driver-drowsiness-detection\dataset\train\Closed\_175.jpg,d:\driver-drowsiness-detection\eye_dataset\train\Closed\_175.jpg,Closed,train,SIM_0086,936,937,224,224
D:\driver-drowsiness-detection\dataset\train\Closed\_176.jpg,d:\driver-drowsiness-detection\eye_dataset\train\Closed\_176.jpg,Closed,train,SIM_0087,1365,1365,224,224
D:\driver-drowsiness-detection\dataset\train\Closed\_177.jpg,d:\driver-drowsiness-detection\eye_dataset\train\Closed\_177.jpg,Closed,train,SIM_0088,375,375,224,224
D:\driver-drowsiness-detection\dataset\train\Closed\_178.jpg,d:\driver-drowsiness-detection\eye_dataset\train\Closed\_178.jpg,Closed,train,SIM_0089,374,374,224,224
D:\driver-drowsiness-detection\dataset\train\Closed\_179.jpg,d:\driver-drowsiness-detection\eye_dataset\train\Closed\_179.jpg,Closed,train,SIM_0090,713,574,224,224
D:\driver-drowsiness-detection\dataset\train\Closed\_18.jpg,d:\driver-drowsiness-detection\eye_dataset\validation\Closed\_18.jpg,Closed,validation,SIM_0091,124,105,224,224
D:\driver-drowsiness-detection\dataset\train\Closed\_180.jpg,d:\driver-drowsiness-detection\eye_dataset\train\Closed\_180.jpg,Closed,train,SIM_0092,593,593,224,224
D:\driver-drowsiness-detection\dataset\train\Closed\_181.jpg,d:\driver-drowsiness-detection\eye_dataset\validation\Closed\_181.jpg,Closed,validation,SIM_0093,685,582,224,224
D:\driver-drowsiness-detection\dataset\train\Closed\_182.jpg,d:\driver-drowsiness-detection\eye_dataset\train\Closed\_182.jpg,Closed,train,SIM_0094,382,352,224,224
D:\driver-drowsiness-detection\dataset\train\Closed\_183.jpg,d:\driver-drowsiness-detection\eye_dataset\train\Closed\_183.jpg,Closed,train,SIM_0095,1044,857,224,224
D:\driver-drowsiness-detection\dataset\train\Closed\_184.jpg,d:\driver-drowsiness-detection\eye_dataset\test\Closed\_184.jpg,Closed,test,SIM_0096,101,90,224,224
D:\driver-drowsiness-detection\dataset\train\Closed\_185.jpg,d:\driver-drowsiness-detection\eye_dataset\train\Closed\_185.jpg,Closed,train,SIM_0097,852,774,224,224
D:\driver-drowsiness-detection\dataset\train\Closed\_186.jpg,d:\driver-drowsiness-detection\eye_dataset\train\Closed\_186.jpg,Closed,train,SIM_0098,1038,1039,224,224
D:\driver-drowsiness-detection\dataset\train\Closed\_187.jpg,d:\driver-drowsiness-detection\eye_dataset\test\Closed\_187.jpg,Closed,test,SIM_0099,934,796,224,224
D:\driver-drowsiness-detection\dataset\train\Closed\_188.jpg,d:\driver-drowsiness-detection\eye_dataset\train\Closed\_188.jpg,Closed,train,SIM_0100,1384,1385,224,224
D:\driver-drowsiness-detection\dataset\train\Closed\_189.jpg,d:\driver-drowsiness-detection\eye_dataset\train\Closed\_189.jpg,Closed,train,SIM_0101,1504,1505,224,224
D:\driver-drowsiness-detection\dataset\train\Closed\_19.jpg,d:\driver-drowsiness-detection\eye_dataset\train\Closed\_19.jpg,Closed,train,SIM_0102,111,103,224,224
D:\driver-drowsiness-detection\dataset\train\Closed\_190.jpg,d:\driver-drowsiness-detection\eye_dataset\train\Closed\_190.jpg,Closed,train,SIM_0103,1148,1149,224,224
D:\driver-drowsiness-detection\dataset\train\Closed\_191.jpg,d:\driver-drowsiness-detection\eye_dataset\test\Closed\_191.jpg,Closed,test,SIM_0104,1132,1131,224,224
D:\driver-drowsiness-detection\dataset\train\Closed\_192.jpg,d:\driver-drowsiness-detection\eye_dataset\train\Closed\_192.jpg,Closed,train,SIM_0105,1132,1130,224,224
D:\driver-drowsiness-detection\dataset\train\Closed\_193.jpg,d:\driver-drowsiness-detection\eye_dataset\train\Closed\_193.jpg,Closed,train,SIM_0106,1269,1166,224,224
D:\driver-drowsiness-detection\dataset\train\Closed\_194.jpg,d:\driver-drowsiness-detection\eye_dataset\validation\Closed\_194.jpg,Closed,validation,SIM_0107,1261,1260,224,224
D:\driver-drowsiness-detection\dataset\train\Closed\_195.jpg,d:\driver-drowsiness-detection\eye_dataset\train\Closed\_195.jpg,Closed,train,SIM_0108,168,169,224,224
D:\driver-drowsiness-detection\dataset\train\Closed\_196.jpg,d:\driver-drowsiness-detection\eye_dataset\train\Closed\_196.jpg,Closed,train,SIM_0109,393,393,224,224
D:\driver-drowsiness-detection\dataset\train\Closed\_197.jpg,d:\driver-drowsiness-detection\eye_dataset\train\Closed\_197.jpg,Closed,train,SIM_0110,401,411,224,224
D:\driver-drowsiness-detection\dataset\train\Closed\_198.jpg,d:\driver-drowsiness-detection\eye_dataset\validation\Closed\_198.jpg,Closed,validation,SIM_0111,388,444,224,224
D:\driver-drowsiness-detection\dataset\train\Closed\_199.jpg,d:\driver-drowsiness-detection\eye_dataset\train\Closed\_199.jpg,Closed,train,SIM_0112,439,246,224,224
D:\driver-drowsiness-detection\dataset\train\Closed\_2.jpg,d:\driver-drowsiness-detection\eye_dataset\train\Closed\_2.jpg,Closed,train,SIM_0113,132,131,224,224
D:\driver-drowsiness-detection\dataset\train\Closed\_20.jpg,d:\driver-drowsiness-detection\eye_dataset\train\Closed\_20.jpg,Closed,train,SIM_0114,102,97,224,224
D:\driver-drowsiness-detection\dataset\train\Closed\_200.jpg,d:\driver-drowsiness-detection\eye_dataset\train\Closed\_200.jpg,Closed,train,SIM_0115,344,300,224,224
D:\driver-drowsiness-detection\dataset\train\Closed\_201.jpg,d:\driver-drowsiness-detection\eye_dataset\train\Closed\_201.jpg,Closed,train,SIM_0116,300,300,224,224
D:\driver-drowsiness-detection\dataset\train\Closed\_202.jpg,d:\driver-drowsiness-detection\eye_dataset\test\Closed\_202.jpg,Closed,test,SIM_0117,381,300,224,224
D:\driver-drowsiness-detection\dataset\train\Closed\_203.jpg,d:\driver-drowsiness-detection\eye_dataset\validation\Closed\_203.jpg,Closed,validation,SIM_0118,361,300,224,224
D:\driver-drowsiness-detection\dataset\train\Closed\_204.jpg,d:\driver-drowsiness-detection\eye_dataset\train\Closed\_204.jpg,Closed,train,SIM_0119,302,228,224,224
D:\driver-drowsiness-detection\dataset\train\Closed\_205.jpg,d:\driver-drowsiness-detection\eye_dataset\test\Closed\_205.jpg,Closed,test,SIM_0120,473,300,224,224
D:\driver-drowsiness-detection\dataset\train\Closed\_206.jpg,d:\driver-drowsiness-detection\eye_dataset\train\Closed\_206.jpg,Closed,train,SIM_0121,193,196,224,224
D:\driver-drowsiness-detection\dataset\train\Closed\_207.jpg,d:\driver-drowsiness-detection\eye_dataset\train\Closed\_207.jpg,Closed,train,SIM_0122,262,125,224,224
D:\driver-drowsiness-detection\dataset\train\Closed\_208.jpg,d:\driver-drowsiness-detection\eye_dataset\test\Closed\_208.jpg,Closed,test,SIM_0123,342,300,224,224
D:\driver-drowsiness-detection\dataset\train\Closed\_209.jpg,d:\driver-drowsiness-detection\eye_dataset\train\Closed\_209.jpg,Closed,train,SIM_0124,112,98,224,224
D:\driver-drowsiness-detection\dataset\train\Closed\_21.jpg,d:\driver-drowsiness-detection\eye_dataset\train\Closed\_21.jpg,Closed,train,SIM_0125,83,85,224,224
D:\driver-drowsiness-detection\dataset\train\Closed\_210.jpg,d:\driver-drowsiness-detection\eye_dataset\validation\Closed\_210.jpg,Closed,validation,SIM_0126,112,96,224,224
D:\driver-drowsiness-detection\dataset\train\Closed\_211.jpg,d:\driver-drowsiness-detection\eye_dataset\validation\Closed\_211.jpg,Closed,validation,SIM_0127,105,105,224,224
D:\driver-drowsiness-detection\dataset\train\Closed\_212.jpg,d:\driver-drowsiness-detection\eye_dataset\test\Closed\_212.jpg,Closed,test,SIM_0128,457,300,224,224
D:\driver-drowsiness-detection\dataset\train\Closed\_213.jpg,d:\driver-drowsiness-detection\eye_dataset\train\Closed\_213.jpg,Closed,train,SIM_0129,381,300,224,224
D:\driver-drowsiness-detection\dataset\train\Closed\_214.jpg,d:\driver-drowsiness-detection\eye_dataset\train\Closed\_214.jpg,Closed,train,SIM_0130,322,300,224,224
D:\driver-drowsiness-detection\dataset\train\Closed\_215.jpg,d:\driver-drowsiness-detection\eye_dataset\test\Closed\_215.jpg,Closed,test,SIM_0131,400,300,224,224
D:\driver-drowsiness-detection\dataset\train\Closed\_216.jpg,d:\driver-drowsiness-detection\eye_dataset\validation\Closed\_216.jpg,Closed,validation,SIM_0132,320,300,224,224
D:\driver-drowsiness-detection\dataset\train\Closed\_217.jpg,d:\driver-drowsiness-detection\eye_dataset\validation\Closed\_217.jpg,Closed,validation,SIM_0133,275,183,224,224
D:\driver-drowsiness-detection\dataset\train\Closed\_218.jpg,d:\driver-drowsiness-detection\eye_dataset\validation\Closed\_218.jpg,Closed,validation,SIM_0134,270,351,224,224
D:\driver-drowsiness-detection\dataset\train\Closed\_219.jpg,d:\driver-drowsiness-detection\eye_dataset\train\Closed\_219.jpg,Closed,train,SIM_0135,533,300,224,224
D:\driver-drowsiness-detection\dataset\train\Closed\_22.jpg,d:\driver-drowsiness-detection\eye_dataset\train\Closed\_22.jpg,Closed,train,SIM_0136,101,94,224,224
D:\driver-drowsiness-detection\dataset\train\Closed\_220.jpg,d:\driver-drowsiness-detection\eye_dataset\train\Closed\_220.jpg,Closed,train,SIM_0137,348,300,224,224
D:\driver-drowsiness-detection\dataset\train\Closed\_221.jpg,d:\driver-drowsiness-detection\eye_dataset\train\Closed\_221.jpg,Closed,train,SIM_0138,230,192,224,224
D:\driver-drowsiness-detection\dataset\train\Closed\_222.jpg,d:\driver-drowsiness-detection\eye_dataset\train\Closed\_222.jpg,Closed,train,SIM_0139,243,228,224,224
D:\driver-drowsiness-detection\dataset\train\Closed\_223.jpg,d:\driver-drowsiness-detection\eye_dataset\validation\Closed\_223.jpg,Closed,validation,SIM_0140,405,300,224,224
D:\driver-drowsiness-detection\dataset\train\Closed\_224.jpg,d:\driver-drowsiness-detection\eye_dataset\train\Closed\_224.jpg,Closed,train,SIM_0141,225,225,224,224
D:\driver-drowsiness-detection\dataset\train\Closed\_225.jpg,d:\driver-drowsiness-detection\eye_dataset\train\Closed\_225.jpg,Closed,train,SIM_0142,223,223,224,224
D:\driver-drowsiness-detection\dataset\train\Closed\_226.jpg,d:\driver-drowsiness-detection\eye_dataset\validation\Closed\_226.jpg,Closed,validation,SIM_0143,262,262,224,224
D:\driver-drowsiness-detection\dataset\train\Closed\_227.jpg,d:\driver-drowsiness-detection\eye_dataset\train\Closed\_227.jpg,Closed,train,SIM_0144,270,270,224,224
D:\driver-drowsiness-detection\dataset\train\Closed\_228.jpg,d:\driver-drowsiness-detection\eye_dataset\validation\Closed\_228.jpg,Closed,validation,SIM_0145,533,300,224,224
D:\driver-drowsiness-detection\dataset\train\Closed\_229.jpg,d:\driver-drowsiness-detection\eye_dataset\validation\Closed\_229.jpg,Closed,validation,SIM_0146,332,300,224,224
D:\driver-drowsiness-detection\dataset\train\Closed\_23.jpg,d:\driver-drowsiness-detection\eye_dataset\test\Closed\_23.jpg,Closed,test,SIM_0147,134,106,224,224
D:\driver-drowsiness-detection\dataset\train\Closed\_230.jpg,d:\driver-drowsiness-detection\eye_dataset\validation\Closed\_230.jpg,Closed,validation,SIM_0148,1625,1625,224,224
D:\driver-drowsiness-detection\dataset\train\Closed\_231.jpg,d:\driver-drowsiness-detection\eye_dataset\train\Closed\_231.jpg,Closed,train,SIM_0149,955,955,224,224
D:\driver-drowsiness-detection\dataset\train\Closed\_232.jpg,d:\driver-drowsiness-detection\eye_dataset\train\Closed\_232.jpg,Closed,train,SIM_0150,881,881,224,224
D:\driver-drowsiness-detection\dataset\train\Closed\_233.jpg,d:\driver-drowsiness-detection\eye_dataset\train\Closed\_233.jpg,Closed,train,SIM_0151,759,759,224,224
D:\driver-drowsiness-detection\dataset\train\Closed\_234.jpg,d:\driver-drowsiness-detection\eye_dataset\train\Closed\_234.jpg,Closed,train,SIM_0152,632,633,224,224
D:\driver-drowsiness-detection\dataset\train\Closed\_235.jpg,d:\driver-drowsiness-detection\eye_dataset\train\Closed\_235.jpg,Closed,train,SIM_0153,817,818,224,224
D:\driver-drowsiness-detection\dataset\train\Closed\_236.jpg,d:\driver-drowsiness-detection\eye_dataset\test\Closed\_236.jpg,Closed,test,SIM_0154,630,630,224,224
D:\driver-drowsiness-detection\dataset\train\Closed\_237.jpg,d:\driver-drowsiness-detection\eye_dataset\test\Closed\_237.jpg,Closed,test,SIM_0155,591,591,224,224
D:\driver-drowsiness-detection\dataset\train\Closed\_238.jpg,d:\driver-drowsiness-detection\eye_dataset\validation\Closed\_238.jpg,Closed,validation,SIM_0156,625,625,224,224
D:\driver-drowsiness-detection\dataset\train\Closed\_239.jpg,d:\driver-drowsiness-detection\eye_dataset\train\Closed\_239.jpg,Closed,train,SIM_0157,123,123,224,224
D:\driver-drowsiness-detection\dataset\train\Closed\_24.jpg,d:\driver-drowsiness-detection\eye_dataset\train\Closed\_24.jpg,Closed,train,SIM_0158,93,97,224,224
D:\driver-drowsiness-detection\dataset\train\Closed\_240.jpg,d:\driver-drowsiness-detection\eye_dataset\train\Closed\_240.jpg,Closed,train,SIM_0159,93,85,224,224
D:\driver-drowsiness-detection\dataset\train\Closed\_241.jpg,d:\driver-drowsiness-detection\eye_dataset\train\Closed\_241.jpg,Closed,train,SIM_0160,113,90,224,224
D:\driver-drowsiness-detection\dataset\train\Closed\_242.jpg,d:\driver-drowsiness-detection\eye_dataset\test\Closed\_242.jpg,Closed,test,SIM_0161,141,130,224,224
D:\driver-drowsiness-detection\dataset\train\Closed\_243.jpg,d:\driver-drowsiness-detection\eye_dataset\test\Closed\_243.jpg,Closed,test,SIM_0162,560,561,224,224
D:\driver-drowsiness-detection\dataset\train\Closed\_244.jpg,d:\driver-drowsiness-detection\eye_dataset\train\Closed\_244.jpg,Closed,train,SIM_0163,454,454,224,224
D:\driver-drowsiness-detection\dataset\train\Closed\_245.jpg,d:\driver-drowsiness-detection\eye_dataset\train\Closed\_245.jpg,Closed,train,SIM_0164,475,475,224,224
D:\driver-drowsiness-detection\dataset\train\Closed\_246.jpg,d:\driver-drowsiness-detection\eye_dataset\train\Closed\_246.jpg,Closed,train,SIM_0165,491,491,224,224
D:\driver-drowsiness-detection\dataset\train\Closed\_247.jpg,d:\driver-drowsiness-detection\eye_dataset\validation\Closed\_247.jpg,Closed,validation,SIM_0166,557,557,224,224
D:\driver-drowsiness-detection\dataset\train\Closed\_248.jpg,d:\driver-drowsiness-detection\eye_dataset\train\Closed\_248.jpg,Closed,train,SIM_0167,353,300,224,224
D:\driver-drowsiness-detection\dataset\train\Closed\_249.jpg,d:\driver-drowsiness-detection\eye_dataset\train\Closed\_249.jpg,Closed,train,SIM_0168,399,313,224,224
D:\driver-drowsiness-detection\dataset\train\Closed\_25.jpg,d:\driver-drowsiness-detection\eye_dataset\train\Closed\_25.jpg,Closed,train,SIM_0169,119,103,224,224
D:\driver-drowsiness-detection\dataset\train\Closed\_250.jpg,d:\driver-drowsiness-detection\eye_dataset\train\Closed\_250.jpg,Closed,train,SIM_0170,342,300,224,224
D:\driver-drowsiness-detection\dataset\train\Closed\_251.jpg,d:\driver-drowsiness-detection\eye_dataset\train\Closed\_251.jpg,Closed,train,SIM_0171,381,300,224,224
D:\driver-drowsiness-detection\dataset\train\Closed\_252.jpg,d:\driver-drowsiness-detection\eye_dataset\train\Closed\_252.jpg,Closed,train,SIM_0172,371,300,224,224
D:\driver-drowsiness-detection\dataset\train\Closed\_253.jpg,d:\driver-drowsiness-detection\eye_dataset\train\Closed\_253.jpg,Closed,train,SIM_0173,128,122,224,224
D:\driver-drowsiness-detection\dataset\train\Closed\_254.jpg,d:\driver-drowsiness-detection\eye_dataset\train\Closed\_254.jpg,Closed,train,SIM_0174,396,300,224,224
D:\driver-drowsiness-detection\dataset\train\Closed\_255.jpg,d:\driver-drowsiness-detection\eye_dataset\train\Closed\_255.jpg,Closed,train,SIM_0175,323,300,224,224
D:\driver-drowsiness-detection\dataset\train\Closed\_256.jpg,d:\driver-drowsiness-detection\eye_dataset\train\Closed\_256.jpg,Closed,train,SIM_0176,369,300,224,224
D:\driver-drowsiness-detection\dataset\train\Closed\_257.jpg,d:\driver-drowsiness-detection\eye_dataset\train\Closed\_257.jpg,Closed,train,SIM_0177,322,300,224,224
D:\driver-drowsiness-detection\dataset\train\Closed\_258.jpg,d:\driver-drowsiness-detection\eye_dataset\train\Closed\_258.jpg,Closed,train,SIM_0178,385,300,224,224
D:\driver-drowsiness-detection\dataset\train\Closed\_259.jpg,d:\driver-drowsiness-detection\eye_dataset\train\Closed\_259.jpg,Closed,train,SIM_0179,354,300,224,224
D:\driver-drowsiness-detection\dataset\train\Closed\_26.jpg,d:\driver-drowsiness-detection\eye_dataset\train\Closed\_26.jpg,Closed,train,SIM_0180,131,104,224,224
D:\driver-drowsiness-detection\dataset\train\Closed\_260.jpg,d:\driver-drowsiness-detection\eye_dataset\test\Closed\_260.jpg,Closed,test,SIM_0181,430,300,224,224
D:\driver-drowsiness-detection\dataset\train\Closed\_261.jpg,d:\driver-drowsiness-detection\eye_dataset\train\Closed\_261.jpg,Closed,train,SIM_0182,404,300,224,224
D:\driver-drowsiness-detection\dataset\train\Closed\_262.jpg,d:\driver-drowsiness-detection\eye_dataset\train\Closed\_262.jpg,Closed,train,SIM_0183,426,300,224,224
D:\driver-drowsiness-detection\dataset\train\Closed\_263.jpg,d:\driver-drowsiness-detection\eye_dataset\validation\Closed\_263.jpg,Closed,validation,SIM_0184,350,300,224,224
D:\driver-drowsiness-detection\dataset\train\Closed\_264.jpg,d:\driver-drowsiness-detection\eye_dataset\train\Closed\_264.jpg,Closed,train,SIM_0185,125,142,224,224
D:\driver-drowsiness-detection\dataset\train\Closed\_265.jpg,d:\driver-drowsiness-detection\eye_dataset\train\Closed\_265.jpg,Closed,train,SIM_0186,336,300,224,224
D:\driver-drowsiness-detection\dataset\train\Closed\_266.jpg,d:\driver-drowsiness-detection\eye_dataset\test\Closed\_266.jpg,Closed,test,SIM_0187,301,300,224,224
D:\driver-drowsiness-detection\dataset\train\Closed\_267.jpg,d:\driver-drowsiness-detection\eye_dataset\train\Closed\_267.jpg,Closed,train,SIM_0188,300,318,224,224
D:\driver-drowsiness-detection\dataset\train\Closed\_268.jpg,d:\driver-drowsiness-detection\eye_dataset\train\Closed\_268.jpg,Closed,train,SIM_0189,300,306,224,224
D:\driver-drowsiness-detection\dataset\train\Closed\_269.jpg,d:\driver-drowsiness-detection\eye_dataset\test\Closed\_269.jpg,Closed,test,SIM_0190,266,300,224,224
D:\driver-drowsiness-detection\dataset\train\Closed\_27.jpg,d:\driver-drowsiness-detection\eye_dataset\test\Closed\_27.jpg,Closed,test,SIM_0191,559,559,224,224
D:\driver-drowsiness-detection\dataset\train\Closed\_270.jpg,d:\driver-drowsiness-detection\eye_dataset\train\Closed\_270.jpg,Closed,train,SIM_0192,300,315,224,224
D:\driver-drowsiness-detection\dataset\train\Closed\_271.jpg,d:\driver-drowsiness-detection\eye_dataset\train\Closed\_271.jpg,Closed,train,SIM_0193,304,300,224,224
D:\driver-drowsiness-detection\dataset\train\Closed\_272.jpg,d:\driver-drowsiness-detection\eye_dataset\train\Closed\_272.jpg,Closed,train,SIM_0194,307,300,224,224
D:\driver-drowsiness-detection\dataset\train\Closed\_273.jpg,d:\driver-drowsiness-detection\eye_dataset\train\Closed\_273.jpg,Closed,train,SIM_0195,365,300,224,224
D:\driver-drowsiness-detection\dataset\train\Closed\_274.jpg,d:\driver-drowsiness-detection\eye_dataset\validation\Closed\_274.jpg,Closed,validation,SIM_0196,251,221,224,224
D:\driver-drowsiness-detection\dataset\train\Closed\_275.jpg,d:\driver-drowsiness-detection\eye_dataset\train\Closed\_275.jpg,Closed,train,SIM_0197,146,161,224,224
D:\driver-drowsiness-detection\dataset\train\Closed\_276.jpg,d:\driver-drowsiness-detection\eye_dataset\test\Closed\_276.jpg,Closed,test,SIM_0198,300,326,224,224
D:\driver-drowsiness-detection\dataset\train\Closed\_277.jpg,d:\driver-drowsiness-detection\eye_dataset\train\Closed\_277.jpg,Closed,train,SIM_0199,303,300,224,224
D:\driver-drowsiness-detection\dataset\train\Closed\_278.jpg,d:\driver-drowsiness-detection\eye_dataset\train\Closed\_278.jpg,Closed,train,SIM_0200,330,300,224,224
D:\driver-drowsiness-detection\dataset\train\Closed\_279.jpg,d:\driver-drowsiness-detection\eye_dataset\test\Closed\_279.jpg,Closed,test,SIM_0201,340,300,224,224
D:\driver-drowsiness-detection\dataset\train\Closed\_28.jpg,d:\driver-drowsiness-detection\eye_dataset\test\Closed\_28.jpg,Closed,test,SIM_0202,299,272,224,224
D:\driver-drowsiness-detection\dataset\train\Closed\_280.jpg,d:\driver-drowsiness-detection\eye_dataset\test\Closed\_280.jpg,Closed,test,SIM_0203,304,300,224,224
D:\driver-drowsiness-detection\dataset\train\Closed\_281.jpg,d:\driver-drowsiness-detection\eye_dataset\train\Closed\_281.jpg,Closed,train,SIM_0204,344,300,224,224
D:\driver-drowsiness-detection\dataset\train\Closed\_282.jpg,d:\driver-drowsiness-detection\eye_dataset\train\Closed\_282.jpg,Closed,train,SIM_0205,300,322,224,224
D:\driver-drowsiness-detection\dataset\train\Closed\_283.jpg,d:\driver-drowsiness-detection\eye_dataset\train\Closed\_283.jpg,Closed,train,SIM_0206,397,300,224,224
D:\driver-drowsiness-detection\dataset\train\Closed\_284.jpg,d:\driver-drowsiness-detection\eye_dataset\test\Closed\_284.jpg,Closed,test,SIM_0207,456,300,224,224
D:\driver-drowsiness-detection\dataset\train\Closed\_285.jpg,d:\driver-drowsiness-detection\eye_dataset\train\Closed\_285.jpg,Closed,train,SIM_0208,300,367,224,224
D:\driver-drowsiness-detection\dataset\train\Closed\_286.jpg,d:\driver-drowsiness-detection\eye_dataset\train\Closed\_286.jpg,Closed,train,SIM_0209,118,128,224,224
D:\driver-drowsiness-detection\dataset\train\Closed\_287.jpg,d:\driver-drowsiness-detection\eye_dataset\train\Closed\_287.jpg,Closed,train,SIM_0210,390,300,224,224
D:\driver-drowsiness-detection\dataset\train\Closed\_288.jpg,d:\driver-drowsiness-detection\eye_dataset\train\Closed\_288.jpg,Closed,train,SIM_0211,342,300,224,224
D:\driver-drowsiness-detection\dataset\train\Closed\_289.jpg,d:\driver-drowsiness-detection\eye_dataset\train\Closed\_289.jpg,Closed,train,SIM_0212,322,300,224,224
D:\driver-drowsiness-detection\dataset\train\Closed\_29.jpg,d:\driver-drowsiness-detection\eye_dataset\train\Closed\_29.jpg,Closed,train,SIM_0213,119,104,224,224
D:\driver-drowsiness-detection\dataset\train\Closed\_290.jpg,d:\driver-drowsiness-detection\eye_dataset\validation\Closed\_290.jpg,Closed,validation,SIM_0214,312,300,224,224
D:\driver-drowsiness-detection\dataset\train\Closed\_291.jpg,d:\driver-drowsiness-detection\eye_dataset\train\Closed\_291.jpg,Closed,train,SIM_0215,548,415,224,224
D:\driver-drowsiness-detection\dataset\train\Closed\_292.jpg,d:\driver-drowsiness-detection\eye_dataset\validation\Closed\_292.jpg,Closed,validation,SIM_0216,573,413,224,224
D:\driver-drowsiness-detection\dataset\train\Closed\_293.jpg,d:\driver-drowsiness-detection\eye_dataset\train\Closed\_293.jpg,Closed,train,SIM_0217,132,132,224,224
D:\driver-drowsiness-detection\dataset\train\Closed\_294.jpg,d:\driver-drowsiness-detection\eye_dataset\validation\Closed\_294.jpg,Closed,validation,SIM_0218,126,126,224,224
D:\driver-drowsiness-detection\dataset\train\Closed\_295.jpg,d:\driver-drowsiness-detection\eye_dataset\train\Closed\_295.jpg,Closed,train,SIM_0219,331,300,224,224
D:\driver-drowsiness-detection\dataset\train\Closed\_296.jpg,d:\driver-drowsiness-detection\eye_dataset\train\Closed\_296.jpg,Closed,train,SIM_0220,366,298,224,224
D:\driver-drowsiness-detection\dataset\train\Closed\_297.jpg,d:\driver-drowsiness-detection\eye_dataset\train\Closed\_297.jpg,Closed,train,SIM_0221,218,202,224,224
D:\driver-drowsiness-detection\dataset\train\Closed\_298.jpg,d:\driver-drowsiness-detection\eye_dataset\train\Closed\_298.jpg,Closed,train,SIM_0222,111,111,224,224
D:\driver-drowsiness-detection\dataset\train\Closed\_299.jpg,d:\driver-drowsiness-detection\eye_dataset\train\Closed\_299.jpg,Closed,train,SIM_0223,105,105,224,224
D:\driver-drowsiness-detection\dataset\train\Closed\_3.jpg,d:\driver-drowsiness-detection\eye_dataset\train\Closed\_3.jpg,Closed,train,SIM_0224,145,145,224,224
D:\driver-drowsiness-detection\dataset\train\Closed\_30.jpg,d:\driver-drowsiness-detection\eye_dataset\train\Closed\_30.jpg,Closed,train,SIM_0225,139,104,224,224
D:\driver-drowsiness-detection\dataset\train\Closed\_300.jpg,d:\driver-drowsiness-detection\eye_dataset\test\Closed\_300.jpg,Closed,test,SIM_0226,581,381,224,224
D:\driver-drowsiness-detection\dataset\train\Closed\_301.jpg,d:\driver-drowsiness-detection\eye_dataset\train\Closed\_301.jpg,Closed,train,SIM_0227,357,379,224,224
D:\driver-drowsiness-detection\dataset\train\Closed\_302.jpg,d:\driver-drowsiness-detection\eye_dataset\validation\Closed\_302.jpg,Closed,validation,SIM_0228,231,203,224,224
D:\driver-drowsiness-detection\dataset\train\Closed\_303.jpg,d:\driver-drowsiness-detection\eye_dataset\train\Closed\_303.jpg,Closed,train,SIM_0229,170,182,224,224
D:\driver-drowsiness-detection\dataset\train\Closed\_304.jpg,d:\driver-drowsiness-detection\eye_dataset\train\Closed\_304.jpg,Closed,train,SIM_0230,89,89,224,224
D:\driver-drowsiness-detection\dataset\train\Closed\_305.jpg,d:\driver-drowsiness-detection\eye_dataset\train\Closed\_305.jpg,Closed,train,SIM_0231,91,91,224,224
D:\driver-drowsiness-detection\dataset\train\Closed\_306.jpg,d:\driver-drowsiness-detection\eye_dataset\train\Closed\_306.jpg,Closed,train,SIM_0232,122,121,224,224
D:\driver-drowsiness-detection\dataset\train\Closed\_307.jpg,d:\driver-drowsiness-detection\eye_dataset\validation\Closed\_307.jpg,Closed,validation,SIM_0233,104,104,224,224
D:\driver-drowsiness-detection\dataset\train\Closed\_308.jpg,d:\driver-drowsiness-detection\eye_dataset\train\Closed\_308.jpg,Closed,train,SIM_0234,210,188,224,224
D:\driver-drowsiness-detection\dataset\train\Closed\_309.jpg,d:\driver-drowsiness-detection\eye_dataset\train\Closed\_309.jpg,Closed,train,SIM_0235,432,320,224,224
D:\driver-drowsiness-detection\dataset\train\Closed\_31.jpg,d:\driver-drowsiness-detection\eye_dataset\train\Closed\_31.jpg,Closed,train,SIM_0236,105,107,224,224
D:\driver-drowsiness-detection\dataset\train\Closed\_310.jpg,d:\driver-drowsiness-detection\eye_dataset\train\Closed\_310.jpg,Closed,train,SIM_0237,411,354,224,224
D:\driver-drowsiness-detection\dataset\train\Closed\_311.jpg,d:\driver-drowsiness-detection\eye_dataset\train\Closed\_311.jpg,Closed,train,SIM_0238,86,86,224,224
D:\driver-drowsiness-detection\dataset\train\Closed\_312.jpg,d:\driver-drowsiness-detection\eye_dataset\train\Closed\_312.jpg,Closed,train,SIM_0239,88,88,224,224
D:\driver-drowsiness-detection\dataset\train\Closed\_313.jpg,d:\driver-drowsiness-detection\eye_dataset\train\Closed\_313.jpg,Closed,train,SIM_0240,572,499,224,224
D:\driver-drowsiness-detection\dataset\train\Closed\_314.jpg,d:\driver-drowsiness-detection\eye_dataset\train\Closed\_314.jpg,Closed,train,SIM_0241,563,499,224,224
D:\driver-drowsiness-detection\dataset\train\Closed\_315.jpg,d:\driver-drowsiness-detection\eye_dataset\test\Closed\_315.jpg,Closed,test,SIM_0242,300,300,224,224
D:\driver-drowsiness-detection\dataset\train\Closed\_316.jpg,d:\driver-drowsiness-detection\eye_dataset\validation\Closed\_316.jpg,Closed,validation,SIM_0243,96,96,224,224
D:\driver-drowsiness-detection\dataset\train\Closed\_317.jpg,d:\driver-drowsiness-detection\eye_dataset\validation\Closed\_317.jpg,Closed,validation,SIM_0244,91,91,224,224
D:\driver-drowsiness-detection\dataset\train\Closed\_318.jpg,d:\driver-drowsiness-detection\eye_dataset\train\Closed\_318.jpg,Closed,train,SIM_0245,97,97,224,224
D:\driver-drowsiness-detection\dataset\train\Closed\_319.jpg,d:\driver-drowsiness-detection\eye_dataset\test\Closed\_319.jpg,Closed,test,SIM_0246,70,70,224,224
D:\driver-drowsiness-detection\dataset\train\Closed\_32.jpg,d:\driver-drowsiness-detection\eye_dataset\train\Closed\_32.jpg,Closed,train,SIM_0247,120,114,224,224
D:\driver-drowsiness-detection\dataset\train\Closed\_320.jpg,d:\driver-drowsiness-detection\eye_dataset\train\Closed\_320.jpg,Closed,train,SIM_0248,315,300,224,224
D:\driver-drowsiness-detection\dataset\train\Closed\_321.jpg,d:\driver-drowsiness-detection\eye_dataset\validation\Closed\_321.jpg,Closed,validation,SIM_0249,300,301,224,224
D:\driver-drowsiness-detection\dataset\train\Closed\_322.jpg,d:\driver-drowsiness-detection\eye_dataset\train\Closed\_322.jpg,Closed,train,SIM_0250,310,300,224,224
D:\driver-drowsiness-detection\dataset\train\Closed\_323.jpg,d:\driver-drowsiness-detection\eye_dataset\train\Closed\_323.jpg,Closed,train,SIM_0251,317,300,224,224
D:\driver-drowsiness-detection\dataset\train\Closed\_324.jpg,d:\driver-drowsiness-detection\eye_dataset\train\Closed\_324.jpg,Closed,train,SIM_0252,84,84,224,224
D:\driver-drowsiness-detection\dataset\train\Closed\_325.jpg,d:\driver-drowsiness-detection\eye_dataset\train\Closed\_325.jpg,Closed,train,SIM_0253,75,75,224,224
D:\driver-drowsiness-detection\dataset\train\Closed\_326.jpg,d:\driver-drowsiness-detection\eye_dataset\test\Closed\_326.jpg,Closed,test,SIM_0254,312,300,224,224
D:\driver-drowsiness-detection\dataset\train\Closed\_327.jpg,d:\driver-drowsiness-detection\eye_dataset\train\Closed\_327.jpg,Closed,train,SIM_0255,568,587,224,224
D:\driver-drowsiness-detection\dataset\train\Closed\_328.jpg,d:\driver-drowsiness-detection\eye_dataset\validation\Closed\_328.jpg,Closed,validation,SIM_0256,461,364,224,224
D:\driver-drowsiness-detection\dataset\train\Closed\_329.jpg,d:\driver-drowsiness-detection\eye_dataset\train\Closed\_329.jpg,Closed,train,SIM_0257,125,125,224,224
D:\driver-drowsiness-detection\dataset\train\Closed\_33.jpg,d:\driver-drowsiness-detection\eye_dataset\train\Closed\_33.jpg,Closed,train,SIM_0258,117,110,224,224
D:\driver-drowsiness-detection\dataset\train\Closed\_330.jpg,d:\driver-drowsiness-detection\eye_dataset\validation\Closed\_330.jpg,Closed,validation,SIM_0259,263,274,224,224
D:\driver-drowsiness-detection\dataset\train\Closed\_331.jpg,d:\driver-drowsiness-detection\eye_dataset\train\Closed\_331.jpg,Closed,train,SIM_0260,111,111,224,224
D:\driver-drowsiness-detection\dataset\train\Closed\_332.jpg,d:\driver-drowsiness-detection\eye_dataset\validation\Closed\_332.jpg,Closed,validation,SIM_0261,337,243,224,224
D:\driver-drowsiness-detection\dataset\train\Closed\_333.jpg,d:\driver-drowsiness-detection\eye_dataset\train\Closed\_333.jpg,Closed,train,SIM_0262,314,258,224,224
D:\driver-drowsiness-detection\dataset\train\Closed\_334.jpg,d:\driver-drowsiness-detection\eye_dataset\test\Closed\_334.jpg,Closed,test,SIM_0263,97,91,224,224
D:\driver-drowsiness-detection\dataset\train\Closed\_335.jpg,d:\driver-drowsiness-detection\eye_dataset\train\Closed\_335.jpg,Closed,train,SIM_0264,84,94,224,224
D:\driver-drowsiness-detection\dataset\train\Closed\_336.jpg,d:\driver-drowsiness-detection\eye_dataset\validation\Closed\_336.jpg,Closed,validation,SIM_0265,349,300,224,224
D:\driver-drowsiness-detection\dataset\train\Closed\_337.jpg,d:\driver-drowsiness-detection\eye_dataset\train\Closed\_337.jpg,Closed,train,SIM_0266,390,300,224,224
D:\driver-drowsiness-detection\dataset\train\Closed\_338.jpg,d:\driver-drowsiness-detection\eye_dataset\train\Closed\_338.jpg,Closed,train,SIM_0267,428,471,224,224
D:\driver-drowsiness-detection\dataset\train\Closed\_339.jpg,d:\driver-drowsiness-detection\eye_dataset\train\Closed\_339.jpg,Closed,train,SIM_0268,449,542,224,224
D:\driver-drowsiness-detection\dataset\train\Closed\_34.jpg,d:\driver-drowsiness-detection\eye_dataset\test\Closed\_34.jpg,Closed,test,SIM_0269,133,93,224,224
D:\driver-drowsiness-detection\dataset\train\Closed\_340.jpg,d:\driver-drowsiness-detection\eye_dataset\train\Closed\_340.jpg,Closed,train,SIM_0270,391,300,224,224
D:\driver-drowsiness-detection\dataset\train\Closed\_341.jpg,d:\driver-drowsiness-detection\eye_dataset\train\Closed\_341.jpg,Closed,train,SIM_0271,209,171,224,224
D:\driver-drowsiness-detection\dataset\train\Closed\_342.jpg,d:\driver-drowsiness-detection\eye_dataset\train\Closed\_342.jpg,Closed,train,SIM_0272,345,300,224,224
D:\driver-drowsiness-detection\dataset\train\Closed\_343.jpg,d:\driver-drowsiness-detection\eye_dataset\train\Closed\_343.jpg,Closed,train,SIM_0273,360,300,224,224
D:\driver-drowsiness-detection\dataset\train\Closed\_344.jpg,d:\driver-drowsiness-detection\eye_dataset\train\Closed\_344.jpg,Closed,train,SIM_0274,135,135,224,224
D:\driver-drowsiness-detection\dataset\train\Closed\_345.jpg,d:\driver-drowsiness-detection\eye_dataset\train\Closed\_345.jpg,Closed,train,SIM_0275,116,116,224,224
D:\driver-drowsiness-detection\dataset\train\Closed\_346.jpg,d:\driver-drowsiness-detection\eye_dataset\train\Closed\_346.jpg,Closed,train,SIM_0276,435,300,224,224
D:\driver-drowsiness-detection\dataset\train\Closed\_347.jpg,d:\driver-drowsiness-detection\eye_dataset\train\Closed\_347.jpg,Closed,train,SIM_0277,112,112,224,224
D:\driver-drowsiness-detection\dataset\train\Closed\_348.jpg,d:\driver-drowsiness-detection\eye_dataset\train\Closed\_348.jpg,Closed,train,SIM_0278,114,114,224,224
D:\driver-drowsiness-detection\dataset\train\Closed\_349.jpg,d:\driver-drowsiness-detection\eye_dataset\train\Closed\_349.jpg,Closed,train,SIM_0279,345,300,224,224
D:\driver-drowsiness-detection\dataset\train\Closed\_35.jpg,d:\driver-drowsiness-detection\eye_dataset\train\Closed\_35.jpg,Closed,train,SIM_0280,86,88,224,224
D:\driver-drowsiness-detection\dataset\train\Closed\_350.jpg,d:\driver-drowsiness-detection\eye_dataset\validation\Closed\_350.jpg,Closed,validation,SIM_0281,392,300,224,224
D:\driver-drowsiness-detection\dataset\train\Closed\_351.jpg,d:\driver-drowsiness-detection\eye_dataset\train\Closed\_351.jpg,Closed,train,SIM_0282,128,128,224,224
D:\driver-drowsiness-detection\dataset\train\Closed\_352.jpg,d:\driver-drowsiness-detection\eye_dataset\train\Closed\_352.jpg,Closed,train,SIM_0283,113,113,224,224
D:\driver-drowsiness-detection\dataset\train\Closed\_353.jpg,d:\driver-drowsiness-detection\eye_dataset\train\Closed\_353.jpg,Closed,train,SIM_0284,144,136,224,224
D:\driver-drowsiness-detection\dataset\train\Closed\_354.jpg,d:\driver-drowsiness-detection\eye_dataset\validation\Closed\_354.jpg,Closed,validation,SIM_0285,110,98,224,224
D:\driver-drowsiness-detection\dataset\train\Closed\_355.jpg,d:\driver-drowsiness-detection\eye_dataset\train\Closed\_355.jpg,Closed,train,SIM_0286,208,161,224,224
D:\driver-drowsiness-detection\dataset\train\Closed\_356.jpg,d:\driver-drowsiness-detection\eye_dataset\train\Closed\_356.jpg,Closed,train,SIM_0287,120,121,224,224
D:\driver-drowsiness-detection\dataset\train\Closed\_357.jpg,d:\driver-drowsiness-detection\eye_dataset\train\Closed\_357.jpg,Closed,train,SIM_0288,137,137,224,224
D:\driver-drowsiness-detection\dataset\train\Closed\_358.jpg,d:\driver-drowsiness-detection\eye_dataset\train\Closed\_358.jpg,Closed,train,SIM_0289,129,130,224,224
D:\driver-drowsiness-detection\dataset\train\Closed\_359.jpg,d:\driver-drowsiness-detection\eye_dataset\train\Closed\_359.jpg,Closed,train,SIM_0290,409,300,224,224
D:\driver-drowsiness-detection\dataset\train\Closed\_36.jpg,d:\driver-drowsiness-detection\eye_dataset\train\Closed\_36.jpg,Closed,train,SIM_0291,87,83,224,224
D:\driver-drowsiness-detection\dataset\train\Closed\_360.jpg,d:\driver-drowsiness-detection\eye_dataset\train\Closed\_360.jpg,Closed,train,SIM_0292,117,117,224,224
D:\driver-drowsiness-detection\dataset\train\Closed\_361.jpg,d:\driver-drowsiness-detection\eye_dataset\train\Closed\_361.jpg,Closed,train,SIM_0293,103,103,224,224
D:\driver-drowsiness-detection\dataset\train\Closed\_362.jpg,d:\driver-drowsiness-detection\eye_dataset\test\Closed\_362.jpg,Closed,test,SIM_0294,433,300,224,224
D:\driver-drowsiness-detection\dataset\train\Closed\_363.jpg,d:\driver-drowsiness-detection\eye_dataset\train\Closed\_363.jpg,Closed,train,SIM_0295,410,300,224,224
D:\driver-drowsiness-detection\dataset\train\Closed\_364.jpg,d:\driver-drowsiness-detection\eye_dataset\train\Closed\_364.jpg,Closed,train,SIM_0296,105,105,224,224
D:\driver-drowsiness-detection\dataset\train\Closed\_365.jpg,d:\driver-drowsiness-detection\eye_dataset\train\Closed\_365.jpg,Closed,train,SIM_0297,99,99,224,224
D:\driver-drowsiness-detection\dataset\train\Closed\_366.jpg,d:\driver-drowsiness-detection\eye_dataset\train\Closed\_366.jpg,Closed,train,SIM_0298,102,99,224,224
D:\driver-drowsiness-detection\dataset\train\Closed\_367.jpg,d:\driver-drowsiness-detection\eye_dataset\train\Closed\_367.jpg,Closed,train,SIM_0299,343,300,224,224
D:\driver-drowsiness-detection\dataset\train\Closed\_368.jpg,d:\driver-drowsiness-detection\eye_dataset\train\Closed\_368.jpg,Closed,train,SIM_0300,384,300,224,224
D:\driver-drowsiness-detection\dataset\train\Closed\_369.jpg,d:\driver-drowsiness-detection\eye_dataset\train\Closed\_369.jpg,Closed,train,SIM_0301,342,300,224,224
D:\driver-drowsiness-detection\dataset\train\Closed\_37.jpg,d:\driver-drowsiness-detection\eye_dataset\test\Closed\_37.jpg,Closed,test,SIM_0302,125,127,224,224
D:\driver-drowsiness-detection\dataset\train\Closed\_370.jpg,d:\driver-drowsiness-detection\eye_dataset\validation\Closed\_370.jpg,Closed,validation,SIM_0303,300,326,224,224
D:\driver-drowsiness-detection\dataset\train\Closed\_371.jpg,d:\driver-drowsiness-detection\eye_dataset\train\Closed\_371.jpg,Closed,train,SIM_0304,461,461,224,224
D:\driver-drowsiness-detection\dataset\train\Closed\_372.jpg,d:\driver-drowsiness-detection\eye_dataset\train\Closed\_372.jpg,Closed,train,SIM_0305,558,558,224,224
D:\driver-drowsiness-detection\dataset\train\Closed\_373.jpg,d:\driver-drowsiness-detection\eye_dataset\train\Closed\_373.jpg,Closed,train,SIM_0306,532,542,224,224
D:\driver-drowsiness-detection\dataset\train\Closed\_374.jpg,d:\driver-drowsiness-detection\eye_dataset\train\Closed\_374.jpg,Closed,train,SIM_0307,550,513,224,224
D:\driver-drowsiness-detection\dataset\train\Closed\_375.jpg,d:\driver-drowsiness-detection\eye_dataset\train\Closed\_375.jpg,Closed,train,SIM_0308,858,845,224,224
D:\driver-drowsiness-detection\dataset\train\Closed\_376.jpg,d:\driver-drowsiness-detection\eye_dataset\train\Closed\_376.jpg,Closed,train,SIM_0309,703,702,224,224
D:\driver-drowsiness-detection\dataset\train\Closed\_377.jpg,d:\driver-drowsiness-detection\eye_dataset\train\Closed\_377.jpg,Closed,train,SIM_0310,134,120,224,224
D:\driver-drowsiness-detection\dataset\train\Closed\_378.jpg,d:\driver-drowsiness-detection\eye_dataset\train\Closed\_378.jpg,Closed,train,SIM_0311,247,247,224,224
D:\driver-drowsiness-detection\dataset\train\Closed\_379.jpg,d:\driver-drowsiness-detection\eye_dataset\train\Closed\_379.jpg,Closed,train,SIM_0312,234,234,224,224
D:\driver-drowsiness-detection\dataset\train\Closed\_38.jpg,d:\driver-drowsiness-detection\eye_dataset\train\Closed\_38.jpg,Closed,train,SIM_0313,92,86,224,224
D:\driver-drowsiness-detection\dataset\train\Closed\_380.jpg,d:\driver-drowsiness-detection\eye_dataset\train\Closed\_380.jpg,Closed,train,SIM_0314,362,310,224,224
D:\driver-drowsiness-detection\dataset\train\Closed\_381.jpg,d:\driver-drowsiness-detection\eye_dataset\validation\Closed\_381.jpg,Closed,validation,SIM_0315,279,264,224,224
D:\driver-drowsiness-detection\dataset\train\Closed\_382.jpg,d:\driver-drowsiness-detection\eye_dataset\train\Closed\_382.jpg,Closed,train,SIM_0316,455,447,224,224
D:\driver-drowsiness-detection\dataset\train\Closed\_383.jpg,d:\driver-drowsiness-detection\eye_dataset\train\Closed\_383.jpg,Closed,train,SIM_0317,441,441,224,224
D:\driver-drowsiness-detection\dataset\train\Closed\_384.jpg,d:\driver-drowsiness-detection\eye_dataset\test\Closed\_384.jpg,Closed,test,SIM_0318,644,644,224,224
D:\driver-drowsiness-detection\dataset\train\Closed\_385.jpg,d:\driver-drowsiness-detection\eye_dataset\train\Closed\_385.jpg,Closed,train,SIM_0319,512,512,224,224
D:\driver-drowsiness-detection\dataset\train\Closed\_386.jpg,d:\driver-drowsiness-detection\eye_dataset\train\Closed\_386.jpg,Closed,train,SIM_0320,766,766,224,224
D:\driver-drowsiness-detection\dataset\train\Closed\_387.jpg,d:\driver-drowsiness-detection\eye_dataset\validation\Closed\_387.jpg,Closed,validation,SIM_0321,693,693,224,224
D:\driver-drowsiness-detection\dataset\train\Closed\_388.jpg,d:\driver-drowsiness-detection\eye_dataset\train\Closed\_388.jpg,Closed,train,SIM_0322,130,117,224,224
D:\driver-drowsiness-detection\dataset\train\Closed\_389.jpg,d:\driver-drowsiness-detection\eye_dataset\train\Closed\_389.jpg,Closed,train,SIM_0323,706,706,224,224
D:\driver-drowsiness-detection\dataset\train\Closed\_39.jpg,d:\driver-drowsiness-detection\eye_dataset\train\Closed\_39.jpg,Closed,train,SIM_0324,356,356,224,224
D:\driver-drowsiness-detection\dataset\train\Closed\_390.jpg,d:\driver-drowsiness-detection\eye_dataset\train\Closed\_390.jpg,Closed,train,SIM_0325,644,644,224,224
D:\driver-drowsiness-detection\dataset\train\Closed\_391.jpg,d:\driver-drowsiness-detection\eye_dataset\validation\Closed\_391.jpg,Closed,validation,SIM_0326,487,487,224,224
D:\driver-drowsiness-detection\dataset\train\Closed\_392.jpg,d:\driver-drowsiness-detection\eye_dataset\train\Closed\_392.jpg,Closed,train,SIM_0327,185,163,224,224
D:\driver-drowsiness-detection\dataset\train\Closed\_393.jpg,d:\driver-drowsiness-detection\eye_dataset\train\Closed\_393.jpg,Closed,train,SIM_0328,144,144,224,224
D:\driver-drowsiness-detection\dataset\train\Closed\_394.jpg,d:\driver-drowsiness-detection\eye_dataset\validation\Closed\_394.jpg,Closed,validation,SIM_0329,177,176,224,224
D:\driver-drowsiness-detection\dataset\train\Closed\_395.jpg,d:\driver-drowsiness-detection\eye_dataset\train\Closed\_395.jpg,Closed,train,SIM_0330,160,159,224,224
D:\driver-drowsiness-detection\dataset\train\Closed\_396.jpg,d:\driver-drowsiness-detection\eye_dataset\test\Closed\_396.jpg,Closed,test,SIM_0331,186,185,224,224
D:\driver-drowsiness-detection\dataset\train\Closed\_397.jpg,d:\driver-drowsiness-detection\eye_dataset\train\Closed\_397.jpg,Closed,train,SIM_0332,166,167,224,224
D:\driver-drowsiness-detection\dataset\train\Closed\_398.jpg,d:\driver-drowsiness-detection\eye_dataset\train\Closed\_398.jpg,Closed,train,SIM_0333,169,169,224,224
D:\driver-drowsiness-detection\dataset\train\Closed\_399.jpg,d:\driver-drowsiness-detection\eye_dataset\validation\Closed\_399.jpg,Closed,validation,SIM_0334,160,156,224,224
D:\driver-drowsiness-detection\dataset\train\Closed\_4.jpg,d:\driver-drowsiness-detection\eye_dataset\train\Closed\_4.jpg,Closed,train,SIM_0335,249,232,224,224
D:\driver-drowsiness-detection\dataset\train\Closed\_40.jpg,d:\driver-drowsiness-detection\eye_dataset\validation\Closed\_40.jpg,Closed,validation,SIM_0336,77,77,224,224
D:\driver-drowsiness-detection\dataset\train\Closed\_400.jpg,d:\driver-drowsiness-detection\eye_dataset\train\Closed\_400.jpg,Closed,train,SIM_0337,181,181,224,224
D:\driver-drowsiness-detection\dataset\train\Closed\_401.jpg,d:\driver-drowsiness-detection\eye_dataset\test\Closed\_401.jpg,Closed,test,SIM_0338,189,189,224,224
D:\driver-drowsiness-detection\dataset\train\Closed\_402.jpg,d:\driver-drowsiness-detection\eye_dataset\train\Closed\_402.jpg,Closed,train,SIM_0339,841,841,224,224
D:\driver-drowsiness-detection\dataset\train\Closed\_403.jpg,d:\driver-drowsiness-detection\eye_dataset\train\Closed\_403.jpg,Closed,train,SIM_0340,726,726,224,224
D:\driver-drowsiness-detection\dataset\train\Closed\_404.jpg,d:\driver-drowsiness-detection\eye_dataset\train\Closed\_404.jpg,Closed,train,SIM_0341,118,118,224,224
D:\driver-drowsiness-detection\dataset\train\Closed\_405.jpg,d:\driver-drowsiness-detection\eye_dataset\train\Closed\_405.jpg,Closed,train,SIM_0342,109,109,224,224
D:\driver-drowsiness-detection\dataset\train\Closed\_406.jpg,d:\driver-drowsiness-detection\eye_dataset\train\Closed\_406.jpg,Closed,train,SIM_0343,129,129,224,224
D:\driver-drowsiness-detection\dataset\train\Closed\_407.jpg,d:\driver-drowsiness-detection\eye_dataset\train\Closed\_407.jpg,Closed,train,SIM_0344,117,117,224,224
D:\driver-drowsiness-detection\dataset\train\Closed\_408.jpg,d:\driver-drowsiness-detection\eye_dataset\train\Closed\_408.jpg,Closed,train,SIM_0345,98,98,224,224
D:\driver-drowsiness-detection\dataset\train\Closed\_409.jpg,d:\driver-drowsiness-detection\eye_dataset\validation\Closed\_409.jpg,Closed,validation,SIM_0346,114,113,224,224
D:\driver-drowsiness-detection\dataset\train\Closed\_41.jpg,d:\driver-drowsiness-detection\eye_dataset\train\Closed\_41.jpg,Closed,train,SIM_0347,78,68,224,224
D:\driver-drowsiness-detection\dataset\train\Closed\_410.jpg,d:\driver-drowsiness-detection\eye_dataset\train\Closed\_410.jpg,Closed,train,SIM_0348,225,224,224,224
D:\driver-drowsiness-detection\dataset\train\Closed\_411.jpg,d:\driver-drowsiness-detection\eye_dataset\train\Closed\_411.jpg,Closed,train,SIM_0349,895,895,224,224
D:\driver-drowsiness-detection\dataset\train\Closed\_412.jpg,d:\driver-drowsiness-detection\eye_dataset\train\Closed\_412.jpg,Closed,train,SIM_0350,956,956,224,224
D:\driver-drowsiness-detection\dataset\train\Closed\_413.jpg,d:\driver-drowsiness-detection\eye_dataset\train\Closed\_413.jpg,Closed,train,SIM_0351,831,830,224,224
D:\driver-drowsiness-detection\dataset\train\Closed\_414.jpg,d:\driver-drowsiness-detection\eye_dataset\train\Closed\_414.jpg,Closed,train,SIM_0352,783,783,224,224
D:\driver-drowsiness-detection\dataset\train\Closed\_415.jpg,d:\driver-drowsiness-detection\eye_dataset\train\Closed\_415.jpg,Closed,train,SIM_0353,107,107,224,224
D:\driver-drowsiness-detection\dataset\train\Closed\_416.jpg,d:\driver-drowsiness-detection\eye_dataset\train\Closed\_416.jpg,Closed,train,SIM_0354,107,107,224,224
D:\driver-drowsiness-detection\dataset\train\Closed\_417.jpg,d:\driver-drowsiness-detection\eye_dataset\train\Closed\_417.jpg,Closed,train,SIM_0355,100,100,224,224
D:\driver-drowsiness-detection\dataset\train\Closed\_418.jpg,d:\driver-drowsiness-detection\eye_dataset\train\Closed\_418.jpg,Closed,train,SIM_0356,102,102,224,224
D:\driver-drowsiness-detection\dataset\train\Closed\_419.jpg,d:\driver-drowsiness-detection\eye_dataset\test\Closed\_419.jpg,Closed,test,SIM_0357,110,109,224,224
D:\driver-drowsiness-detection\dataset\train\Closed\_42.jpg,d:\driver-drowsiness-detection\eye_dataset\train\Closed\_42.jpg,Closed,train,SIM_0358,202,150,224,224
D:\driver-drowsiness-detection\dataset\train\Closed\_420.jpg,d:\driver-drowsiness-detection\eye_dataset\train\Closed\_420.jpg,Closed,train,SIM_0359,109,109,224,224
D:\driver-drowsiness-detection\dataset\train\Closed\_421.jpg,d:\driver-drowsiness-detection\eye_dataset\train\Closed\_421.jpg,Closed,train,SIM_0360,85,96,224,224
D:\driver-drowsiness-detection\dataset\train\Closed\_422.jpg,d:\driver-drowsiness-detection\eye_dataset\train\Closed\_422.jpg,Closed,train,SIM_0361,153,153,224,224
D:\driver-drowsiness-detection\dataset\train\Closed\_423.jpg,d:\driver-drowsiness-detection\eye_dataset\train\Closed\_423.jpg,Closed,train,SIM_0362,126,127,224,224
D:\driver-drowsiness-detection\dataset\train\Closed\_424.jpg,d:\driver-drowsiness-detection\eye_dataset\validation\Closed\_424.jpg,Closed,validation,SIM_0363,137,137,224,224
D:\driver-drowsiness-detection\dataset\train\Closed\_425.jpg,d:\driver-drowsiness-detection\eye_dataset\train\Closed\_425.jpg,Closed,train,SIM_0364,136,136,224,224
D:\driver-drowsiness-detection\dataset\train\Closed\_426.jpg,d:\driver-drowsiness-detection\eye_dataset\validation\Closed\_426.jpg,Closed,validation,SIM_0365,134,134,224,224
D:\driver-drowsiness-detection\dataset\train\Closed\_427.jpg,d:\driver-drowsiness-detection\eye_dataset\train\Closed\_427.jpg,Closed,train,SIM_0366,1280,1280,224,224
D:\driver-drowsiness-detection\dataset\train\Closed\_428.jpg,d:\driver-drowsiness-detection\eye_dataset\train\Closed\_428.jpg,Closed,train,SIM_0367,1280,1280,224,224
D:\driver-drowsiness-detection\dataset\train\Closed\_429.jpg,d:\driver-drowsiness-detection\eye_dataset\train\Closed\_429.jpg,Closed,train,SIM_0368,695,694,224,224
D:\driver-drowsiness-detection\dataset\train\Closed\_43.jpg,d:\driver-drowsiness-detection\eye_dataset\train\Closed\_43.jpg,Closed,train,SIM_0369,107,90,224,224
D:\driver-drowsiness-detection\dataset\train\Closed\_430.jpg,d:\driver-drowsiness-detection\eye_dataset\test\Closed\_430.jpg,Closed,test,SIM_0370,745,745,224,224
D:\driver-drowsiness-detection\dataset\train\Closed\_431.jpg,d:\driver-drowsiness-detection\eye_dataset\validation\Closed\_431.jpg,Closed,validation,SIM_0371,788,788,224,224
D:\driver-drowsiness-detection\dataset\train\Closed\_432.jpg,d:\driver-drowsiness-detection\eye_dataset\train\Closed\_432.jpg,Closed,train,SIM_0372,108,102,224,224
D:\driver-drowsiness-detection\dataset\train\Closed\_433.jpg,d:\driver-drowsiness-detection\eye_dataset\train\Closed\_433.jpg,Closed,train,SIM_0373,762,761,224,224
D:\driver-drowsiness-detection\dataset\train\Closed\_434.jpg,d:\driver-drowsiness-detection\eye_dataset\validation\Closed\_434.jpg,Closed,validation,SIM_0374,799,799,224,224
D:\driver-drowsiness-detection\dataset\train\Closed\_435.jpg,d:\driver-drowsiness-detection\eye_dataset\train\Closed\_435.jpg,Closed,train,SIM_0375,861,861,224,224
D:\driver-drowsiness-detection\dataset\train\Closed\_436.jpg,d:\driver-drowsiness-detection\eye_dataset\train\Closed\_436.jpg,Closed,train,SIM_0376,873,872,224,224
D:\driver-drowsiness-detection\dataset\train\Closed\_437.jpg,d:\driver-drowsiness-detection\eye_dataset\train\Closed\_437.jpg,Closed,train,SIM_0377,886,886,224,224
D:\driver-drowsiness-detection\dataset\train\Closed\_438.jpg,d:\driver-drowsiness-detection\eye_dataset\train\Closed\_438.jpg,Closed,train,SIM_0378,638,638,224,224
D:\driver-drowsiness-detection\dataset\train\Closed\_439.jpg,d:\driver-drowsiness-detection\eye_dataset\test\Closed\_439.jpg,Closed,test,SIM_0379,580,580,224,224
D:\driver-drowsiness-detection\dataset\train\Closed\_44.jpg,d:\driver-drowsiness-detection\eye_dataset\test\Closed\_44.jpg,Closed,test,SIM_0380,99,101,224,224
D:\driver-drowsiness-detection\dataset\train\Closed\_440.jpg,d:\driver-drowsiness-detection\eye_dataset\train\Closed\_440.jpg,Closed,train,SIM_0381,1126,1126,224,224
D:\driver-drowsiness-detection\dataset\train\Closed\_441.jpg,d:\driver-drowsiness-detection\eye_dataset\train\Closed\_441.jpg,Closed,train,SIM_0382,1280,1280,224,224
D:\driver-drowsiness-detection\dataset\train\Closed\_442.jpg,d:\driver-drowsiness-detection\eye_dataset\train\Closed\_442.jpg,Closed,train,SIM_0383,994,994,224,224
D:\driver-drowsiness-detection\dataset\train\Closed\_443.jpg,d:\driver-drowsiness-detection\eye_dataset\train\Closed\_443.jpg,Closed,train,SIM_0384,299,244,224,224
D:\driver-drowsiness-detection\dataset\train\Closed\_444.jpg,d:\driver-drowsiness-detection\eye_dataset\validation\Closed\_444.jpg,Closed,validation,SIM_0385,963,962,224,224
D:\driver-drowsiness-detection\dataset\train\Closed\_445.jpg,d:\driver-drowsiness-detection\eye_dataset\train\Closed\_445.jpg,Closed,train,SIM_0386,1280,1280,224,224
D:\driver-drowsiness-detection\dataset\train\Closed\_446.jpg,d:\driver-drowsiness-detection\eye_dataset\validation\Closed\_446.jpg,Closed,validation,SIM_0387,1280,1280,224,224
D:\driver-drowsiness-detection\dataset\train\Closed\_447.jpg,d:\driver-drowsiness-detection\eye_dataset\train\Closed\_447.jpg,Closed,train,SIM_0388,924,923,224,224
D:\driver-drowsiness-detection\dataset\train\Closed\_448.jpg,d:\driver-drowsiness-detection\eye_dataset\validation\Closed\_448.jpg,Closed,validation,SIM_0389,889,889,224,224
D:\driver-drowsiness-detection\dataset\train\Closed\_449.jpg,d:\driver-drowsiness-detection\eye_dataset\train\Closed\_449.jpg,Closed,train,SIM_0390,811,811,224,224
D:\driver-drowsiness-detection\dataset\train\Closed\_45.jpg,d:\driver-drowsiness-detection\eye_dataset\train\Closed\_45.jpg,Closed,train,SIM_0391,234,121,224,224
D:\driver-drowsiness-detection\dataset\train\Closed\_450.jpg,d:\driver-drowsiness-detection\eye_dataset\test\Closed\_450.jpg,Closed,test,SIM_0392,813,813,224,224
D:\driver-drowsiness-detection\dataset\train\Closed\_451.jpg,d:\driver-drowsiness-detection\eye_dataset\test\Closed\_451.jpg,Closed,test,SIM_0393,749,749,224,224
D:\driver-drowsiness-detection\dataset\train\Closed\_452.jpg,d:\driver-drowsiness-detection\eye_dataset\train\Closed\_452.jpg,Closed,train,SIM_0394,159,158,224,224
D:\driver-drowsiness-detection\dataset\train\Closed\_453.jpg,d:\driver-drowsiness-detection\eye_dataset\train\Closed\_453.jpg,Closed,train,SIM_0395,175,175,224,224
D:\driver-drowsiness-detection\dataset\train\Closed\_454.jpg,d:\driver-drowsiness-detection\eye_dataset\validation\Closed\_454.jpg,Closed,validation,SIM_0396,266,233,224,224
D:\driver-drowsiness-detection\dataset\train\Closed\_455.jpg,d:\driver-drowsiness-detection\eye_dataset\train\Closed\_455.jpg,Closed,train,SIM_0397,657,658,224,224
D:\driver-drowsiness-detection\dataset\train\Closed\_456.jpg,d:\driver-drowsiness-detection\eye_dataset\test\Closed\_456.jpg,Closed,test,SIM_0398,685,686,224,224
D:\driver-drowsiness-detection\dataset\train\Closed\_457.jpg,d:\driver-drowsiness-detection\eye_dataset\train\Closed\_457.jpg,Closed,train,SIM_0399,326,326,224,224
D:\driver-drowsiness-detection\dataset\train\Closed\_458.jpg,d:\driver-drowsiness-detection\eye_dataset\test\Closed\_458.jpg,Closed,test,SIM_0400,383,383,224,224
D:\driver-drowsiness-detection\dataset\train\Closed\_459.jpg,d:\driver-drowsiness-detection\eye_dataset\test\Closed\_459.jpg,Closed,test,SIM_0401,208,207,224,224
D:\driver-drowsiness-detection\dataset\train\Closed\_46.jpg,d:\driver-drowsiness-detection\eye_dataset\validation\Closed\_46.jpg,Closed,validation,SIM_0402,166,127,224,224
D:\driver-drowsiness-detection\dataset\train\Closed\_460.jpg,d:\driver-drowsiness-detection\eye_dataset\train\Closed\_460.jpg,Closed,train,SIM_0403,202,202,224,224
D:\driver-drowsiness-detection\dataset\train\Closed\_461.jpg,d:\driver-drowsiness-detection\eye_dataset\test\Closed\_461.jpg,Closed,test,SIM_0404,297,297,224,224
D:\driver-drowsiness-detection\dataset\train\Closed\_462.jpg,d:\driver-drowsiness-detection\eye_dataset\train\Closed\_462.jpg,Closed,train,SIM_0405,239,239,224,224
D:\driver-drowsiness-detection\dataset\train\Closed\_463.jpg,d:\driver-drowsiness-detection\eye_dataset\train\Closed\_463.jpg,Closed,train,SIM_0406,280,280,224,224
D:\driver-drowsiness-detection\dataset\train\Closed\_464.jpg,d:\driver-drowsiness-detection\eye_dataset\train\Closed\_464.jpg,Closed,train,SIM_0407,308,308,224,224
D:\driver-drowsiness-detection\dataset\train\Closed\_465.jpg,d:\driver-drowsiness-detection\eye_dataset\train\Closed\_465.jpg,Closed,train,SIM_0408,127,127,224,224
D:\driver-drowsiness-detection\dataset\train\Closed\_466.jpg,d:\driver-drowsiness-detection\eye_dataset\train\Closed\_466.jpg,Closed,train,SIM_0409,145,128,224,224
D:\driver-drowsiness-detection\dataset\train\Closed\_467.jpg,d:\driver-drowsiness-detection\eye_dataset\train\Closed\_467.jpg,Closed,train,SIM_0410,186,183,224,224
D:\driver-drowsiness-detection\dataset\train\Closed\_468.jpg,d:\driver-drowsiness-detection\eye_dataset\train\Closed\_468.jpg,Closed,train,SIM_0411,242,242,224,224
D:\driver-drowsiness-detection\dataset\train\Closed\_469.jpg,d:\driver-drowsiness-detection\eye_dataset\train\Closed\_469.jpg,Closed,train,SIM_0412,230,230,224,224
D:\driver-drowsiness-detection\dataset\train\Closed\_47.jpg,d:\driver-drowsiness-detection\eye_dataset\validation\Closed\_47.jpg,Closed,validation,SIM_0413,154,105,224,224
D:\driver-drowsiness-detection\dataset\train\Closed\_470.jpg,d:\driver-drowsiness-detection\eye_dataset\train\Closed\_470.jpg,Closed,train,SIM_0414,676,555,224,224
D:\driver-drowsiness-detection\dataset\train\Closed\_471.jpg,d:\driver-drowsiness-detection\eye_dataset\train\Closed\_471.jpg,Closed,train,SIM_0415,237,237,224,224
D:\driver-drowsiness-detection\dataset\train\Closed\_472.jpg,d:\driver-drowsiness-detection\eye_dataset\train\Closed\_472.jpg,Closed,train,SIM_0416,233,234,224,224
D:\driver-drowsiness-detection\dataset\train\Closed\_473.jpg,d:\driver-drowsiness-detection\eye_dataset\train\Closed\_473.jpg,Closed,train,SIM_0417,214,213,224,224
D:\driver-drowsiness-detection\dataset\train\Closed\_474.jpg,d:\driver-drowsiness-detection\eye_dataset\validation\Closed\_474.jpg,Closed,validation,SIM_0418,227,227,224,224
D:\driver-drowsiness-detection\dataset\train\Closed\_475.jpg,d:\driver-drowsiness-detection\eye_dataset\test\Closed\_475.jpg,Closed,test,SIM_0419,279,278,224,224
D:\driver-drowsiness-detection\dataset\train\Closed\_476.jpg,d:\driver-drowsiness-detection\eye_dataset\validation\Closed\_476.jpg,Closed,validation,SIM_0420,295,295,224,224
D:\driver-drowsiness-detection\dataset\train\Closed\_477.jpg,d:\driver-drowsiness-detection\eye_dataset\train\Closed\_477.jpg,Closed,train,SIM_0421,940,714,224,224
D:\driver-drowsiness-detection\dataset\train\Closed\_478.jpg,d:\driver-drowsiness-detection\eye_dataset\train\Closed\_478.jpg,Closed,train,SIM_0422,275,183,224,224
D:\driver-drowsiness-detection\dataset\train\Closed\_479.jpg,d:\driver-drowsiness-detection\eye_dataset\train\Closed\_479.jpg,Closed,train,SIM_0423,357,357,224,224
D:\driver-drowsiness-detection\dataset\train\Closed\_48.jpg,d:\driver-drowsiness-detection\eye_dataset\train\Closed\_48.jpg,Closed,train,SIM_0424,304,300,224,224
D:\driver-drowsiness-detection\dataset\train\Closed\_480.jpg,d:\driver-drowsiness-detection\eye_dataset\train\Closed\_480.jpg,Closed,train,SIM_0425,443,444,224,224
D:\driver-drowsiness-detection\dataset\train\Closed\_481.jpg,d:\driver-drowsiness-detection\eye_dataset\train\Closed\_481.jpg,Closed,train,SIM_0426,360,361,224,224
D:\driver-drowsiness-detection\dataset\train\Closed\_482.jpg,d:\driver-drowsiness-detection\eye_dataset\train\Closed\_482.jpg,Closed,train,SIM_0427,417,416,224,224
D:\driver-drowsiness-detection\dataset\train\Closed\_483.jpg,d:\driver-drowsiness-detection\eye_dataset\train\Closed\_483.jpg,Closed,train,SIM_0428,337,337,224,224
D:\driver-drowsiness-detection\dataset\train\Closed\_484.jpg,d:\driver-drowsiness-detection\eye_dataset\train\Closed\_484.jpg,Closed,train,SIM_0429,662,664,224,224
D:\driver-drowsiness-detection\dataset\train\Closed\_485.jpg,d:\driver-drowsiness-detection\eye_dataset\train\Closed\_485.jpg,Closed,train,SIM_0430,763,762,224,224
D:\driver-drowsiness-detection\dataset\train\Closed\_486.jpg,d:\driver-drowsiness-detection\eye_dataset\train\Closed\_486.jpg,Closed,train,SIM_0431,741,741,224,224
D:\driver-drowsiness-detection\dataset\train\Closed\_487.jpg,d:\driver-drowsiness-detection\eye_dataset\train\Closed\_487.jpg,Closed,train,SIM_0432,710,639,224,224
D:\driver-drowsiness-detection\dataset\train\Closed\_488.jpg,d:\driver-drowsiness-detection\eye_dataset\train\Closed\_488.jpg,Closed,train,SIM_0433,216,216,224,224
D:\driver-drowsiness-detection\dataset\train\Closed\_489.jpg,d:\driver-drowsiness-detection\eye_dataset\train\Closed\_489.jpg,Closed,train,SIM_0434,462,433,224,224
D:\driver-drowsiness-detection\dataset\train\Closed\_49.jpg,d:\driver-drowsiness-detection\eye_dataset\validation\Closed\_49.jpg,Closed,validation,SIM_0435,342,300,224,224
D:\driver-drowsiness-detection\dataset\train\Closed\_490.jpg,d:\driver-drowsiness-detection\eye_dataset\train\Closed\_490.jpg,Closed,train,SIM_0436,219,218,224,224
D:\driver-drowsiness-detection\dataset\train\Closed\_491.jpg,d:\driver-drowsiness-detection\eye_dataset\train\Closed\_491.jpg,Closed,train,SIM_0437,170,170,224,224
D:\driver-drowsiness-detection\dataset\train\Closed\_492.jpg,d:\driver-drowsiness-detection\eye_dataset\train\Closed\_492.jpg,Closed,train,SIM_0438,180,179,224,224
D:\driver-drowsiness-detection\dataset\train\Closed\_493.jpg,d:\driver-drowsiness-detection\eye_dataset\train\Closed\_493.jpg,Closed,train,SIM_0439,155,155,224,224
D:\driver-drowsiness-detection\dataset\train\Closed\_494.jpg,d:\driver-drowsiness-detection\eye_dataset\train\Closed\_494.jpg,Closed,train,SIM_0440,156,156,224,224
D:\driver-drowsiness-detection\dataset\train\Closed\_495.jpg,d:\driver-drowsiness-detection\eye_dataset\train\Closed\_495.jpg,Closed,train,SIM_0441,144,144,224,224
D:\driver-drowsiness-detection\dataset\train\Closed\_496.jpg,d:\driver-drowsiness-detection\eye_dataset\train\Closed\_496.jpg,Closed,train,SIM_0442,155,155,224,224
D:\driver-drowsiness-detection\dataset\train\Closed\_497.jpg,d:\driver-drowsiness-detection\eye_dataset\train\Closed\_497.jpg,Closed,train,SIM_0443,128,128,224,224
D:\driver-drowsiness-detection\dataset\train\Closed\_498.jpg,d:\driver-drowsiness-detection\eye_dataset\train\Closed\_498.jpg,Closed,train,SIM_0444,143,143,224,224
D:\driver-drowsiness-detection\dataset\train\Closed\_499.jpg,d:\driver-drowsiness-detection\eye_dataset\train\Closed\_499.jpg,Closed,train,SIM_0445,337,300,224,224
D:\driver-drowsiness-detection\dataset\train\Closed\_5.jpg,d:\driver-drowsiness-detection\eye_dataset\train\Closed\_5.jpg,Closed,train,SIM_0446,124,102,224,224
D:\driver-drowsiness-detection\dataset\train\Closed\_50.jpg,d:\driver-drowsiness-detection\eye_dataset\validation\Closed\_50.jpg,Closed,validation,SIM_0447,351,300,224,224
D:\driver-drowsiness-detection\dataset\train\Closed\_500.jpg,d:\driver-drowsiness-detection\eye_dataset\train\Closed\_500.jpg,Closed,train,SIM_0448,136,135,224,224
D:\driver-drowsiness-detection\dataset\train\Closed\_501.jpg,d:\driver-drowsiness-detection\eye_dataset\train\Closed\_501.jpg,Closed,train,SIM_0449,421,300,224,224
D:\driver-drowsiness-detection\dataset\train\Closed\_502.jpg,d:\driver-drowsiness-detection\eye_dataset\train\Closed\_502.jpg,Closed,train,SIM_0450,323,300,224,224
D:\driver-drowsiness-detection\dataset\train\Closed\_503.jpg,d:\driver-drowsiness-detection\eye_dataset\train\Closed\_503.jpg,Closed,train,SIM_0451,381,300,224,224
D:\driver-drowsiness-detection\dataset\train\Closed\_504.jpg,d:\driver-drowsiness-detection\eye_dataset\train\Closed\_504.jpg,Closed,train,SIM_0452,327,300,224,224
D:\driver-drowsiness-detection\dataset\train\Closed\_505.jpg,d:\driver-drowsiness-detection\eye_dataset\test\Closed\_505.jpg,Closed,test,SIM_0453,408,300,224,224
D:\driver-drowsiness-detection\dataset\train\Closed\_506.jpg,d:\driver-drowsiness-detection\eye_dataset\train\Closed\_506.jpg,Closed,train,SIM_0454,300,307,224,224
D:\driver-drowsiness-detection\dataset\train\Closed\_507.jpg,d:\driver-drowsiness-detection\eye_dataset\train\Closed\_507.jpg,Closed,train,SIM_0455,300,322,224,224
D:\driver-drowsiness-detection\dataset\train\Closed\_508.jpg,d:\driver-drowsiness-detection\eye_dataset\test\Closed\_508.jpg,Closed,test,SIM_0456,300,306,224,224
D:\driver-drowsiness-detection\dataset\train\Closed\_509.jpg,d:\driver-drowsiness-detection\eye_dataset\validation\Closed\_509.jpg,Closed,validation,SIM_0457,300,303,224,224
D:\driver-drowsiness-detection\dataset\train\Closed\_51.jpg,d:\driver-drowsiness-detection\eye_dataset\train\Closed\_51.jpg,Closed,train,SIM_0458,358,360,224,224
D:\driver-drowsiness-detection\dataset\train\Closed\_510.jpg,d:\driver-drowsiness-detection\eye_dataset\train\Closed\_510.jpg,Closed,train,SIM_0459,300,319,224,224
D:\driver-drowsiness-detection\dataset\train\Closed\_511.jpg,d:\driver-drowsiness-detection\eye_dataset\test\Closed\_511.jpg,Closed,test,SIM_0460,128,128,224,224
D:\driver-drowsiness-detection\dataset\train\Closed\_512.jpg,d:\driver-drowsiness-detection\eye_dataset\train\Closed\_512.jpg,Closed,train,SIM_0461,300,302,224,224
D:\driver-drowsiness-detection\dataset\train\Closed\_513.jpg,d:\driver-drowsiness-detection\eye_dataset\train\Closed\_513.jpg,Closed,train,SIM_0462,308,300,224,224
D:\driver-drowsiness-detection\dataset\train\Closed\_514.jpg,d:\driver-drowsiness-detection\eye_dataset\train\Closed\_514.jpg,Closed,train,SIM_0463,300,335,224,224
D:\driver-drowsiness-detection\dataset\train\Closed\_515.jpg,d:\driver-drowsiness-detection\eye_dataset\train\Closed\_515.jpg,Closed,train,SIM_0464,320,300,224,224
D:\driver-drowsiness-detection\dataset\train\Closed\_516.jpg,d:\driver-drowsiness-detection\eye_dataset\train\Closed\_516.jpg,Closed,train,SIM_0465,310,300,224,224
D:\driver-drowsiness-detection\dataset\train\Closed\_517.jpg,d:\driver-drowsiness-detection\eye_dataset\train\Closed\_517.jpg,Closed,train,SIM_0466,329,300,224,224
D:\driver-drowsiness-detection\dataset\train\Closed\_518.jpg,d:\driver-drowsiness-detection\eye_dataset\test\Closed\_518.jpg,Closed,test,SIM_0467,323,300,224,224
D:\driver-drowsiness-detection\dataset\train\Closed\_519.jpg,d:\driver-drowsiness-detection\eye_dataset\train\Closed\_519.jpg,Closed,train,SIM_0468,300,310,224,224
D:\driver-drowsiness-detection\dataset\train\Closed\_52.jpg,d:\driver-drowsiness-detection\eye_dataset\train\Closed\_52.jpg,Closed,train,SIM_0469,67,68,224,224
D:\driver-drowsiness-detection\dataset\train\Closed\_520.jpg,d:\driver-drowsiness-detection\eye_dataset\test\Closed\_520.jpg,Closed,test,SIM_0470,300,335,224,224
D:\driver-drowsiness-detection\dataset\train\Closed\_521.jpg,d:\driver-drowsiness-detection\eye_dataset\validation\Closed\_521.jpg,Closed,validation,SIM_0471,300,344,224,224
D:\driver-drowsiness-detection\dataset\train\Closed\_522.jpg,d:\driver-drowsiness-detection\eye_dataset\train\Closed\_522.jpg,Closed,train,SIM_0472,316,370,224,224
D:\driver-drowsiness-detection\dataset\train\Closed\_523.jpg,d:\driver-drowsiness-detection\eye_dataset\train\Closed\_523.jpg,Closed,train,SIM_0473,358,300,224,224
D:\driver-drowsiness-detection\dataset\train\Closed\_524.jpg,d:\driver-drowsiness-detection\eye_dataset\train\Closed\_524.jpg,Closed,train,SIM_0474,300,359,224,224
D:\driver-drowsiness-detection\dataset\train\Closed\_525.jpg,d:\driver-drowsiness-detection\eye_dataset\test\Closed\_525.jpg,Closed,test,SIM_0475,300,309,224,224
D:\driver-drowsiness-detection\dataset\train\Closed\_526.jpg,d:\driver-drowsiness-detection\eye_dataset\train\Closed\_526.jpg,Closed,train,SIM_0476,137,137,224,224
D:\driver-drowsiness-detection\dataset\train\Closed\_527.jpg,d:\driver-drowsiness-detection\eye_dataset\train\Closed\_527.jpg,Closed,train,SIM_0477,122,122,224,224
D:\driver-drowsiness-detection\dataset\train\Closed\_528.jpg,d:\driver-drowsiness-detection\eye_dataset\train\Closed\_528.jpg,Closed,train,SIM_0478,273,303,224,224
D:\driver-drowsiness-detection\dataset\train\Closed\_529.jpg,d:\driver-drowsiness-detection\eye_dataset\train\Closed\_529.jpg,Closed,train,SIM_0479,323,300,224,224
D:\driver-drowsiness-detection\dataset\train\Closed\_53.jpg,d:\driver-drowsiness-detection\eye_dataset\train\Closed\_53.jpg,Closed,train,SIM_0480,385,373,224,224
D:\driver-drowsiness-detection\dataset\train\Closed\_530.jpg,d:\driver-drowsiness-detection\eye_dataset\train\Closed\_530.jpg,Closed,train,SIM_0481,300,303,224,224
D:\driver-drowsiness-detection\dataset\train\Closed\_531.jpg,d:\driver-drowsiness-detection\eye_dataset\train\Closed\_531.jpg,Closed,train,SIM_0482,300,314,224,224
D:\driver-drowsiness-detection\dataset\train\Closed\_532.jpg,d:\driver-drowsiness-detection\eye_dataset\train\Closed\_532.jpg,Closed,train,SIM_0483,300,349,224,224
D:\driver-drowsiness-detection\dataset\train\Closed\_533.jpg,d:\driver-drowsiness-detection\eye_dataset\train\Closed\_533.jpg,Closed,train,SIM_0484,164,145,224,224
D:\driver-drowsiness-detection\dataset\train\Closed\_534.jpg,d:\driver-drowsiness-detection\eye_dataset\train\Closed\_534.jpg,Closed,train,SIM_0485,331,300,224,224
D:\driver-drowsiness-detection\dataset\train\Closed\_535.jpg,d:\driver-drowsiness-detection\eye_dataset\train\Closed\_535.jpg,Closed,train,SIM_0486,300,314,224,224
D:\driver-drowsiness-detection\dataset\train\Closed\_536.jpg,d:\driver-drowsiness-detection\eye_dataset\train\Closed\_536.jpg,Closed,train,SIM_0487,300,311,224,224
D:\driver-drowsiness-detection\dataset\train\Closed\_537.jpg,d:\driver-drowsiness-detection\eye_dataset\test\Closed\_537.jpg,Closed,test,SIM_0488,300,354,224,224
D:\driver-drowsiness-detection\dataset\train\Closed\_538.jpg,d:\driver-drowsiness-detection\eye_dataset\test\Closed\_538.jpg,Closed,test,SIM_0489,253,253,224,224
D:\driver-drowsiness-detection\dataset\train\Closed\_539.jpg,d:\driver-drowsiness-detection\eye_dataset\train\Closed\_539.jpg,Closed,train,SIM_0490,362,300,224,224
D:\driver-drowsiness-detection\dataset\train\Closed\_54.jpg,d:\driver-drowsiness-detection\eye_dataset\train\Closed\_54.jpg,Closed,train,SIM_0491,294,310,224,224
D:\driver-drowsiness-detection\dataset\train\Closed\_540.jpg,d:\driver-drowsiness-detection\eye_dataset\validation\Closed\_540.jpg,Closed,validation,SIM_0492,311,300,224,224
D:\driver-drowsiness-detection\dataset\train\Closed\_541.jpg,d:\driver-drowsiness-detection\eye_dataset\test\Closed\_541.jpg,Closed,test,SIM_0493,300,335,224,224
D:\driver-drowsiness-detection\dataset\train\Closed\_542.jpg,d:\driver-drowsiness-detection\eye_dataset\train\Closed\_542.jpg,Closed,train,SIM_0494,359,300,224,224
D:\driver-drowsiness-detection\dataset\train\Closed\_543.jpg,d:\driver-drowsiness-detection\eye_dataset\train\Closed\_543.jpg,Closed,train,SIM_0495,362,300,224,224
D:\driver-drowsiness-detection\dataset\train\Closed\_544.jpg,d:\driver-drowsiness-detection\eye_dataset\train\Closed\_544.jpg,Closed,train,SIM_0496,300,300,224,224
D:\driver-drowsiness-detection\dataset\train\Closed\_545.jpg,d:\driver-drowsiness-detection\eye_dataset\train\Closed\_545.jpg,Closed,train,SIM_0497,300,307,224,224
D:\driver-drowsiness-detection\dataset\train\Closed\_546.jpg,d:\driver-drowsiness-detection\eye_dataset\train\Closed\_546.jpg,Closed,train,SIM_0498,304,300,224,224
D:\driver-drowsiness-detection\dataset\train\Closed\_547.jpg,d:\driver-drowsiness-detection\eye_dataset\train\Closed\_547.jpg,Closed,train,SIM_0499,300,315,224,224
D:\driver-drowsiness-detection\dataset\train\Closed\_548.jpg,d:\driver-drowsiness-detection\eye_dataset\train\Closed\_548.jpg,Closed,train,SIM_0500,300,305,224,224
D:\driver-drowsiness-detection\dataset\train\Closed\_549.jpg,d:\driver-drowsiness-detection\eye_dataset\train\Closed\_549.jpg,Closed,train,SIM_0501,300,322,224,224
D:\driver-drowsiness-detection\dataset\train\Closed\_55.jpg,d:\driver-drowsiness-detection\eye_dataset\validation\Closed\_55.jpg,Closed,validation,SIM_0502,278,225,224,224
D:\driver-drowsiness-detection\dataset\train\Closed\_550.jpg,d:\driver-drowsiness-detection\eye_dataset\test\Closed\_550.jpg,Closed,test,SIM_0503,326,300,224,224
D:\driver-drowsiness-detection\dataset\train\Closed\_551.jpg,d:\driver-drowsiness-detection\eye_dataset\train\Closed\_551.jpg,Closed,train,SIM_0504,305,300,224,224
D:\driver-drowsiness-detection\dataset\train\Closed\_552.jpg,d:\driver-drowsiness-detection\eye_dataset\train\Closed\_552.jpg,Closed,train,SIM_0505,323,300,224,224
D:\driver-drowsiness-detection\dataset\train\Closed\_553.jpg,d:\driver-drowsiness-detection\eye_dataset\train\Closed\_553.jpg,Closed,train,SIM_0506,328,300,224,224
D:\driver-drowsiness-detection\dataset\train\Closed\_554.jpg,d:\driver-drowsiness-detection\eye_dataset\train\Closed\_554.jpg,Closed,train,SIM_0507,720,720,224,224
D:\driver-drowsiness-detection\dataset\train\Closed\_555.jpg,d:\driver-drowsiness-detection\eye_dataset\train\Closed\_555.jpg,Closed,train,SIM_0508,161,142,224,224
D:\driver-drowsiness-detection\dataset\train\Closed\_556.jpg,d:\driver-drowsiness-detection\eye_dataset\train\Closed\_556.jpg,Closed,train,SIM_0509,303,300,224,224
D:\driver-drowsiness-detection\dataset\train\Closed\_557.jpg,d:\driver-drowsiness-detection\eye_dataset\train\Closed\_557.jpg,Closed,train,SIM_0510,307,300,224,224
D:\driver-drowsiness-detection\dataset\train\Closed\_558.jpg,d:\driver-drowsiness-detection\eye_dataset\train\Closed\_558.jpg,Closed,train,SIM_0511,568,568,224,224
D:\driver-drowsiness-detection\dataset\train\Closed\_559.jpg,d:\driver-drowsiness-detection\eye_dataset\train\Closed\_559.jpg,Closed,train,SIM_0512,311,300,224,224
D:\driver-drowsiness-detection\dataset\train\Closed\_56.jpg,d:\driver-drowsiness-detection\eye_dataset\test\Closed\_56.jpg,Closed,test,SIM_0513,282,237,224,224
D:\driver-drowsiness-detection\dataset\train\Closed\_560.jpg,d:\driver-drowsiness-detection\eye_dataset\train\Closed\_560.jpg,Closed,train,SIM_0514,303,300,224,224
D:\driver-drowsiness-detection\dataset\train\Closed\_561.jpg,d:\driver-drowsiness-detection\eye_dataset\train\Closed\_561.jpg,Closed,train,SIM_0515,300,318,224,224
D:\driver-drowsiness-detection\dataset\train\Closed\_562.jpg,d:\driver-drowsiness-detection\eye_dataset\train\Closed\_562.jpg,Closed,train,SIM_0516,720,720,224,224
D:\driver-drowsiness-detection\dataset\train\Closed\_563.jpg,d:\driver-drowsiness-detection\eye_dataset\validation\Closed\_563.jpg,Closed,validation,SIM_0517,336,300,224,224
D:\driver-drowsiness-detection\dataset\train\Closed\_564.jpg,d:\driver-drowsiness-detection\eye_dataset\train\Closed\_564.jpg,Closed,train,SIM_0518,314,300,224,224
D:\driver-drowsiness-detection\dataset\train\Closed\_565.jpg,d:\driver-drowsiness-detection\eye_dataset\train\Closed\_565.jpg,Closed,train,SIM_0519,335,300,224,224
D:\driver-drowsiness-detection\dataset\train\Closed\_566.jpg,d:\driver-drowsiness-detection\eye_dataset\train\Closed\_566.jpg,Closed,train,SIM_0520,126,94,224,224
D:\driver-drowsiness-detection\dataset\train\Closed\_567.jpg,d:\driver-drowsiness-detection\eye_dataset\train\Closed\_567.jpg,Closed,train,SIM_0521,302,300,224,224
D:\driver-drowsiness-detection\dataset\train\Closed\_568.jpg,d:\driver-drowsiness-detection\eye_dataset\train\Closed\_568.jpg,Closed,train,SIM_0522,553,553,224,224
D:\driver-drowsiness-detection\dataset\train\Closed\_569.jpg,d:\driver-drowsiness-detection\eye_dataset\train\Closed\_569.jpg,Closed,train,SIM_0523,573,573,224,224
D:\driver-drowsiness-detection\dataset\train\Closed\_57.jpg,d:\driver-drowsiness-detection\eye_dataset\train\Closed\_57.jpg,Closed,train,SIM_0524,357,263,224,224
D:\driver-drowsiness-detection\dataset\train\Closed\_570.jpg,d:\driver-drowsiness-detection\eye_dataset\test\Closed\_570.jpg,Closed,test,SIM_0525,457,457,224,224
D:\driver-drowsiness-detection\dataset\train\Closed\_571.jpg,d:\driver-drowsiness-detection\eye_dataset\validation\Closed\_571.jpg,Closed,validation,SIM_0526,568,568,224,224
D:\driver-drowsiness-detection\dataset\train\Closed\_572.jpg,d:\driver-drowsiness-detection\eye_dataset\train\Closed\_572.jpg,Closed,train,SIM_0527,589,589,224,224
D:\driver-drowsiness-detection\dataset\train\Closed\_573.jpg,d:\driver-drowsiness-detection\eye_dataset\train\Closed\_573.jpg,Closed,train,SIM_0528,440,441,224,224
D:\driver-drowsiness-detection\dataset\train\Closed\_574.jpg,d:\driver-drowsiness-detection\eye_dataset\train\Closed\_574.jpg,Closed,train,SIM_0529,544,544,224,224
D:\driver-drowsiness-detection\dataset\train\Closed\_575.jpg,d:\driver-drowsiness-detection\eye_dataset\train\Closed\_575.jpg,Closed,train,SIM_0530,544,544,224,224
D:\driver-drowsiness-detection\dataset\train\Closed\_576.jpg,d:\driver-drowsiness-detection\eye_dataset\train\Closed\_576.jpg,Closed,train,SIM_0531,544,544,224,224
D:\driver-drowsiness-detection\dataset\train\Closed\_577.jpg,d:\driver-drowsiness-detection\eye_dataset\validation\Closed\_577.jpg,Closed,validation,SIM_0532,133,133,224,224
D:\driver-drowsiness-detection\dataset\train\Closed\_578.jpg,d:\driver-drowsiness-detection\eye_dataset\train\Closed\_578.jpg,Closed,train,SIM_0533,133,112,224,224
D:\driver-drowsiness-detection\dataset\train\Closed\_579.jpg,d:\driver-drowsiness-detection\eye_dataset\train\Closed\_579.jpg,Closed,train,SIM_0534,139,104,224,224
D:\driver-drowsiness-detection\dataset\train\Closed\_58.jpg,d:\driver-drowsiness-detection\eye_dataset\train\Closed\_58.jpg,Closed,train,SIM_0535,348,251,224,224
D:\driver-drowsiness-detection\dataset\train\Closed\_580.jpg,d:\driver-drowsiness-detection\eye_dataset\train\Closed\_580.jpg,Closed,train,SIM_0536,391,391,224,224
D:\driver-drowsiness-detection\dataset\train\Closed\_581.jpg,d:\driver-drowsiness-detection\eye_dataset\train\Closed\_581.jpg,Closed,train,SIM_0537,466,465,224,224
D:\driver-drowsiness-detection\dataset\train\Closed\_582.jpg,d:\driver-drowsiness-detection\eye_dataset\test\Closed\_582.jpg,Closed,test,SIM_0538,472,472,224,224
D:\driver-drowsiness-detection\dataset\train\Closed\_583.jpg,d:\driver-drowsiness-detection\eye_dataset\train\Closed\_583.jpg,Closed,train,SIM_0539,165,151,224,224
D:\driver-drowsiness-detection\dataset\train\Closed\_584.jpg,d:\driver-drowsiness-detection\eye_dataset\validation\Closed\_584.jpg,Closed,validation,SIM_0540,148,137,224,224
D:\driver-drowsiness-detection\dataset\train\Closed\_585.jpg,d:\driver-drowsiness-detection\eye_dataset\test\Closed\_585.jpg,Closed,test,SIM_0541,526,526,224,224
D:\driver-drowsiness-detection\dataset\train\Closed\_586.jpg,d:\driver-drowsiness-detection\eye_dataset\train\Closed\_586.jpg,Closed,train,SIM_0542,790,789,224,224
D:\driver-drowsiness-detection\dataset\train\Closed\_587.jpg,d:\driver-drowsiness-detection\eye_dataset\train\Closed\_587.jpg,Closed,train,SIM_0543,471,548,224,224
D:\driver-drowsiness-detection\dataset\train\Closed\_588.jpg,d:\driver-drowsiness-detection\eye_dataset\train\Closed\_588.jpg,Closed,train,SIM_0544,493,541,224,224
D:\driver-drowsiness-detection\dataset\train\Closed\_589.jpg,d:\driver-drowsiness-detection\eye_dataset\train\Closed\_589.jpg,Closed,train,SIM_0545,472,407,224,224
D:\driver-drowsiness-detection\dataset\train\Closed\_59.jpg,d:\driver-drowsiness-detection\eye_dataset\validation\Closed\_59.jpg,Closed,validation,SIM_0546,334,256,224,224
D:\driver-drowsiness-detection\dataset\train\Closed\_590.jpg,d:\driver-drowsiness-detection\eye_dataset\test\Closed\_590.jpg,Closed,test,SIM_0547,101,90,224,224
D:\driver-drowsiness-detection\dataset\train\Closed\_591.jpg,d:\driver-drowsiness-detection\eye_dataset\validation\Closed\_591.jpg,Closed,validation,SIM_0548,517,437,224,224
D:\driver-drowsiness-detection\dataset\train\Closed\_592.jpg,d:\driver-drowsiness-detection\eye_dataset\train\Closed\_592.jpg,Closed,train,SIM_0549,652,652,224,224
D:\driver-drowsiness-detection\dataset\train\Closed\_593.jpg,d:\driver-drowsiness-detection\eye_dataset\validation\Closed\_593.jpg,Closed,validation,SIM_0550,241,259,224,224
D:\driver-drowsiness-detection\dataset\train\Closed\_594.jpg,d:\driver-drowsiness-detection\eye_dataset\test\Closed\_594.jpg,Closed,test,SIM_0551,252,263,224,224
D:\driver-drowsiness-detection\dataset\train\Closed\_595.jpg,d:\driver-drowsiness-detection\eye_dataset\train\Closed\_595.jpg,Closed,train,SIM_0552,659,658,224,224
D:\driver-drowsiness-detection\dataset\train\Closed\_596.jpg,d:\driver-drowsiness-detection\eye_dataset\train\Closed\_596.jpg,Closed,train,SIM_0553,267,180,224,224
D:\driver-drowsiness-detection\dataset\train\Closed\_597.jpg,d:\driver-drowsiness-detection\eye_dataset\train\Closed\_597.jpg,Closed,train,SIM_0554,254,181,224,224
D:\driver-drowsiness-detection\dataset\train\Closed\_598.jpg,d:\driver-drowsiness-detection\eye_dataset\train\Closed\_598.jpg,Closed,train,SIM_0555,589,589,224,224
D:\driver-drowsiness-detection\dataset\train\Closed\_599.jpg,d:\driver-drowsiness-detection\eye_dataset\train\Closed\_599.jpg,Closed,train,SIM_0556,564,564,224,224
D:\driver-drowsiness-detection\dataset\train\Closed\_6.jpg,d:\driver-drowsiness-detection\eye_dataset\train\Closed\_6.jpg,Closed,train,SIM_0557,114,102,224,224
D:\driver-drowsiness-detection\dataset\train\Closed\_60.jpg,d:\driver-drowsiness-detection\eye_dataset\train\Closed\_60.jpg,Closed,train,SIM_0558,352,281,224,224
D:\driver-drowsiness-detection\dataset\train\Closed\_600.jpg,d:\driver-drowsiness-detection\eye_dataset\train\Closed\_600.jpg,Closed,train,SIM_0559,626,626,224,224
D:\driver-drowsiness-detection\dataset\train\Closed\_601.jpg,d:\driver-drowsiness-detection\eye_dataset\test\Closed\_601.jpg,Closed,test,SIM_0560,162,161,224,224
D:\driver-drowsiness-detection\dataset\train\Closed\_602.jpg,d:\driver-drowsiness-detection\eye_dataset\validation\Closed\_602.jpg,Closed,validation,SIM_0561,340,300,224,224
D:\driver-drowsiness-detection\dataset\train\Closed\_603.jpg,d:\driver-drowsiness-detection\eye_dataset\train\Closed\_603.jpg,Closed,train,SIM_0562,300,309,224,224
D:\driver-drowsiness-detection\dataset\train\Closed\_604.jpg,d:\driver-drowsiness-detection\eye_dataset\test\Closed\_604.jpg,Closed,test,SIM_0563,386,300,224,224
D:\driver-drowsiness-detection\dataset\train\Closed\_605.jpg,d:\driver-drowsiness-detection\eye_dataset\test\Closed\_605.jpg,Closed,test,SIM_0564,305,300,224,224
D:\driver-drowsiness-detection\dataset\train\Closed\_606.jpg,d:\driver-drowsiness-detection\eye_dataset\train\Closed\_606.jpg,Closed,train,SIM_0565,300,323,224,224
D:\driver-drowsiness-detection\dataset\train\Closed\_607.jpg,d:\driver-drowsiness-detection\eye_dataset\train\Closed\_607.jpg,Closed,train,SIM_0566,412,300,224,224
D:\driver-drowsiness-detection\dataset\train\Closed\_608.jpg,d:\driver-drowsiness-detection\eye_dataset\train\Closed\_608.jpg,Closed,train,SIM_0567,300,306,224,224
D:\driver-drowsiness-detection\dataset\train\Closed\_609.jpg,d:\driver-drowsiness-detection\eye_dataset\train\Closed\_609.jpg,Closed,train,SIM_0568,310,300,224,224
D:\driver-drowsiness-detection\dataset\train\Closed\_61.jpg,d:\driver-drowsiness-detection\eye_dataset\train\Closed\_61.jpg,Closed,train,SIM_0569,266,308,224,224
D:\driver-drowsiness-detection\dataset\train\Closed\_610.jpg,d:\driver-drowsiness-detection\eye_dataset\test\Closed\_610.jpg,Closed,test,SIM_0570,343,300,224,224
D:\driver-drowsiness-detection\dataset\train\Closed\_611.jpg,d:\driver-drowsiness-detection\eye_dataset\train\Closed\_611.jpg,Closed,train,SIM_0571,300,300,224,224
D:\driver-drowsiness-detection\dataset\train\Closed\_612.jpg,d:\driver-drowsiness-detection\eye_dataset\train\Closed\_612.jpg,Closed,train,SIM_0572,189,188,224,224
D:\driver-drowsiness-detection\dataset\train\Closed\_613.jpg,d:\driver-drowsiness-detection\eye_dataset\train\Closed\_613.jpg,Closed,train,SIM_0573,314,300,224,224
D:\driver-drowsiness-detection\dataset\train\Closed\_614.jpg,d:\driver-drowsiness-detection\eye_dataset\train\Closed\_614.jpg,Closed,train,SIM_0574,300,310,224,224
D:\driver-drowsiness-detection\dataset\train\Closed\_615.jpg,d:\driver-drowsiness-detection\eye_dataset\test\Closed\_615.jpg,Closed,test,SIM_0575,300,285,224,224
D:\driver-drowsiness-detection\dataset\train\Closed\_616.jpg,d:\driver-drowsiness-detection\eye_dataset\train\Closed\_616.jpg,Closed,train,SIM_0576,351,300,224,224
D:\driver-drowsiness-detection\dataset\train\Closed\_617.jpg,d:\driver-drowsiness-detection\eye_dataset\train\Closed\_617.jpg,Closed,train,SIM_0577,300,303,224,224
D:\driver-drowsiness-detection\dataset\train\Closed\_618.jpg,d:\driver-drowsiness-detection\eye_dataset\validation\Closed\_618.jpg,Closed,validation,SIM_0578,300,304,224,224
D:\driver-drowsiness-detection\dataset\train\Closed\_619.jpg,d:\driver-drowsiness-detection\eye_dataset\train\Closed\_619.jpg,Closed,train,SIM_0579,323,300,224,224
D:\driver-drowsiness-detection\dataset\train\Closed\_62.jpg,d:\driver-drowsiness-detection\eye_dataset\train\Closed\_62.jpg,Closed,train,SIM_0580,329,300,224,224
D:\driver-drowsiness-detection\dataset\train\Closed\_620.jpg,d:\driver-drowsiness-detection\eye_dataset\test\Closed\_620.jpg,Closed,test,SIM_0581,329,300,224,224
D:\driver-drowsiness-detection\dataset\train\Closed\_621.jpg,d:\driver-drowsiness-detection\eye_dataset\train\Closed\_621.jpg,Closed,train,SIM_0582,300,300,224,224
D:\driver-drowsiness-detection\dataset\train\Closed\_622.jpg,d:\driver-drowsiness-detection\eye_dataset\train\Closed\_622.jpg,Closed,train,SIM_0583,351,300,224,224
D:\driver-drowsiness-detection\dataset\train\Closed\_623.jpg,d:\driver-drowsiness-detection\eye_dataset\train\Closed\_623.jpg,Closed,train,SIM_0584,108,108,224,224
D:\driver-drowsiness-detection\dataset\train\Closed\_624.jpg,d:\driver-drowsiness-detection\eye_dataset\train\Closed\_624.jpg,Closed,train,SIM_0585,338,300,224,224
D:\driver-drowsiness-detection\dataset\train\Closed\_625.jpg,d:\driver-drowsiness-detection\eye_dataset\train\Closed\_625.jpg,Closed,train,SIM_0586,299,256,224,224
D:\driver-drowsiness-detection\dataset\train\Closed\_626.jpg,d:\driver-drowsiness-detection\eye_dataset\test\Closed\_626.jpg,Closed,test,SIM_0587,283,290,224,224
D:\driver-drowsiness-detection\dataset\train\Closed\_627.jpg,d:\driver-drowsiness-detection\eye_dataset\validation\Closed\_627.jpg,Closed,validation,SIM_0588,300,272,224,224
D:\driver-drowsiness-detection\dataset\train\Closed\_628.jpg,d:\driver-drowsiness-detection\eye_dataset\train\Closed\_628.jpg,Closed,train,SIM_0589,308,300,224,224
D:\driver-drowsiness-detection\dataset\train\Closed\_629.jpg,d:\driver-drowsiness-detection\eye_dataset\train\Closed\_629.jpg,Closed,train,SIM_0590,372,300,224,224
D:\driver-drowsiness-detection\dataset\train\Closed\_63.jpg,d:\driver-drowsiness-detection\eye_dataset\train\Closed\_63.jpg,Closed,train,SIM_0591,456,456,224,224
D:\driver-drowsiness-detection\dataset\train\Closed\_630.jpg,d:\driver-drowsiness-detection\eye_dataset\train\Closed\_630.jpg,Closed,train,SIM_0592,438,300,224,224
D:\driver-drowsiness-detection\dataset\train\Closed\_631.jpg,d:\driver-drowsiness-detection\eye_dataset\train\Closed\_631.jpg,Closed,train,SIM_0593,409,300,224,224
D:\driver-drowsiness-detection\dataset\train\Closed\_632.jpg,d:\driver-drowsiness-detection\eye_dataset\train\Closed\_632.jpg,Closed,train,SIM_0594,319,300,224,224
D:\driver-drowsiness-detection\dataset\train\Closed\_633.jpg,d:\driver-drowsiness-detection\eye_dataset\train\Closed\_633.jpg,Closed,train,SIM_0595,363,300,224,224
D:\driver-drowsiness-detection\dataset\train\Closed\_634.jpg,d:\driver-drowsiness-detection\eye_dataset\validation\Closed\_634.jpg,Closed,validation,SIM_0596,157,98,224,224
D:\driver-drowsiness-detection\dataset\train\Closed\_635.jpg,d:\driver-drowsiness-detection\eye_dataset\train\Closed\_635.jpg,Closed,train,SIM_0597,419,300,224,224
D:\driver-drowsiness-detection\dataset\train\Closed\_636.jpg,d:\driver-drowsiness-detection\eye_dataset\validation\Closed\_636.jpg,Closed,validation,SIM_0598,481,300,224,224
D:\driver-drowsiness-detection\dataset\train\Closed\_637.jpg,d:\driver-drowsiness-detection\eye_dataset\train\Closed\_637.jpg,Closed,train,SIM_0599,315,300,224,224
D:\driver-drowsiness-detection\dataset\train\Closed\_638.jpg,d:\driver-drowsiness-detection\eye_dataset\train\Closed\_638.jpg,Closed,train,SIM_0600,300,314,224,224
D:\driver-drowsiness-detection\dataset\train\Closed\_639.jpg,d:\driver-drowsiness-detection\eye_dataset\test\Closed\_639.jpg,Closed,test,SIM_0601,300,306,224,224
D:\driver-drowsiness-detection\dataset\train\Closed\_64.jpg,d:\driver-drowsiness-detection\eye_dataset\train\Closed\_64.jpg,Closed,train,SIM_0602,184,163,224,224
D:\driver-drowsiness-detection\dataset\train\Closed\_640.jpg,d:\driver-drowsiness-detection\eye_dataset\train\Closed\_640.jpg,Closed,train,SIM_0603,331,300,224,224
D:\driver-drowsiness-detection\dataset\train\Closed\_641.jpg,d:\driver-drowsiness-detection\eye_dataset\train\Closed\_641.jpg,Closed,train,SIM_0604,300,315,224,224
D:\driver-drowsiness-detection\dataset\train\Closed\_642.jpg,d:\driver-drowsiness-detection\eye_dataset\train\Closed\_642.jpg,Closed,train,SIM_0605,306,300,224,224
D:\driver-drowsiness-detection\dataset\train\Closed\_643.jpg,d:\driver-drowsiness-detection\eye_dataset\train\Closed\_643.jpg,Closed,train,SIM_0606,370,300,224,224
D:\driver-drowsiness-detection\dataset\train\Closed\_644.jpg,d:\driver-drowsiness-detection\eye_dataset\test\Closed\_644.jpg,Closed,test,SIM_0607,326,300,224,224
D:\driver-drowsiness-detection\dataset\train\Closed\_645.jpg,d:\driver-drowsiness-detection\eye_dataset\train\Closed\_645.jpg,Closed,train,SIM_0608,149,100,224,224
D:\driver-drowsiness-detection\dataset\train\Closed\_646.jpg,d:\driver-drowsiness-detection\eye_dataset\test\Closed\_646.jpg,Closed,test,SIM_0609,370,300,224,224
D:\driver-drowsiness-detection\dataset\train\Closed\_647.jpg,d:\driver-drowsiness-detection\eye_dataset\train\Closed\_647.jpg,Closed,train,SIM_0610,387,300,224,224
D:\driver-drowsiness-detection\dataset\train\Closed\_648.jpg,d:\driver-drowsiness-detection\eye_dataset\train\Closed\_648.jpg,Closed,train,SIM_0611,376,300,224,224
D:\driver-drowsiness-detection\dataset\train\Closed\_649.jpg,d:\driver-drowsiness-detection\eye_dataset\train\Closed\_649.jpg,Closed,train,SIM_0612,281,278,224,224
D:\driver-drowsiness-detection\dataset\train\Closed\_65.jpg,d:\driver-drowsiness-detection\eye_dataset\validation\Closed\_65.jpg,Closed,validation,SIM_0613,629,317,224,224
D:\driver-drowsiness-detection\dataset\train\Closed\_650.jpg,d:\driver-drowsiness-detection\eye_dataset\train\Closed\_650.jpg,Closed,train,SIM_0614,300,310,224,224
D:\driver-drowsiness-detection\dataset\train\Closed\_651.jpg,d:\driver-drowsiness-detection\eye_dataset\train\Closed\_651.jpg,Closed,train,SIM_0615,300,313,224,224
D:\driver-drowsiness-detection\dataset\train\Closed\_652.jpg,d:\driver-drowsiness-detection\eye_dataset\train\Closed\_652.jpg,Closed,train,SIM_0616,309,300,224,224
D:\driver-drowsiness-detection\dataset\train\Closed\_653.jpg,d:\driver-drowsiness-detection\eye_dataset\validation\Closed\_653.jpg,Closed,validation,SIM_0617,358,300,224,224
D:\driver-drowsiness-detection\dataset\train\Closed\_654.jpg,d:\driver-drowsiness-detection\eye_dataset\train\Closed\_654.jpg,Closed,train,SIM_0618,390,300,224,224
D:\driver-drowsiness-detection\dataset\train\Closed\_655.jpg,d:\driver-drowsiness-detection\eye_dataset\train\Closed\_655.jpg,Closed,train,SIM_0619,395,300,224,224
D:\driver-drowsiness-detection\dataset\train\Closed\_656.jpg,d:\driver-drowsiness-detection\eye_dataset\train\Closed\_656.jpg,Closed,train,SIM_0620,111,103,224,224
D:\driver-drowsiness-detection\dataset\train\Closed\_657.jpg,d:\driver-drowsiness-detection\eye_dataset\train\Closed\_657.jpg,Closed,train,SIM_0621,341,300,224,224
D:\driver-drowsiness-detection\dataset\train\Closed\_658.jpg,d:\driver-drowsiness-detection\eye_dataset\train\Closed\_658.jpg,Closed,train,SIM_0622,300,336,224,224
D:\driver-drowsiness-detection\dataset\train\Closed\_659.jpg,d:\driver-drowsiness-detection\eye_dataset\validation\Closed\_659.jpg,Closed,validation,SIM_0623,342,300,224,224
D:\driver-drowsiness-detection\dataset\train\Closed\_66.jpg,d:\driver-drowsiness-detection\eye_dataset\test\Closed\_66.jpg,Closed,test,SIM_0624,88,58,224,224
D:\driver-drowsiness-detection\dataset\train\Closed\_660.jpg,d:\driver-drowsiness-detection\eye_dataset\train\Closed\_660.jpg,Closed,train,SIM_0625,317,300,224,224
D:\driver-drowsiness-detection\dataset\train\Closed\_661.jpg,d:\driver-drowsiness-detection\eye_dataset\test\Closed\_661.jpg,Closed,test,SIM_0626,365,300,224,224
D:\driver-drowsiness-detection\dataset\train\Closed\_662.jpg,d:\driver-drowsiness-detection\eye_dataset\validation\Closed\_662.jpg,Closed,validation,SIM_0627,445,300,224,224
D:\driver-drowsiness-detection\dataset\train\Closed\_663.jpg,d:\driver-drowsiness-detection\eye_dataset\test\Closed\_663.jpg,Closed,test,SIM_0628,312,300,224,224
D:\driver-drowsiness-detection\dataset\train\Closed\_664.jpg,d:\driver-drowsiness-detection\eye_dataset\train\Closed\_664.jpg,Closed,train,SIM_0629,300,321,224,224
D:\driver-drowsiness-detection\dataset\train\Closed\_665.jpg,d:\driver-drowsiness-detection\eye_dataset\train\Closed\_665.jpg,Closed,train,SIM_0630,300,307,224,224
D:\driver-drowsiness-detection\dataset\train\Closed\_666.jpg,d:\driver-drowsiness-detection\eye_dataset\train\Closed\_666.jpg,Closed,train,SIM_0631,346,300,224,224
D:\driver-drowsiness-detection\dataset\train\Closed\_667.jpg,d:\driver-drowsiness-detection\eye_dataset\train\Closed\_667.jpg,Closed,train,SIM_0632,108,97,224,224
D:\driver-drowsiness-detection\dataset\train\Closed\_668.jpg,d:\driver-drowsiness-detection\eye_dataset\train\Closed\_668.jpg,Closed,train,SIM_0633,345,300,224,224
D:\driver-drowsiness-detection\dataset\train\Closed\_669.jpg,d:\driver-drowsiness-detection\eye_dataset\test\Closed\_669.jpg,Closed,test,SIM_0634,344,300,224,224
D:\driver-drowsiness-detection\dataset\train\Closed\_67.jpg,d:\driver-drowsiness-detection\eye_dataset\train\Closed\_67.jpg,Closed,train,SIM_0635,100,59,224,224
D:\driver-drowsiness-detection\dataset\train\Closed\_670.jpg,d:\driver-drowsiness-detection\eye_dataset\test\Closed\_670.jpg,Closed,test,SIM_0636,300,302,224,224
D:\driver-drowsiness-detection\dataset\train\Closed\_671.jpg,d:\driver-drowsiness-detection\eye_dataset\train\Closed\_671.jpg,Closed,train,SIM_0637,300,301,224,224
D:\driver-drowsiness-detection\dataset\train\Closed\_672.jpg,d:\driver-drowsiness-detection\eye_dataset\train\Closed\_672.jpg,Closed,train,SIM_0638,300,311,224,224
D:\driver-drowsiness-detection\dataset\train\Closed\_673.jpg,d:\driver-drowsiness-detection\eye_dataset\train\Closed\_673.jpg,Closed,train,SIM_0639,322,300,224,224
D:\driver-drowsiness-detection\dataset\train\Closed\_674.jpg,d:\driver-drowsiness-detection\eye_dataset\test\Closed\_674.jpg,Closed,test,SIM_0640,308,300,224,224
D:\driver-drowsiness-detection\dataset\train\Closed\_675.jpg,d:\driver-drowsiness-detection\eye_dataset\test\Closed\_675.jpg,Closed,test,SIM_0641,309,300,224,224
D:\driver-drowsiness-detection\dataset\train\Closed\_676.jpg,d:\driver-drowsiness-detection\eye_dataset\test\Closed\_676.jpg,Closed,test,SIM_0642,355,300,224,224
D:\driver-drowsiness-detection\dataset\train\Closed\_677.jpg,d:\driver-drowsiness-detection\eye_dataset\train\Closed\_677.jpg,Closed,train,SIM_0643,381,300,224,224
D:\driver-drowsiness-detection\dataset\train\Closed\_678.jpg,d:\driver-drowsiness-detection\eye_dataset\train\Closed\_678.jpg,Closed,train,SIM_0644,240,134,224,224
D:\driver-drowsiness-detection\dataset\train\Closed\_679.jpg,d:\driver-drowsiness-detection\eye_dataset\train\Closed\_679.jpg,Closed,train,SIM_0645,298,346,224,224
D:\driver-drowsiness-detection\dataset\train\Closed\_68.jpg,d:\driver-drowsiness-detection\eye_dataset\validation\Closed\_68.jpg,Closed,validation,SIM_0646,79,75,224,224
D:\driver-drowsiness-detection\dataset\train\Closed\_680.jpg,d:\driver-drowsiness-detection\eye_dataset\test\Closed\_680.jpg,Closed,test,SIM_0647,400,300,224,224
D:\driver-drowsiness-detection\dataset\train\Closed\_681.jpg,d:\driver-drowsiness-detection\eye_dataset\train\Closed\_681.jpg,Closed,train,SIM_0648,220,208,224,224
D:\driver-drowsiness-detection\dataset\train\Closed\_682.jpg,d:\driver-drowsiness-detection\eye_dataset\test\Closed\_682.jpg,Closed,test,SIM_0649,443,443,224,224
D:\driver-drowsiness-detection\dataset\train\Closed\_683.jpg,d:\driver-drowsiness-detection\eye_dataset\train\Closed\_683.jpg,Closed,train,SIM_0650,113,113,224,224
D:\driver-drowsiness-detection\dataset\train\Closed\_684.jpg,d:\driver-drowsiness-detection\eye_dataset\train\Closed\_684.jpg,Closed,train,SIM_0651,114,114,224,224
D:\driver-drowsiness-detection\dataset\train\Closed\_685.jpg,d:\driver-drowsiness-detection\eye_dataset\train\Closed\_685.jpg,Closed,train,SIM_0652,364,300,224,224
D:\driver-drowsiness-detection\dataset\train\Closed\_686.jpg,d:\driver-drowsiness-detection\eye_dataset\validation\Closed\_686.jpg,Closed,validation,SIM_0653,380,300,224,224
D:\driver-drowsiness-detection\dataset\train\Closed\_687.jpg,d:\driver-drowsiness-detection\eye_dataset\validation\Closed\_687.jpg,Closed,validation,SIM_0654,347,300,224,224
D:\driver-drowsiness-detection\dataset\train\Closed\_688.jpg,d:\driver-drowsiness-detection\eye_dataset\train\Closed\_688.jpg,Closed,train,SIM_0655,269,232,224,224
D:\driver-drowsiness-detection\dataset\train\Closed\_689.jpg,d:\driver-drowsiness-detection\eye_dataset\train\Closed\_689.jpg,Closed,train,SIM_0656,153,153,224,224
D:\driver-drowsiness-detection\dataset\train\Closed\_69.jpg,d:\driver-drowsiness-detection\eye_dataset\test\Closed\_69.jpg,Closed,test,SIM_0657,72,76,224,224
D:\driver-drowsiness-detection\dataset\train\Closed\_690.jpg,d:\driver-drowsiness-detection\eye_dataset\train\Closed\_690.jpg,Closed,train,SIM_0658,73,71,224,224
D:\driver-drowsiness-detection\dataset\train\Closed\_691.jpg,d:\driver-drowsiness-detection\eye_dataset\test\Closed\_691.jpg,Closed,test,SIM_0659,258,147,224,224
D:\driver-drowsiness-detection\dataset\train\Closed\_692.jpg,d:\driver-drowsiness-detection\eye_dataset\test\Closed\_692.jpg,Closed,test,SIM_0660,362,300,224,224
D:\driver-drowsiness-detection\dataset\train\Closed\_693.jpg,d:\driver-drowsiness-detection\eye_dataset\validation\Closed\_693.jpg,Closed,validation,SIM_0661,112,125,224,224
D:\driver-drowsiness-detection\dataset\train\Closed\_694.jpg,d:\driver-drowsiness-detection\eye_dataset\validation\Closed\_694.jpg,Closed,validation,SIM_0662,126,121,224,224
D:\driver-drowsiness-detection\dataset\train\Closed\_695.jpg,d:\driver-drowsiness-detection\eye_dataset\train\Closed\_695.jpg,Closed,train,SIM_0663,450,300,224,224
D:\driver-drowsiness-detection\dataset\train\Closed\_696.jpg,d:\driver-drowsiness-detection\eye_dataset\test\Closed\_696.jpg,Closed,test,SIM_0664,417,300,224,224
D:\driver-drowsiness-detection\dataset\train\Closed\_697.jpg,d:\driver-drowsiness-detection\eye_dataset\validation\Closed\_697.jpg,Closed,validation,SIM_0665,420,300,224,224
D:\driver-drowsiness-detection\dataset\train\Closed\_698.jpg,d:\driver-drowsiness-detection\eye_dataset\train\Closed\_698.jpg,Closed,train,SIM_0666,352,300,224,224
D:\driver-drowsiness-detection\dataset\train\Closed\_699.jpg,d:\driver-drowsiness-detection\eye_dataset\train\Closed\_699.jpg,Closed,train,SIM_0667,300,337,224,224
D:\driver-drowsiness-detection\dataset\train\Closed\_7.jpg,d:\driver-drowsiness-detection\eye_dataset\validation\Closed\_7.jpg,Closed,validation,SIM_0668,116,65,224,224
D:\driver-drowsiness-detection\dataset\train\Closed\_70.jpg,d:\driver-drowsiness-detection\eye_dataset\train\Closed\_70.jpg,Closed,train,SIM_0669,90,91,224,224
D:\driver-drowsiness-detection\dataset\train\Closed\_700.jpg,d:\driver-drowsiness-detection\eye_dataset\train\Closed\_700.jpg,Closed,train,SIM_0670,120,86,224,224
D:\driver-drowsiness-detection\dataset\train\Closed\_701.jpg,d:\driver-drowsiness-detection\eye_dataset\train\Closed\_701.jpg,Closed,train,SIM_0671,105,92,224,224
D:\driver-drowsiness-detection\dataset\train\Closed\_702.jpg,d:\driver-drowsiness-detection\eye_dataset\validation\Closed\_702.jpg,Closed,validation,SIM_0672,132,132,224,224
D:\driver-drowsiness-detection\dataset\train\Closed\_703.jpg,d:\driver-drowsiness-detection\eye_dataset\train\Closed\_703.jpg,Closed,train,SIM_0673,84,77,224,224
D:\driver-drowsiness-detection\dataset\train\Closed\_704.jpg,d:\driver-drowsiness-detection\eye_dataset\validation\Closed\_704.jpg,Closed,validation,SIM_0674,180,167,224,224
D:\driver-drowsiness-detection\dataset\train\Closed\_705.jpg,d:\driver-drowsiness-detection\eye_dataset\train\Closed\_705.jpg,Closed,train,SIM_0675,1179,1169,224,224
D:\driver-drowsiness-detection\dataset\train\Closed\_706.jpg,d:\driver-drowsiness-detection\eye_dataset\validation\Closed\_706.jpg,Closed,validation,SIM_0676,115,82,224,224
D:\driver-drowsiness-detection\dataset\train\Closed\_707.jpg,d:\driver-drowsiness-detection\eye_dataset\train\Closed\_707.jpg,Closed,train,SIM_0677,115,91,224,224
D:\driver-drowsiness-detection\dataset\train\Closed\_708.jpg,d:\driver-drowsiness-detection\eye_dataset\train\Closed\_708.jpg,Closed,train,SIM_0678,157,157,224,224
D:\driver-drowsiness-detection\dataset\train\Closed\_709.jpg,d:\driver-drowsiness-detection\eye_dataset\train\Closed\_709.jpg,Closed,train,SIM_0679,77,70,224,224
D:\driver-drowsiness-detection\dataset\train\Closed\_71.jpg,d:\driver-drowsiness-detection\eye_dataset\train\Closed\_71.jpg,Closed,train,SIM_0680,80,88,224,224
D:\driver-drowsiness-detection\dataset\train\Closed\_710.jpg,d:\driver-drowsiness-detection\eye_dataset\train\Closed\_710.jpg,Closed,train,SIM_0681,77,64,224,224
D:\driver-drowsiness-detection\dataset\train\Closed\_711.jpg,d:\driver-drowsiness-detection\eye_dataset\test\Closed\_711.jpg,Closed,test,SIM_0682,71,68,224,224
D:\driver-drowsiness-detection\dataset\train\Closed\_712.jpg,d:\driver-drowsiness-detection\eye_dataset\train\Closed\_712.jpg,Closed,train,SIM_0683,83,74,224,224
D:\driver-drowsiness-detection\dataset\train\Closed\_713.jpg,d:\driver-drowsiness-detection\eye_dataset\test\Closed\_713.jpg,Closed,test,SIM_0684,83,73,224,224
D:\driver-drowsiness-detection\dataset\train\Closed\_714.jpg,d:\driver-drowsiness-detection\eye_dataset\test\Closed\_714.jpg,Closed,test,SIM_0685,139,138,224,224
D:\driver-drowsiness-detection\dataset\train\Closed\_715.jpg,d:\driver-drowsiness-detection\eye_dataset\train\Closed\_715.jpg,Closed,train,SIM_0686,298,278,224,224
D:\driver-drowsiness-detection\dataset\train\Closed\_716.jpg,d:\driver-drowsiness-detection\eye_dataset\train\Closed\_716.jpg,Closed,train,SIM_0687,117,104,224,224
D:\driver-drowsiness-detection\dataset\train\Closed\_717.jpg,d:\driver-drowsiness-detection\eye_dataset\train\Closed\_717.jpg,Closed,train,SIM_0688,106,105,224,224
D:\driver-drowsiness-detection\dataset\train\Closed\_718.jpg,d:\driver-drowsiness-detection\eye_dataset\train\Closed\_718.jpg,Closed,train,SIM_0689,108,83,224,224
D:\driver-drowsiness-detection\dataset\train\Closed\_719.jpg,d:\driver-drowsiness-detection\eye_dataset\validation\Closed\_719.jpg,Closed,validation,SIM_0690,92,90,224,224
D:\driver-drowsiness-detection\dataset\train\Closed\_72.jpg,d:\driver-drowsiness-detection\eye_dataset\train\Closed\_72.jpg,Closed,train,SIM_0691,134,112,224,224
D:\driver-drowsiness-detection\dataset\train\Closed\_720.jpg,d:\driver-drowsiness-detection\eye_dataset\validation\Closed\_720.jpg,Closed,validation,SIM_0692,77,54,224,224
D:\driver-drowsiness-detection\dataset\train\Closed\_721.jpg,d:\driver-drowsiness-detection\eye_dataset\train\Closed\_721.jpg,Closed,train,SIM_0693,87,75,224,224
D:\driver-drowsiness-detection\dataset\train\Closed\_722.jpg,d:\driver-drowsiness-detection\eye_dataset\train\Closed\_722.jpg,Closed,train,SIM_0694,104,93,224,224
D:\driver-drowsiness-detection\dataset\train\Closed\_723.jpg,d:\driver-drowsiness-detection\eye_dataset\train\Closed\_723.jpg,Closed,train,SIM_0695,111,124,224,224
D:\driver-drowsiness-detection\dataset\train\Closed\_724.jpg,d:\driver-drowsiness-detection\eye_dataset\train\Closed\_724.jpg,Closed,train,SIM_0696,119,122,224,224
D:\driver-drowsiness-detection\dataset\train\Closed\_725.jpg,d:\driver-drowsiness-detection\eye_dataset\train\Closed\_725.jpg,Closed,train,SIM_0697,185,183,224,224
D:\driver-drowsiness-detection\dataset\train\Closed\_73.jpg,d:\driver-drowsiness-detection\eye_dataset\train\Closed\_73.jpg,Closed,train,SIM_0698,114,105,224,224
D:\driver-drowsiness-detection\dataset\train\Closed\_74.jpg,d:\driver-drowsiness-detection\eye_dataset\test\Closed\_74.jpg,Closed,test,SIM_0699,115,80,224,224
D:\driver-drowsiness-detection\dataset\train\Closed\_75.jpg,d:\driver-drowsiness-detection\eye_dataset\test\Closed\_75.jpg,Closed,test,SIM_0700,464,465,224,224
D:\driver-drowsiness-detection\dataset\train\Closed\_76.jpg,d:\driver-drowsiness-detection\eye_dataset\train\Closed\_76.jpg,Closed,train,SIM_0701,277,236,224,224
D:\driver-drowsiness-detection\dataset\train\Closed\_77.jpg,d:\driver-drowsiness-detection\eye_dataset\train\Closed\_77.jpg,Closed,train,SIM_0702,101,98,224,224
D:\driver-drowsiness-detection\dataset\train\Closed\_78.jpg,d:\driver-drowsiness-detection\eye_dataset\test\Closed\_78.jpg,Closed,test,SIM_0703,93,97,224,224
D:\driver-drowsiness-detection\dataset\train\Closed\_79.jpg,d:\driver-drowsiness-detection\eye_dataset\test\Closed\_79.jpg,Closed,test,SIM_0704,88,88,224,224
D:\driver-drowsiness-detection\dataset\train\Closed\_8.jpg,d:\driver-drowsiness-detection\eye_dataset\train\Closed\_8.jpg,Closed,train,SIM_0705,120,114,224,224
D:\driver-drowsiness-detection\dataset\train\Closed\_80.jpg,d:\driver-drowsiness-detection\eye_dataset\train\Closed\_80.jpg,Closed,train,SIM_0706,246,258,224,224
D:\driver-drowsiness-detection\dataset\train\Closed\_81.jpg,d:\driver-drowsiness-detection\eye_dataset\train\Closed\_81.jpg,Closed,train,SIM_0707,180,156,224,224
D:\driver-drowsiness-detection\dataset\train\Closed\_82.jpg,d:\driver-drowsiness-detection\eye_dataset\train\Closed\_82.jpg,Closed,train,SIM_0708,195,147,224,224
D:\driver-drowsiness-detection\dataset\train\Closed\_83.jpg,d:\driver-drowsiness-detection\eye_dataset\train\Closed\_83.jpg,Closed,train,SIM_0709,284,300,224,224
D:\driver-drowsiness-detection\dataset\train\Closed\_84.jpg,d:\driver-drowsiness-detection\eye_dataset\test\Closed\_84.jpg,Closed,test,SIM_0710,319,300,224,224
D:\driver-drowsiness-detection\dataset\train\Closed\_85.jpg,d:\driver-drowsiness-detection\eye_dataset\train\Closed\_85.jpg,Closed,train,SIM_0711,364,317,224,224
D:\driver-drowsiness-detection\dataset\train\Closed\_86.jpg,d:\driver-drowsiness-detection\eye_dataset\train\Closed\_86.jpg,Closed,train,SIM_0712,273,232,224,224
D:\driver-drowsiness-detection\dataset\train\Closed\_87.jpg,d:\driver-drowsiness-detection\eye_dataset\train\Closed\_87.jpg,Closed,train,SIM_0713,1238,1280,224,224
D:\driver-drowsiness-detection\dataset\train\Closed\_88.jpg,d:\driver-drowsiness-detection\eye_dataset\train\Closed\_88.jpg,Closed,train,SIM_0714,111,118,224,224
D:\driver-drowsiness-detection\dataset\train\Closed\_89.jpg,d:\driver-drowsiness-detection\eye_dataset\validation\Closed\_89.jpg,Closed,validation,SIM_0715,285,238,224,224
D:\driver-drowsiness-detection\dataset\train\Closed\_9.jpg,d:\driver-drowsiness-detection\eye_dataset\train\Closed\_9.jpg,Closed,train,SIM_0716,121,128,224,224
D:\driver-drowsiness-detection\dataset\train\Closed\_90.jpg,d:\driver-drowsiness-detection\eye_dataset\validation\Closed\_90.jpg,Closed,validation,SIM_0717,314,241,224,224
D:\driver-drowsiness-detection\dataset\train\Closed\_91.jpg,d:\driver-drowsiness-detection\eye_dataset\validation\Closed\_91.jpg,Closed,validation,SIM_0718,321,252,224,224
D:\driver-drowsiness-detection\dataset\train\Closed\_92.jpg,d:\driver-drowsiness-detection\eye_dataset\train\Closed\_92.jpg,Closed,train,SIM_0719,247,196,224,224
D:\driver-drowsiness-detection\dataset\train\Closed\_93.jpg,d:\driver-drowsiness-detection\eye_dataset\train\Closed\_93.jpg,Closed,train,SIM_0720,266,216,224,224
D:\driver-drowsiness-detection\dataset\train\Closed\_94.jpg,d:\driver-drowsiness-detection\eye_dataset\train\Closed\_94.jpg,Closed,train,SIM_0721,409,393,224,224
D:\driver-drowsiness-detection\dataset\train\Closed\_95.jpg,d:\driver-drowsiness-detection\eye_dataset\train\Closed\_95.jpg,Closed,train,SIM_0722,372,390,224,224
D:\driver-drowsiness-detection\dataset\train\Closed\_96.jpg,d:\driver-drowsiness-detection\eye_dataset\train\Closed\_96.jpg,Closed,train,SIM_0723,116,99,224,224
D:\driver-drowsiness-detection\dataset\train\Closed\_97.jpg,d:\driver-drowsiness-detection\eye_dataset\validation\Closed\_97.jpg,Closed,validation,SIM_0724,89,120,224,224
D:\driver-drowsiness-detection\dataset\train\Closed\_98.jpg,d:\driver-drowsiness-detection\eye_dataset\validation\Closed\_98.jpg,Closed,validation,SIM_0725,170,160,224,224
D:\driver-drowsiness-detection\dataset\train\Closed\_99.jpg,d:\driver-drowsiness-detection\eye_dataset\train\Closed\_99.jpg,Closed,train,SIM_0726,1280,1265,224,224
D:\driver-drowsiness-detection\dataset\train\Open\_0.jpg,d:\driver-drowsiness-detection\eye_dataset\validation\Open\_0.jpg,Open,validation,SIM_1247,175,175,224,224
D:\driver-drowsiness-detection\dataset\train\Open\_1.jpg,d:\driver-drowsiness-detection\eye_dataset\train\Open\_1.jpg,Open,train,SIM_1248,88,86,224,224
D:\driver-drowsiness-detection\dataset\train\Open\_10.jpg,d:\driver-drowsiness-detection\eye_dataset\validation\Open\_10.jpg,Open,validation,SIM_1249,297,253,224,224
D:\driver-drowsiness-detection\dataset\train\Open\_100.jpg,d:\driver-drowsiness-detection\eye_dataset\train\Open\_100.jpg,Open,train,SIM_1250,379,300,224,224
D:\driver-drowsiness-detection\dataset\train\Open\_101.jpg,d:\driver-drowsiness-detection\eye_dataset\validation\Open\_101.jpg,Open,validation,SIM_1251,424,300,224,224
D:\driver-drowsiness-detection\dataset\train\Open\_102.jpg,d:\driver-drowsiness-detection\eye_dataset\train\Open\_102.jpg,Open,train,SIM_1252,533,300,224,224
D:\driver-drowsiness-detection\dataset\train\Open\_103.jpg,d:\driver-drowsiness-detection\eye_dataset\validation\Open\_103.jpg,Open,validation,SIM_1253,385,300,224,224
D:\driver-drowsiness-detection\dataset\train\Open\_104.jpg,d:\driver-drowsiness-detection\eye_dataset\train\Open\_104.jpg,Open,train,SIM_1254,388,300,224,224
D:\driver-drowsiness-detection\dataset\train\Open\_105.jpg,d:\driver-drowsiness-detection\eye_dataset\validation\Open\_105.jpg,Open,validation,SIM_1255,493,300,224,224
D:\driver-drowsiness-detection\dataset\train\Open\_106.jpg,d:\driver-drowsiness-detection\eye_dataset\train\Open\_106.jpg,Open,train,SIM_1256,368,300,224,224
D:\driver-drowsiness-detection\dataset\train\Open\_107.jpg,d:\driver-drowsiness-detection\eye_dataset\validation\Open\_107.jpg,Open,validation,SIM_1257,395,300,224,224
D:\driver-drowsiness-detection\dataset\train\Open\_108.jpg,d:\driver-drowsiness-detection\eye_dataset\test\Open\_108.jpg,Open,test,SIM_1258,422,300,224,224
D:\driver-drowsiness-detection\dataset\train\Open\_109.jpg,d:\driver-drowsiness-detection\eye_dataset\train\Open\_109.jpg,Open,train,SIM_1259,404,300,224,224
D:\driver-drowsiness-detection\dataset\train\Open\_11.jpg,d:\driver-drowsiness-detection\eye_dataset\train\Open\_11.jpg,Open,train,SIM_1260,433,298,224,224
D:\driver-drowsiness-detection\dataset\train\Open\_110.jpg,d:\driver-drowsiness-detection\eye_dataset\train\Open\_110.jpg,Open,train,SIM_1261,399,399,224,224
D:\driver-drowsiness-detection\dataset\train\Open\_111.jpg,d:\driver-drowsiness-detection\eye_dataset\train\Open\_111.jpg,Open,train,SIM_1262,350,300,224,224
D:\driver-drowsiness-detection\dataset\train\Open\_112.jpg,d:\driver-drowsiness-detection\eye_dataset\validation\Open\_112.jpg,Open,validation,SIM_1263,428,300,224,224
D:\driver-drowsiness-detection\dataset\train\Open\_113.jpg,d:\driver-drowsiness-detection\eye_dataset\train\Open\_113.jpg,Open,train,SIM_1264,313,300,224,224
D:\driver-drowsiness-detection\dataset\train\Open\_114.jpg,d:\driver-drowsiness-detection\eye_dataset\train\Open\_114.jpg,Open,train,SIM_1265,568,300,224,224
D:\driver-drowsiness-detection\dataset\train\Open\_115.jpg,d:\driver-drowsiness-detection\eye_dataset\train\Open\_115.jpg,Open,train,SIM_1266,300,345,224,224
D:\driver-drowsiness-detection\dataset\train\Open\_116.jpg,d:\driver-drowsiness-detection\eye_dataset\train\Open\_116.jpg,Open,train,SIM_1267,334,300,224,224
D:\driver-drowsiness-detection\dataset\train\Open\_117.jpg,d:\driver-drowsiness-detection\eye_dataset\test\Open\_117.jpg,Open,test,SIM_1268,400,300,224,224
D:\driver-drowsiness-detection\dataset\train\Open\_118.jpg,d:\driver-drowsiness-detection\eye_dataset\train\Open\_118.jpg,Open,train,SIM_1269,395,300,224,224
D:\driver-drowsiness-detection\dataset\train\Open\_119.jpg,d:\driver-drowsiness-detection\eye_dataset\train\Open\_119.jpg,Open,train,SIM_1270,415,300,224,224
D:\driver-drowsiness-detection\dataset\train\Open\_12.jpg,d:\driver-drowsiness-detection\eye_dataset\train\Open\_12.jpg,Open,train,SIM_1271,450,300,224,224
D:\driver-drowsiness-detection\dataset\train\Open\_120.jpg,d:\driver-drowsiness-detection\eye_dataset\train\Open\_120.jpg,Open,train,SIM_1272,297,273,224,224
D:\driver-drowsiness-detection\dataset\train\Open\_121.jpg,d:\driver-drowsiness-detection\eye_dataset\train\Open\_121.jpg,Open,train,SIM_1273,300,337,224,224
D:\driver-drowsiness-detection\dataset\train\Open\_122.jpg,d:\driver-drowsiness-detection\eye_dataset\train\Open\_122.jpg,Open,train,SIM_1274,152,152,224,224
D:\driver-drowsiness-detection\dataset\train\Open\_123.jpg,d:\driver-drowsiness-detection\eye_dataset\validation\Open\_123.jpg,Open,validation,SIM_1275,83,69,224,224
D:\driver-drowsiness-detection\dataset\train\Open\_124.jpg,d:\driver-drowsiness-detection\eye_dataset\test\Open\_124.jpg,Open,test,SIM_1276,334,334,224,224
D:\driver-drowsiness-detection\dataset\train\Open\_125.jpg,d:\driver-drowsiness-detection\eye_dataset\validation\Open\_125.jpg,Open,validation,SIM_1277,104,58,224,224
D:\driver-drowsiness-detection\dataset\train\Open\_126.jpg,d:\driver-drowsiness-detection\eye_dataset\validation\Open\_126.jpg,Open,validation,SIM_1278,236,237,224,224
D:\driver-drowsiness-detection\dataset\train\Open\_127.jpg,d:\driver-drowsiness-detection\eye_dataset\train\Open\_127.jpg,Open,train,SIM_1279,458,346,224,224
D:\driver-drowsiness-detection\dataset\train\Open\_128.jpg,d:\driver-drowsiness-detection\eye_dataset\train\Open\_128.jpg,Open,train,SIM_1280,593,488,224,224
D:\driver-drowsiness-detection\dataset\train\Open\_129.jpg,d:\driver-drowsiness-detection\eye_dataset\train\Open\_129.jpg,Open,train,SIM_1281,337,300,224,224
D:\driver-drowsiness-detection\dataset\train\Open\_13.jpg,d:\driver-drowsiness-detection\eye_dataset\train\Open\_13.jpg,Open,train,SIM_1282,358,300,224,224
D:\driver-drowsiness-detection\dataset\train\Open\_130.jpg,d:\driver-drowsiness-detection\eye_dataset\test\Open\_130.jpg,Open,test,SIM_1283,245,254,224,224
D:\driver-drowsiness-detection\dataset\train\Open\_131.jpg,d:\driver-drowsiness-detection\eye_dataset\train\Open\_131.jpg,Open,train,SIM_1284,316,300,224,224
D:\driver-drowsiness-detection\dataset\train\Open\_132.jpg,d:\driver-drowsiness-detection\eye_dataset\validation\Open\_132.jpg,Open,validation,SIM_1285,313,300,224,224
D:\driver-drowsiness-detection\dataset\train\Open\_133.jpg,d:\driver-drowsiness-detection\eye_dataset\train\Open\_133.jpg,Open,train,SIM_1286,233,219,224,224
D:\driver-drowsiness-detection\dataset\train\Open\_134.jpg,d:\driver-drowsiness-detection\eye_dataset\train\Open\_134.jpg,Open,train,SIM_1287,223,228,224,224
D:\driver-drowsiness-detection\dataset\train\Open\_135.jpg,d:\driver-drowsiness-detection\eye_dataset\train\Open\_135.jpg,Open,train,SIM_1288,411,300,224,224
D:\driver-drowsiness-detection\dataset\train\Open\_136.jpg,d:\driver-drowsiness-detection\eye_dataset\train\Open\_136.jpg,Open,train,SIM_1289,502,502,224,224
D:\driver-drowsiness-detection\dataset\train\Open\_137.jpg,d:\driver-drowsiness-detection\eye_dataset\train\Open\_137.jpg,Open,train,SIM_1290,104,58,224,224
D:\driver-drowsiness-detection\dataset\train\Open\_138.jpg,d:\driver-drowsiness-detection\eye_dataset\train\Open\_138.jpg,Open,train,SIM_1291,387,300,224,224
D:\driver-drowsiness-detection\dataset\train\Open\_139.jpg,d:\driver-drowsiness-detection\eye_dataset\test\Open\_139.jpg,Open,test,SIM_1292,451,300,224,224
D:\driver-drowsiness-detection\dataset\train\Open\_14.jpg,d:\driver-drowsiness-detection\eye_dataset\train\Open\_14.jpg,Open,train,SIM_1293,153,153,224,224
D:\driver-drowsiness-detection\dataset\train\Open\_140.jpg,d:\driver-drowsiness-detection\eye_dataset\train\Open\_140.jpg,Open,train,SIM_1294,374,300,224,224
D:\driver-drowsiness-detection\dataset\train\Open\_141.jpg,d:\driver-drowsiness-detection\eye_dataset\test\Open\_141.jpg,Open,test,SIM_1295,300,333,224,224
D:\driver-drowsiness-detection\dataset\train\Open\_142.jpg,d:\driver-drowsiness-detection\eye_dataset\train\Open\_142.jpg,Open,train,SIM_1296,304,300,224,224
D:\driver-drowsiness-detection\dataset\train\Open\_143.jpg,d:\driver-drowsiness-detection\eye_dataset\train\Open\_143.jpg,Open,train,SIM_1297,266,276,224,224
D:\driver-drowsiness-detection\dataset\train\Open\_144.jpg,d:\driver-drowsiness-detection\eye_dataset\test\Open\_144.jpg,Open,test,SIM_1298,261,261,224,224
D:\driver-drowsiness-detection\dataset\train\Open\_145.jpg,d:\driver-drowsiness-detection\eye_dataset\train\Open\_145.jpg,Open,train,SIM_1299,300,321,224,224
D:\driver-drowsiness-detection\dataset\train\Open\_146.jpg,d:\driver-drowsiness-detection\eye_dataset\train\Open\_146.jpg,Open,train,SIM_1300,453,404,224,224
D:\driver-drowsiness-detection\dataset\train\Open\_147.jpg,d:\driver-drowsiness-detection\eye_dataset\test\Open\_147.jpg,Open,test,SIM_1301,357,300,224,224
D:\driver-drowsiness-detection\dataset\train\Open\_148.jpg,d:\driver-drowsiness-detection\eye_dataset\train\Open\_148.jpg,Open,train,SIM_1302,515,515,224,224
D:\driver-drowsiness-detection\dataset\train\Open\_149.jpg,d:\driver-drowsiness-detection\eye_dataset\train\Open\_149.jpg,Open,train,SIM_1303,300,339,224,224
D:\driver-drowsiness-detection\dataset\train\Open\_15.jpg,d:\driver-drowsiness-detection\eye_dataset\train\Open\_15.jpg,Open,train,SIM_1304,272,300,224,224
D:\driver-drowsiness-detection\dataset\train\Open\_150.jpg,d:\driver-drowsiness-detection\eye_dataset\train\Open\_150.jpg,Open,train,SIM_1305,270,228,224,224
D:\driver-drowsiness-detection\dataset\train\Open\_151.jpg,d:\driver-drowsiness-detection\eye_dataset\validation\Open\_151.jpg,Open,validation,SIM_1306,245,227,224,224
D:\driver-drowsiness-detection\dataset\train\Open\_152.jpg,d:\driver-drowsiness-detection\eye_dataset\test\Open\_152.jpg,Open,test,SIM_1307,241,249,224,224
D:\driver-drowsiness-detection\dataset\train\Open\_153.jpg,d:\driver-drowsiness-detection\eye_dataset\train\Open\_153.jpg,Open,train,SIM_1308,309,300,224,224
D:\driver-drowsiness-detection\dataset\train\Open\_154.jpg,d:\driver-drowsiness-detection\eye_dataset\train\Open\_154.jpg,Open,train,SIM_1309,261,259,224,224
D:\driver-drowsiness-detection\dataset\train\Open\_155.jpg,d:\driver-drowsiness-detection\eye_dataset\train\Open\_155.jpg,Open,train,SIM_1310,326,300,224,224
D:\driver-drowsiness-detection\dataset\train\Open\_156.jpg,d:\driver-drowsiness-detection\eye_dataset\train\Open\_156.jpg,Open,train,SIM_1311,251,253,224,224
D:\driver-drowsiness-detection\dataset\train\Open\_157.jpg,d:\driver-drowsiness-detection\eye_dataset\train\Open\_157.jpg,Open,train,SIM_1312,267,259,224,224
D:\driver-drowsiness-detection\dataset\train\Open\_158.jpg,d:\driver-drowsiness-detection\eye_dataset\test\Open\_158.jpg,Open,test,SIM_1313,262,241,224,224
D:\driver-drowsiness-detection\dataset\train\Open\_159.jpg,d:\driver-drowsiness-detection\eye_dataset\train\Open\_159.jpg,Open,train,SIM_1314,250,249,224,224
D:\driver-drowsiness-detection\dataset\train\Open\_16.jpg,d:\driver-drowsiness-detection\eye_dataset\train\Open\_16.jpg,Open,train,SIM_1315,535,300,224,224
D:\driver-drowsiness-detection\dataset\train\Open\_160.jpg,d:\driver-drowsiness-detection\eye_dataset\validation\Open\_160.jpg,Open,validation,SIM_1316,455,455,224,224
D:\driver-drowsiness-detection\dataset\train\Open\_161.jpg,d:\driver-drowsiness-detection\eye_dataset\train\Open\_161.jpg,Open,train,SIM_1317,226,128,224,224
D:\driver-drowsiness-detection\dataset\train\Open\_162.jpg,d:\driver-drowsiness-detection\eye_dataset\train\Open\_162.jpg,Open,train,SIM_1318,254,247,224,224
D:\driver-drowsiness-detection\dataset\train\Open\_163.jpg,d:\driver-drowsiness-detection\eye_dataset\validation\Open\_163.jpg,Open,validation,SIM_1319,276,237,224,224
D:\driver-drowsiness-detection\dataset\train\Open\_164.jpg,d:\driver-drowsiness-detection\eye_dataset\train\Open\_164.jpg,Open,train,SIM_1320,247,239,224,224
D:\driver-drowsiness-detection\dataset\train\Open\_165.jpg,d:\driver-drowsiness-detection\eye_dataset\train\Open\_165.jpg,Open,train,SIM_1321,237,175,224,224
D:\driver-drowsiness-detection\dataset\train\Open\_166.jpg,d:\driver-drowsiness-detection\eye_dataset\train\Open\_166.jpg,Open,train,SIM_1322,189,189,224,224
D:\driver-drowsiness-detection\dataset\train\Open\_167.jpg,d:\driver-drowsiness-detection\eye_dataset\train\Open\_167.jpg,Open,train,SIM_1323,146,146,224,224
D:\driver-drowsiness-detection\dataset\train\Open\_168.jpg,d:\driver-drowsiness-detection\eye_dataset\train\Open\_168.jpg,Open,train,SIM_1324,253,252,224,224
D:\driver-drowsiness-detection\dataset\train\Open\_169.jpg,d:\driver-drowsiness-detection\eye_dataset\validation\Open\_169.jpg,Open,validation,SIM_1325,284,284,224,224
D:\driver-drowsiness-detection\dataset\train\Open\_17.jpg,d:\driver-drowsiness-detection\eye_dataset\train\Open\_17.jpg,Open,train,SIM_1326,101,75,224,224
D:\driver-drowsiness-detection\dataset\train\Open\_170.jpg,d:\driver-drowsiness-detection\eye_dataset\train\Open\_170.jpg,Open,train,SIM_1327,189,197,224,224
D:\driver-drowsiness-detection\dataset\train\Open\_171.jpg,d:\driver-drowsiness-detection\eye_dataset\test\Open\_171.jpg,Open,test,SIM_1328,311,265,224,224
D:\driver-drowsiness-detection\dataset\train\Open\_172.jpg,d:\driver-drowsiness-detection\eye_dataset\train\Open\_172.jpg,Open,train,SIM_1329,515,515,224,224
D:\driver-drowsiness-detection\dataset\train\Open\_173.jpg,d:\driver-drowsiness-detection\eye_dataset\validation\Open\_173.jpg,Open,validation,SIM_1330,227,128,224,224
D:\driver-drowsiness-detection\dataset\train\Open\_174.jpg,d:\driver-drowsiness-detection\eye_dataset\train\Open\_174.jpg,Open,train,SIM_1331,390,354,224,224
D:\driver-drowsiness-detection\dataset\train\Open\_175.jpg,d:\driver-drowsiness-detection\eye_dataset\train\Open\_175.jpg,Open,train,SIM_1332,175,124,224,224
D:\driver-drowsiness-detection\dataset\train\Open\_176.jpg,d:\driver-drowsiness-detection\eye_dataset\train\Open\_176.jpg,Open,train,SIM_1333,261,224,224,224
D:\driver-drowsiness-detection\dataset\train\Open\_177.jpg,d:\driver-drowsiness-detection\eye_dataset\train\Open\_177.jpg,Open,train,SIM_1334,74,74,224,224
D:\driver-drowsiness-detection\dataset\train\Open\_178.jpg,d:\driver-drowsiness-detection\eye_dataset\train\Open\_178.jpg,Open,train,SIM_1335,91,71,224,224
D:\driver-drowsiness-detection\dataset\train\Open\_179.jpg,d:\driver-drowsiness-detection\eye_dataset\validation\Open\_179.jpg,Open,validation,SIM_1336,84,78,224,224
D:\driver-drowsiness-detection\dataset\train\Open\_18.jpg,d:\driver-drowsiness-detection\eye_dataset\train\Open\_18.jpg,Open,train,SIM_1337,89,86,224,224
D:\driver-drowsiness-detection\dataset\train\Open\_180.jpg,d:\driver-drowsiness-detection\eye_dataset\train\Open\_180.jpg,Open,train,SIM_1338,258,231,224,224
D:\driver-drowsiness-detection\dataset\train\Open\_181.jpg,d:\driver-drowsiness-detection\eye_dataset\train\Open\_181.jpg,Open,train,SIM_1339,100,71,224,224
D:\driver-drowsiness-detection\dataset\train\Open\_182.jpg,d:\driver-drowsiness-detection\eye_dataset\validation\Open\_182.jpg,Open,validation,SIM_1340,261,223,224,224
D:\driver-drowsiness-detection\dataset\train\Open\_183.jpg,d:\driver-drowsiness-detection\eye_dataset\train\Open\_183.jpg,Open,train,SIM_1341,231,230,224,224
D:\driver-drowsiness-detection\dataset\train\Open\_184.jpg,d:\driver-drowsiness-detection\eye_dataset\train\Open\_184.jpg,Open,train,SIM_1342,370,300,224,224
D:\driver-drowsiness-detection\dataset\train\Open\_185.jpg,d:\driver-drowsiness-detection\eye_dataset\train\Open\_185.jpg,Open,train,SIM_1343,771,772,224,224
D:\driver-drowsiness-detection\dataset\train\Open\_186.jpg,d:\driver-drowsiness-detection\eye_dataset\validation\Open\_186.jpg,Open,validation,SIM_1344,787,787,224,224
D:\driver-drowsiness-detection\dataset\train\Open\_187.jpg,d:\driver-drowsiness-detection\eye_dataset\train\Open\_187.jpg,Open,train,SIM_1345,408,390,224,224
D:\driver-drowsiness-detection\dataset\train\Open\_188.jpg,d:\driver-drowsiness-detection\eye_dataset\validation\Open\_188.jpg,Open,validation,SIM_1346,438,422,224,224
D:\driver-drowsiness-detection\dataset\train\Open\_189.jpg,d:\driver-drowsiness-detection\eye_dataset\test\Open\_189.jpg,Open,test,SIM_1347,1514,1515,224,224
D:\driver-drowsiness-detection\dataset\train\Open\_19.jpg,d:\driver-drowsiness-detection\eye_dataset\train\Open\_19.jpg,Open,train,SIM_1348,76,82,224,224
D:\driver-drowsiness-detection\dataset\train\Open\_190.jpg,d:\driver-drowsiness-detection\eye_dataset\test\Open\_190.jpg,Open,test,SIM_1349,74,62,224,224
D:\driver-drowsiness-detection\dataset\train\Open\_191.jpg,d:\driver-drowsiness-detection\eye_dataset\train\Open\_191.jpg,Open,train,SIM_1350,57,57,224,224
D:\driver-drowsiness-detection\dataset\train\Open\_192.jpg,d:\driver-drowsiness-detection\eye_dataset\validation\Open\_192.jpg,Open,validation,SIM_1351,60,57,224,224
D:\driver-drowsiness-detection\dataset\train\Open\_193.jpg,d:\driver-drowsiness-detection\eye_dataset\train\Open\_193.jpg,Open,train,SIM_1352,69,56,224,224
D:\driver-drowsiness-detection\dataset\train\Open\_194.jpg,d:\driver-drowsiness-detection\eye_dataset\train\Open\_194.jpg,Open,train,SIM_1353,61,52,224,224
D:\driver-drowsiness-detection\dataset\train\Open\_195.jpg,d:\driver-drowsiness-detection\eye_dataset\train\Open\_195.jpg,Open,train,SIM_1354,352,300,224,224
D:\driver-drowsiness-detection\dataset\train\Open\_196.jpg,d:\driver-drowsiness-detection\eye_dataset\test\Open\_196.jpg,Open,test,SIM_1355,52,54,224,224
D:\driver-drowsiness-detection\dataset\train\Open\_197.jpg,d:\driver-drowsiness-detection\eye_dataset\train\Open\_197.jpg,Open,train,SIM_1356,556,575,224,224
D:\driver-drowsiness-detection\dataset\train\Open\_198.jpg,d:\driver-drowsiness-detection\eye_dataset\train\Open\_198.jpg,Open,train,SIM_1357,590,590,224,224
D:\driver-drowsiness-detection\dataset\train\Open\_199.jpg,d:\driver-drowsiness-detection\eye_dataset\train\Open\_199.jpg,Open,train,SIM_1358,254,254,224,224
D:\driver-drowsiness-detection\dataset\train\Open\_2.jpg,d:\driver-drowsiness-detection\eye_dataset\train\Open\_2.jpg,Open,train,SIM_1359,127,127,224,224
D:\driver-drowsiness-detection\dataset\train\Open\_20.jpg,d:\driver-drowsiness-detection\eye_dataset\train\Open\_20.jpg,Open,train,SIM_1360,181,125,224,224
D:\driver-drowsiness-detection\dataset\train\Open\_200.jpg,d:\driver-drowsiness-detection\eye_dataset\train\Open\_200.jpg,Open,train,SIM_1361,210,216,224,224
D:\driver-drowsiness-detection\dataset\train\Open\_201.jpg,d:\driver-drowsiness-detection\eye_dataset\train\Open\_201.jpg,Open,train,SIM_1362,250,200,224,224
D:\driver-drowsiness-detection\dataset\train\Open\_202.jpg,d:\driver-drowsiness-detection\eye_dataset\train\Open\_202.jpg,Open,train,SIM_1363,468,499,224,224
D:\driver-drowsiness-detection\dataset\train\Open\_203.jpg,d:\driver-drowsiness-detection\eye_dataset\test\Open\_203.jpg,Open,test,SIM_1364,1029,1029,224,224
D:\driver-drowsiness-detection\dataset\train\Open\_204.jpg,d:\driver-drowsiness-detection\eye_dataset\train\Open\_204.jpg,Open,train,SIM_1365,416,356,224,224
D:\driver-drowsiness-detection\dataset\train\Open\_205.jpg,d:\driver-drowsiness-detection\eye_dataset\train\Open\_205.jpg,Open,train,SIM_1366,500,395,224,224
D:\driver-drowsiness-detection\dataset\train\Open\_206.jpg,d:\driver-drowsiness-detection\eye_dataset\train\Open\_206.jpg,Open,train,SIM_1367,364,300,224,224
D:\driver-drowsiness-detection\dataset\train\Open\_207.jpg,d:\driver-drowsiness-detection\eye_dataset\test\Open\_207.jpg,Open,test,SIM_1368,431,431,224,224
D:\driver-drowsiness-detection\dataset\train\Open\_208.jpg,d:\driver-drowsiness-detection\eye_dataset\train\Open\_208.jpg,Open,train,SIM_1369,540,540,224,224
D:\driver-drowsiness-detection\dataset\train\Open\_209.jpg,d:\driver-drowsiness-detection\eye_dataset\test\Open\_209.jpg,Open,test,SIM_1370,311,427,224,224
D:\driver-drowsiness-detection\dataset\train\Open\_21.jpg,d:\driver-drowsiness-detection\eye_dataset\train\Open\_21.jpg,Open,train,SIM_1371,120,114,224,224
D:\driver-drowsiness-detection\dataset\train\Open\_210.jpg,d:\driver-drowsiness-detection\eye_dataset\validation\Open\_210.jpg,Open,validation,SIM_1372,101,101,224,224
D:\driver-drowsiness-detection\dataset\train\Open\_211.jpg,d:\driver-drowsiness-detection\eye_dataset\validation\Open\_211.jpg,Open,validation,SIM_1373,100,100,224,224
D:\driver-drowsiness-detection\dataset\train\Open\_212.jpg,d:\driver-drowsiness-detection\eye_dataset\validation\Open\_212.jpg,Open,validation,SIM_1374,1327,1326,224,224
D:\driver-drowsiness-detection\dataset\train\Open\_213.jpg,d:\driver-drowsiness-detection\eye_dataset\train\Open\_213.jpg,Open,train,SIM_1375,1149,1148,224,224
D:\driver-drowsiness-detection\dataset\train\Open\_214.jpg,d:\driver-drowsiness-detection\eye_dataset\train\Open\_214.jpg,Open,train,SIM_1376,675,675,224,224
D:\driver-drowsiness-detection\dataset\train\Open\_215.jpg,d:\driver-drowsiness-detection\eye_dataset\train\Open\_215.jpg,Open,train,SIM_1377,578,636,224,224
D:\driver-drowsiness-detection\dataset\train\Open\_216.jpg,d:\driver-drowsiness-detection\eye_dataset\train\Open\_216.jpg,Open,train,SIM_1378,97,84,224,224
D:\driver-drowsiness-detection\dataset\train\Open\_217.jpg,d:\driver-drowsiness-detection\eye_dataset\train\Open\_217.jpg,Open,train,SIM_1379,391,300,224,224
D:\driver-drowsiness-detection\dataset\train\Open\_218.jpg,d:\driver-drowsiness-detection\eye_dataset\train\Open\_218.jpg,Open,train,SIM_1380,258,258,224,224
D:\driver-drowsiness-detection\dataset\train\Open\_219.jpg,d:\driver-drowsiness-detection\eye_dataset\train\Open\_219.jpg,Open,train,SIM_1381,258,258,224,224
D:\driver-drowsiness-detection\dataset\train\Open\_22.jpg,d:\driver-drowsiness-detection\eye_dataset\train\Open\_22.jpg,Open,train,SIM_1382,138,108,224,224
D:\driver-drowsiness-detection\dataset\train\Open\_220.jpg,d:\driver-drowsiness-detection\eye_dataset\train\Open\_220.jpg,Open,train,SIM_1383,292,291,224,224
D:\driver-drowsiness-detection\dataset\train\Open\_221.jpg,d:\driver-drowsiness-detection\eye_dataset\train\Open\_221.jpg,Open,train,SIM_1384,166,165,224,224
D:\driver-drowsiness-detection\dataset\train\Open\_222.jpg,d:\driver-drowsiness-detection\eye_dataset\train\Open\_222.jpg,Open,train,SIM_1385,156,156,224,224
D:\driver-drowsiness-detection\dataset\train\Open\_223.jpg,d:\driver-drowsiness-detection\eye_dataset\train\Open\_223.jpg,Open,train,SIM_1386,141,141,224,224
D:\driver-drowsiness-detection\dataset\train\Open\_224.jpg,d:\driver-drowsiness-detection\eye_dataset\train\Open\_224.jpg,Open,train,SIM_1387,138,138,224,224
D:\driver-drowsiness-detection\dataset\train\Open\_225.jpg,d:\driver-drowsiness-detection\eye_dataset\train\Open\_225.jpg,Open,train,SIM_1388,711,712,224,224
D:\driver-drowsiness-detection\dataset\train\Open\_226.jpg,d:\driver-drowsiness-detection\eye_dataset\validation\Open\_226.jpg,Open,validation,SIM_1389,968,834,224,224
D:\driver-drowsiness-detection\dataset\train\Open\_227.jpg,d:\driver-drowsiness-detection\eye_dataset\train\Open\_227.jpg,Open,train,SIM_1390,815,815,224,224
D:\driver-drowsiness-detection\dataset\train\Open\_228.jpg,d:\driver-drowsiness-detection\eye_dataset\test\Open\_228.jpg,Open,test,SIM_1391,309,299,224,224
D:\driver-drowsiness-detection\dataset\train\Open\_229.jpg,d:\driver-drowsiness-detection\eye_dataset\train\Open\_229.jpg,Open,train,SIM_1392,911,911,224,224
D:\driver-drowsiness-detection\dataset\train\Open\_23.jpg,d:\driver-drowsiness-detection\eye_dataset\train\Open\_23.jpg,Open,train,SIM_1393,124,108,224,224
D:\driver-drowsiness-detection\dataset\train\Open\_230.jpg,d:\driver-drowsiness-detection\eye_dataset\train\Open\_230.jpg,Open,train,SIM_1394,494,494,224,224
D:\driver-drowsiness-detection\dataset\train\Open\_231.jpg,d:\driver-drowsiness-detection\eye_dataset\train\Open\_231.jpg,Open,train,SIM_1395,676,676,224,224
D:\driver-drowsiness-detection\dataset\train\Open\_232.jpg,d:\driver-drowsiness-detection\eye_dataset\train\Open\_232.jpg,Open,train,SIM_1396,400,400,224,224
D:\driver-drowsiness-detection\dataset\train\Open\_233.jpg,d:\driver-drowsiness-detection\eye_dataset\validation\Open\_233.jpg,Open,validation,SIM_1397,421,421,224,224
D:\driver-drowsiness-detection\dataset\train\Open\_234.jpg,d:\driver-drowsiness-detection\eye_dataset\validation\Open\_234.jpg,Open,validation,SIM_1398,559,559,224,224
D:\driver-drowsiness-detection\dataset\train\Open\_235.jpg,d:\driver-drowsiness-detection\eye_dataset\train\Open\_235.jpg,Open,train,SIM_1399,418,418,224,224
D:\driver-drowsiness-detection\dataset\train\Open\_236.jpg,d:\driver-drowsiness-detection\eye_dataset\train\Open\_236.jpg,Open,train,SIM_1400,422,422,224,224
D:\driver-drowsiness-detection\dataset\train\Open\_237.jpg,d:\driver-drowsiness-detection\eye_dataset\test\Open\_237.jpg,Open,test,SIM_1401,468,468,224,224
D:\driver-drowsiness-detection\dataset\train\Open\_238.jpg,d:\driver-drowsiness-detection\eye_dataset\train\Open\_238.jpg,Open,train,SIM_1402,558,557,224,224
D:\driver-drowsiness-detection\dataset\train\Open\_239.jpg,d:\driver-drowsiness-detection\eye_dataset\validation\Open\_239.jpg,Open,validation,SIM_1403,126,126,224,224
D:\driver-drowsiness-detection\dataset\train\Open\_24.jpg,d:\driver-drowsiness-detection\eye_dataset\train\Open\_24.jpg,Open,train,SIM_1404,112,108,224,224
D:\driver-drowsiness-detection\dataset\train\Open\_240.jpg,d:\driver-drowsiness-detection\eye_dataset\train\Open\_240.jpg,Open,train,SIM_1405,86,69,224,224
D:\driver-drowsiness-detection\dataset\train\Open\_241.jpg,d:\driver-drowsiness-detection\eye_dataset\train\Open\_241.jpg,Open,train,SIM_1406,324,296,224,224
D:\driver-drowsiness-detection\dataset\train\Open\_242.jpg,d:\driver-drowsiness-detection\eye_dataset\train\Open\_242.jpg,Open,train,SIM_1407,535,536,224,224
D:\driver-drowsiness-detection\dataset\train\Open\_243.jpg,d:\driver-drowsiness-detection\eye_dataset\train\Open\_243.jpg,Open,train,SIM_1408,119,119,224,224
D:\driver-drowsiness-detection\dataset\train\Open\_244.jpg,d:\driver-drowsiness-detection\eye_dataset\test\Open\_244.jpg,Open,test,SIM_1409,103,97,224,224
D:\driver-drowsiness-detection\dataset\train\Open\_245.jpg,d:\driver-drowsiness-detection\eye_dataset\test\Open\_245.jpg,Open,test,SIM_1410,77,78,224,224
D:\driver-drowsiness-detection\dataset\train\Open\_246.jpg,d:\driver-drowsiness-detection\eye_dataset\train\Open\_246.jpg,Open,train,SIM_1411,612,612,224,224
D:\driver-drowsiness-detection\dataset\train\Open\_247.jpg,d:\driver-drowsiness-detection\eye_dataset\train\Open\_247.jpg,Open,train,SIM_1412,166,126,224,224
D:\driver-drowsiness-detection\dataset\train\Open\_248.jpg,d:\driver-drowsiness-detection\eye_dataset\train\Open\_248.jpg,Open,train,SIM_1413,326,300,224,224
D:\driver-drowsiness-detection\dataset\train\Open\_249.jpg,d:\driver-drowsiness-detection\eye_dataset\train\Open\_249.jpg,Open,train,SIM_1414,300,313,224,224
D:\driver-drowsiness-detection\dataset\train\Open\_25.jpg,d:\driver-drowsiness-detection\eye_dataset\train\Open\_25.jpg,Open,train,SIM_1415,129,103,224,224
D:\driver-drowsiness-detection\dataset\train\Open\_250.jpg,d:\driver-drowsiness-detection\eye_dataset\test\Open\_250.jpg,Open,test,SIM_1416,300,310,224,224
D:\driver-drowsiness-detection\dataset\train\Open\_251.jpg,d:\driver-drowsiness-detection\eye_dataset\train\Open\_251.jpg,Open,train,SIM_1417,346,300,224,224
D:\driver-drowsiness-detection\dataset\train\Open\_252.jpg,d:\driver-drowsiness-detection\eye_dataset\validation\Open\_252.jpg,Open,validation,SIM_1418,268,262,224,224
D:\driver-drowsiness-detection\dataset\train\Open\_253.jpg,d:\driver-drowsiness-detection\eye_dataset\train\Open\_253.jpg,Open,train,SIM_1419,300,345,224,224
D:\driver-drowsiness-detection\dataset\train\Open\_254.jpg,d:\driver-drowsiness-detection\eye_dataset\validation\Open\_254.jpg,Open,validation,SIM_1420,378,300,224,224
D:\driver-drowsiness-detection\dataset\train\Open\_255.jpg,d:\driver-drowsiness-detection\eye_dataset\train\Open\_255.jpg,Open,train,SIM_1421,373,300,224,224
D:\driver-drowsiness-detection\dataset\train\Open\_256.jpg,d:\driver-drowsiness-detection\eye_dataset\train\Open\_256.jpg,Open,train,SIM_1422,391,300,224,224
D:\driver-drowsiness-detection\dataset\train\Open\_257.jpg,d:\driver-drowsiness-detection\eye_dataset\train\Open\_257.jpg,Open,train,SIM_1423,300,315,224,224
D:\driver-drowsiness-detection\dataset\train\Open\_258.jpg,d:\driver-drowsiness-detection\eye_dataset\train\Open\_258.jpg,Open,train,SIM_1424,238,231,224,224
D:\driver-drowsiness-detection\dataset\train\Open\_259.jpg,d:\driver-drowsiness-detection\eye_dataset\validation\Open\_259.jpg,Open,validation,SIM_1425,404,300,224,224
D:\driver-drowsiness-detection\dataset\train\Open\_26.jpg,d:\driver-drowsiness-detection\eye_dataset\validation\Open\_26.jpg,Open,validation,SIM_1426,142,142,224,224
D:\driver-drowsiness-detection\dataset\train\Open\_260.jpg,d:\driver-drowsiness-detection\eye_dataset\validation\Open\_260.jpg,Open,validation,SIM_1427,350,300,224,224
D:\driver-drowsiness-detection\dataset\train\Open\_261.jpg,d:\driver-drowsiness-detection\eye_dataset\train\Open\_261.jpg,Open,train,SIM_1428,356,300,224,224
D:\driver-drowsiness-detection\dataset\train\Open\_262.jpg,d:\driver-drowsiness-detection\eye_dataset\validation\Open\_262.jpg,Open,validation,SIM_1429,398,300,224,224
D:\driver-drowsiness-detection\dataset\train\Open\_263.jpg,d:\driver-drowsiness-detection\eye_dataset\train\Open\_263.jpg,Open,train,SIM_1430,70,40,224,224
D:\driver-drowsiness-detection\dataset\train\Open\_264.jpg,d:\driver-drowsiness-detection\eye_dataset\train\Open\_264.jpg,Open,train,SIM_1431,370,300,224,224
D:\driver-drowsiness-detection\dataset\train\Open\_265.jpg,d:\driver-drowsiness-detection\eye_dataset\train\Open\_265.jpg,Open,train,SIM_1432,330,300,224,224
D:\driver-drowsiness-detection\dataset\train\Open\_266.jpg,d:\driver-drowsiness-detection\eye_dataset\train\Open\_266.jpg,Open,train,SIM_1433,437,429,224,224
D:\driver-drowsiness-detection\dataset\train\Open\_267.jpg,d:\driver-drowsiness-detection\eye_dataset\train\Open\_267.jpg,Open,train,SIM_1434,392,300,224,224
D:\driver-drowsiness-detection\dataset\train\Open\_268.jpg,d:\driver-drowsiness-detection\eye_dataset\test\Open\_268.jpg,Open,test,SIM_1435,356,300,224,224
D:\driver-drowsiness-detection\dataset\train\Open\_269.jpg,d:\driver-drowsiness-detection\eye_dataset\train\Open\_269.jpg,Open,train,SIM_1436,192,124,224,224
D:\driver-drowsiness-detection\dataset\train\Open\_27.jpg,d:\driver-drowsiness-detection\eye_dataset\train\Open\_27.jpg,Open,train,SIM_1437,300,306,224,224
D:\driver-drowsiness-detection\dataset\train\Open\_270.jpg,d:\driver-drowsiness-detection\eye_dataset\train\Open\_270.jpg,Open,train,SIM_1438,246,135,224,224
D:\driver-drowsiness-detection\dataset\train\Open\_271.jpg,d:\driver-drowsiness-detection\eye_dataset\test\Open\_271.jpg,Open,test,SIM_1439,474,353,224,224
D:\driver-drowsiness-detection\dataset\train\Open\_272.jpg,d:\driver-drowsiness-detection\eye_dataset\test\Open\_272.jpg,Open,test,SIM_1440,475,353,224,224
D:\driver-drowsiness-detection\dataset\train\Open\_273.jpg,d:\driver-drowsiness-detection\eye_dataset\validation\Open\_273.jpg,Open,validation,SIM_1441,77,74,224,224
D:\driver-drowsiness-detection\dataset\train\Open\_274.jpg,d:\driver-drowsiness-detection\eye_dataset\train\Open\_274.jpg,Open,train,SIM_1442,88,50,224,224
D:\driver-drowsiness-detection\dataset\train\Open\_275.jpg,d:\driver-drowsiness-detection\eye_dataset\validation\Open\_275.jpg,Open,validation,SIM_1443,74,64,224,224
D:\driver-drowsiness-detection\dataset\train\Open\_276.jpg,d:\driver-drowsiness-detection\eye_dataset\test\Open\_276.jpg,Open,test,SIM_1444,583,359,224,224
D:\driver-drowsiness-detection\dataset\train\Open\_277.jpg,d:\driver-drowsiness-detection\eye_dataset\validation\Open\_277.jpg,Open,validation,SIM_1445,514,348,224,224
D:\driver-drowsiness-detection\dataset\train\Open\_278.jpg,d:\driver-drowsiness-detection\eye_dataset\test\Open\_278.jpg,Open,test,SIM_1446,95,87,224,224
D:\driver-drowsiness-detection\dataset\train\Open\_279.jpg,d:\driver-drowsiness-detection\eye_dataset\train\Open\_279.jpg,Open,train,SIM_1447,108,81,224,224
D:\driver-drowsiness-detection\dataset\train\Open\_28.jpg,d:\driver-drowsiness-detection\eye_dataset\train\Open\_28.jpg,Open,train,SIM_1448,127,116,224,224
D:\driver-drowsiness-detection\dataset\train\Open\_280.jpg,d:\driver-drowsiness-detection\eye_dataset\train\Open\_280.jpg,Open,train,SIM_1449,352,300,224,224
D:\driver-drowsiness-detection\dataset\train\Open\_281.jpg,d:\driver-drowsiness-detection\eye_dataset\train\Open\_281.jpg,Open,train,SIM_1450,319,300,224,224
D:\driver-drowsiness-detection\dataset\train\Open\_282.jpg,d:\driver-drowsiness-detection\eye_dataset\train\Open\_282.jpg,Open,train,SIM_1451,452,300,224,224
D:\driver-drowsiness-detection\dataset\train\Open\_283.jpg,d:\driver-drowsiness-detection\eye_dataset\train\Open\_283.jpg,Open,train,SIM_1452,439,339,224,224
D:\driver-drowsiness-detection\dataset\train\Open\_284.jpg,d:\driver-drowsiness-detection\eye_dataset\train\Open\_284.jpg,Open,train,SIM_1453,409,337,224,224
D:\driver-drowsiness-detection\dataset\train\Open\_285.jpg,d:\driver-drowsiness-detection\eye_dataset\train\Open\_285.jpg,Open,train,SIM_1454,108,60,224,224
D:\driver-drowsiness-detection\dataset\train\Open\_286.jpg,d:\driver-drowsiness-detection\eye_dataset\train\Open\_286.jpg,Open,train,SIM_1455,508,300,224,224
D:\driver-drowsiness-detection\dataset\train\Open\_287.jpg,d:\driver-drowsiness-detection\eye_dataset\train\Open\_287.jpg,Open,train,SIM_1456,483,300,224,224
D:\driver-drowsiness-detection\dataset\train\Open\_288.jpg,d:\driver-drowsiness-detection\eye_dataset\train\Open\_288.jpg,Open,train,SIM_1457,398,300,224,224
D:\driver-drowsiness-detection\dataset\train\Open\_289.jpg,d:\driver-drowsiness-detection\eye_dataset\train\Open\_289.jpg,Open,train,SIM_1458,300,239,224,224
D:\driver-drowsiness-detection\dataset\train\Open\_29.jpg,d:\driver-drowsiness-detection\eye_dataset\train\Open\_29.jpg,Open,train,SIM_1459,128,114,224,224
D:\driver-drowsiness-detection\dataset\train\Open\_290.jpg,d:\driver-drowsiness-detection\eye_dataset\train\Open\_290.jpg,Open,train,SIM_1460,113,102,224,224
D:\driver-drowsiness-detection\dataset\train\Open\_291.jpg,d:\driver-drowsiness-detection\eye_dataset\validation\Open\_291.jpg,Open,validation,SIM_1461,122,121,224,224
D:\driver-drowsiness-detection\dataset\train\Open\_292.jpg,d:\driver-drowsiness-detection\eye_dataset\train\Open\_292.jpg,Open,train,SIM_1462,411,300,224,224
D:\driver-drowsiness-detection\dataset\train\Open\_293.jpg,d:\driver-drowsiness-detection\eye_dataset\train\Open\_293.jpg,Open,train,SIM_1463,374,300,224,224
D:\driver-drowsiness-detection\dataset\train\Open\_294.jpg,d:\driver-drowsiness-detection\eye_dataset\train\Open\_294.jpg,Open,train,SIM_1464,108,108,224,224
D:\driver-drowsiness-detection\dataset\train\Open\_295.jpg,d:\driver-drowsiness-detection\eye_dataset\train\Open\_295.jpg,Open,train,SIM_1465,109,109,224,224
D:\driver-drowsiness-detection\dataset\train\Open\_296.jpg,d:\driver-drowsiness-detection\eye_dataset\train\Open\_296.jpg,Open,train,SIM_1466,304,238,224,224
D:\driver-drowsiness-detection\dataset\train\Open\_297.jpg,d:\driver-drowsiness-detection\eye_dataset\train\Open\_297.jpg,Open,train,SIM_1467,450,300,224,224
D:\driver-drowsiness-detection\dataset\train\Open\_298.jpg,d:\driver-drowsiness-detection\eye_dataset\train\Open\_298.jpg,Open,train,SIM_1468,335,300,224,224
D:\driver-drowsiness-detection\dataset\train\Open\_299.jpg,d:\driver-drowsiness-detection\eye_dataset\train\Open\_299.jpg,Open,train,SIM_1469,569,379,224,224
D:\driver-drowsiness-detection\dataset\train\Open\_3.jpg,d:\driver-drowsiness-detection\eye_dataset\validation\Open\_3.jpg,Open,validation,SIM_1470,102,102,224,224
D:\driver-drowsiness-detection\dataset\train\Open\_30.jpg,d:\driver-drowsiness-detection\eye_dataset\test\Open\_30.jpg,Open,test,SIM_1471,113,104,224,224
D:\driver-drowsiness-detection\dataset\train\Open\_300.jpg,d:\driver-drowsiness-detection\eye_dataset\validation\Open\_300.jpg,Open,validation,SIM_1472,576,378,224,224
D:\driver-drowsiness-detection\dataset\train\Open\_301.jpg,d:\driver-drowsiness-detection\eye_dataset\train\Open\_301.jpg,Open,train,SIM_1473,437,300,224,224
D:\driver-drowsiness-detection\dataset\train\Open\_302.jpg,d:\driver-drowsiness-detection\eye_dataset\validation\Open\_302.jpg,Open,validation,SIM_1474,87,79,224,224
D:\driver-drowsiness-detection\dataset\train\Open\_303.jpg,d:\driver-drowsiness-detection\eye_dataset\validation\Open\_303.jpg,Open,validation,SIM_1475,92,92,224,224
D:\driver-drowsiness-detection\dataset\train\Open\_304.jpg,d:\driver-drowsiness-detection\eye_dataset\train\Open\_304.jpg,Open,train,SIM_1476,292,182,224,224
D:\driver-drowsiness-detection\dataset\train\Open\_305.jpg,d:\driver-drowsiness-detection\eye_dataset\train\Open\_305.jpg,Open,train,SIM_1477,288,186,224,224
D:\driver-drowsiness-detection\dataset\train\Open\_306.jpg,d:\driver-drowsiness-detection\eye_dataset\train\Open\_306.jpg,Open,train,SIM_1478,122,122,224,224
D:\driver-drowsiness-detection\dataset\train\Open\_307.jpg,d:\driver-drowsiness-detection\eye_dataset\test\Open\_307.jpg,Open,test,SIM_1479,374,300,224,224
D:\driver-drowsiness-detection\dataset\train\Open\_308.jpg,d:\driver-drowsiness-detection\eye_dataset\test\Open\_308.jpg,Open,test,SIM_1480,106,106,224,224
D:\driver-drowsiness-detection\dataset\train\Open\_309.jpg,d:\driver-drowsiness-detection\eye_dataset\train\Open\_309.jpg,Open,train,SIM_1481,314,300,224,224
D:\driver-drowsiness-detection\dataset\train\Open\_31.jpg,d:\driver-drowsiness-detection\eye_dataset\train\Open\_31.jpg,Open,train,SIM_1482,259,259,224,224
D:\driver-drowsiness-detection\dataset\train\Open\_310.jpg,d:\driver-drowsiness-detection\eye_dataset\test\Open\_310.jpg,Open,test,SIM_1483,77,77,224,224
D:\driver-drowsiness-detection\dataset\train\Open\_311.jpg,d:\driver-drowsiness-detection\eye_dataset\train\Open\_311.jpg,Open,train,SIM_1484,98,98,224,224
D:\driver-drowsiness-detection\dataset\train\Open\_312.jpg,d:\driver-drowsiness-detection\eye_dataset\test\Open\_312.jpg,Open,test,SIM_1485,390,300,224,224
D:\driver-drowsiness-detection\dataset\train\Open\_313.jpg,d:\driver-drowsiness-detection\eye_dataset\test\Open\_313.jpg,Open,test,SIM_1486,316,300,224,224
D:\driver-drowsiness-detection\dataset\train\Open\_314.jpg,d:\driver-drowsiness-detection\eye_dataset\train\Open\_314.jpg,Open,train,SIM_1487,300,323,224,224
D:\driver-drowsiness-detection\dataset\train\Open\_315.jpg,d:\driver-drowsiness-detection\eye_dataset\train\Open\_315.jpg,Open,train,SIM_1488,300,302,224,224
D:\driver-drowsiness-detection\dataset\train\Open\_316.jpg,d:\driver-drowsiness-detection\eye_dataset\train\Open\_316.jpg,Open,train,SIM_1489,616,486,224,224
D:\driver-drowsiness-detection\dataset\train\Open\_317.jpg,d:\driver-drowsiness-detection\eye_dataset\validation\Open\_317.jpg,Open,validation,SIM_1490,611,478,224,224
D:\driver-drowsiness-detection\dataset\train\Open\_318.jpg,d:\driver-drowsiness-detection\eye_dataset\validation\Open\_318.jpg,Open,validation,SIM_1491,245,245,224,224
D:\driver-drowsiness-detection\dataset\train\Open\_319.jpg,d:\driver-drowsiness-detection\eye_dataset\train\Open\_319.jpg,Open,train,SIM_1492,97,97,224,224
D:\driver-drowsiness-detection\dataset\train\Open\_32.jpg,d:\driver-drowsiness-detection\eye_dataset\validation\Open\_32.jpg,Open,validation,SIM_1493,137,102,224,224
D:\driver-drowsiness-detection\dataset\train\Open\_320.jpg,d:\driver-drowsiness-detection\eye_dataset\validation\Open\_320.jpg,Open,validation,SIM_1494,111,111,224,224
D:\driver-drowsiness-detection\dataset\train\Open\_321.jpg,d:\driver-drowsiness-detection\eye_dataset\train\Open\_321.jpg,Open,train,SIM_1495,353,300,224,224
D:\driver-drowsiness-detection\dataset\train\Open\_322.jpg,d:\driver-drowsiness-detection\eye_dataset\test\Open\_322.jpg,Open,test,SIM_1496,348,300,224,224
D:\driver-drowsiness-detection\dataset\train\Open\_323.jpg,d:\driver-drowsiness-detection\eye_dataset\test\Open\_323.jpg,Open,test,SIM_1497,314,300,224,224
D:\driver-drowsiness-detection\dataset\train\Open\_324.jpg,d:\driver-drowsiness-detection\eye_dataset\validation\Open\_324.jpg,Open,validation,SIM_1498,564,526,224,224
D:\driver-drowsiness-detection\dataset\train\Open\_325.jpg,d:\driver-drowsiness-detection\eye_dataset\train\Open\_325.jpg,Open,train,SIM_1499,612,460,224,224
D:\driver-drowsiness-detection\dataset\train\Open\_326.jpg,d:\driver-drowsiness-detection\eye_dataset\train\Open\_326.jpg,Open,train,SIM_1500,84,84,224,224
D:\driver-drowsiness-detection\dataset\train\Open\_327.jpg,d:\driver-drowsiness-detection\eye_dataset\test\Open\_327.jpg,Open,test,SIM_1501,84,84,224,224
D:\driver-drowsiness-detection\dataset\train\Open\_328.jpg,d:\driver-drowsiness-detection\eye_dataset\train\Open\_328.jpg,Open,train,SIM_1502,96,87,224,224
D:\driver-drowsiness-detection\dataset\train\Open\_329.jpg,d:\driver-drowsiness-detection\eye_dataset\train\Open\_329.jpg,Open,train,SIM_1503,481,300,224,224
D:\driver-drowsiness-detection\dataset\train\Open\_33.jpg,d:\driver-drowsiness-detection\eye_dataset\train\Open\_33.jpg,Open,train,SIM_1504,134,120,224,224
D:\driver-drowsiness-detection\dataset\train\Open\_330.jpg,d:\driver-drowsiness-detection\eye_dataset\test\Open\_330.jpg,Open,test,SIM_1505,82,87,224,224
D:\driver-drowsiness-detection\dataset\train\Open\_331.jpg,d:\driver-drowsiness-detection\eye_dataset\train\Open\_331.jpg,Open,train,SIM_1506,390,378,224,224
D:\driver-drowsiness-detection\dataset\train\Open\_332.jpg,d:\driver-drowsiness-detection\eye_dataset\train\Open\_332.jpg,Open,train,SIM_1507,489,412,224,224
D:\driver-drowsiness-detection\dataset\train\Open\_333.jpg,d:\driver-drowsiness-detection\eye_dataset\train\Open\_333.jpg,Open,train,SIM_1508,370,300,224,224
D:\driver-drowsiness-detection\dataset\train\Open\_334.jpg,d:\driver-drowsiness-detection\eye_dataset\train\Open\_334.jpg,Open,train,SIM_1509,407,300,224,224
D:\driver-drowsiness-detection\dataset\train\Open\_335.jpg,d:\driver-drowsiness-detection\eye_dataset\train\Open\_335.jpg,Open,train,SIM_1510,85,85,224,224
D:\driver-drowsiness-detection\dataset\train\Open\_336.jpg,d:\driver-drowsiness-detection\eye_dataset\train\Open\_336.jpg,Open,train,SIM_1511,80,80,224,224
D:\driver-drowsiness-detection\dataset\train\Open\_337.jpg,d:\driver-drowsiness-detection\eye_dataset\train\Open\_337.jpg,Open,train,SIM_1512,363,300,224,224
D:\driver-drowsiness-detection\dataset\train\Open\_338.jpg,d:\driver-drowsiness-detection\eye_dataset\train\Open\_338.jpg,Open,train,SIM_1513,327,255,224,224
D:\driver-drowsiness-detection\dataset\train\Open\_339.jpg,d:\driver-drowsiness-detection\eye_dataset\train\Open\_339.jpg,Open,train,SIM_1514,389,253,224,224
D:\driver-drowsiness-detection\dataset\train\Open\_34.jpg,d:\driver-drowsiness-detection\eye_dataset\train\Open\_34.jpg,Open,train,SIM_1515,105,129,224,224
D:\driver-drowsiness-detection\dataset\train\Open\_340.jpg,d:\driver-drowsiness-detection\eye_dataset\test\Open\_340.jpg,Open,test,SIM_1516,450,300,224,224
D:\driver-drowsiness-detection\dataset\train\Open\_341.jpg,d:\driver-drowsiness-detection\eye_dataset\train\Open\_341.jpg,Open,train,SIM_1517,408,431,224,224
D:\driver-drowsiness-detection\dataset\train\Open\_342.jpg,d:\driver-drowsiness-detection\eye_dataset\train\Open\_342.jpg,Open,train,SIM_1518,433,467,224,224
D:\driver-drowsiness-detection\dataset\train\Open\_343.jpg,d:\driver-drowsiness-detection\eye_dataset\train\Open\_343.jpg,Open,train,SIM_1519,69,70,224,224
D:\driver-drowsiness-detection\dataset\train\Open\_344.jpg,d:\driver-drowsiness-detection\eye_dataset\train\Open\_344.jpg,Open,train,SIM_1520,69,68,224,224
D:\driver-drowsiness-detection\dataset\train\Open\_345.jpg,d:\driver-drowsiness-detection\eye_dataset\test\Open\_345.jpg,Open,test,SIM_1521,131,130,224,224
D:\driver-drowsiness-detection\dataset\train\Open\_346.jpg,d:\driver-drowsiness-detection\eye_dataset\train\Open\_346.jpg,Open,train,SIM_1522,119,118,224,224
D:\driver-drowsiness-detection\dataset\train\Open\_347.jpg,d:\driver-drowsiness-detection\eye_dataset\test\Open\_347.jpg,Open,test,SIM_1523,432,300,224,224
D:\driver-drowsiness-detection\dataset\train\Open\_348.jpg,d:\driver-drowsiness-detection\eye_dataset\train\Open\_348.jpg,Open,train,SIM_1524,116,116,224,224
D:\driver-drowsiness-detection\dataset\train\Open\_349.jpg,d:\driver-drowsiness-detection\eye_dataset\train\Open\_349.jpg,Open,train,SIM_1525,104,104,224,224
D:\driver-drowsiness-detection\dataset\train\Open\_35.jpg,d:\driver-drowsiness-detection\eye_dataset\train\Open\_35.jpg,Open,train,SIM_1526,300,300,224,224
D:\driver-drowsiness-detection\dataset\train\Open\_350.jpg,d:\driver-drowsiness-detection\eye_dataset\train\Open\_350.jpg,Open,train,SIM_1527,473,300,224,224
D:\driver-drowsiness-detection\dataset\train\Open\_351.jpg,d:\driver-drowsiness-detection\eye_dataset\test\Open\_351.jpg,Open,test,SIM_1528,108,108,224,224
D:\driver-drowsiness-detection\dataset\train\Open\_352.jpg,d:\driver-drowsiness-detection\eye_dataset\test\Open\_352.jpg,Open,test,SIM_1529,68,54,224,224
D:\driver-drowsiness-detection\dataset\train\Open\_353.jpg,d:\driver-drowsiness-detection\eye_dataset\test\Open\_353.jpg,Open,test,SIM_1530,338,300,224,224
D:\driver-drowsiness-detection\dataset\train\Open\_354.jpg,d:\driver-drowsiness-detection\eye_dataset\train\Open\_354.jpg,Open,train,SIM_1531,428,300,224,224
D:\driver-drowsiness-detection\dataset\train\Open\_355.jpg,d:\driver-drowsiness-detection\eye_dataset\train\Open\_355.jpg,Open,train,SIM_1532,418,300,224,224
D:\driver-drowsiness-detection\dataset\train\Open\_356.jpg,d:\driver-drowsiness-detection\eye_dataset\train\Open\_356.jpg,Open,train,SIM_1533,116,116,224,224
D:\driver-drowsiness-detection\dataset\train\Open\_357.jpg,d:\driver-drowsiness-detection\eye_dataset\train\Open\_357.jpg,Open,train,SIM_1534,114,114,224,224
D:\driver-drowsiness-detection\dataset\train\Open\_358.jpg,d:\driver-drowsiness-detection\eye_dataset\test\Open\_358.jpg,Open,test,SIM_1535,395,300,224,224
D:\driver-drowsiness-detection\dataset\train\Open\_359.jpg,d:\driver-drowsiness-detection\eye_dataset\train\Open\_359.jpg,Open,train,SIM_1536,456,300,224,224
D:\driver-drowsiness-detection\dataset\train\Open\_36.jpg,d:\driver-drowsiness-detection\eye_dataset\train\Open\_36.jpg,Open,train,SIM_1537,300,300,224,224
D:\driver-drowsiness-detection\dataset\train\Open\_360.jpg,d:\driver-drowsiness-detection\eye_dataset\train\Open\_360.jpg,Open,train,SIM_1538,146,146,224,224
D:\driver-drowsiness-detection\dataset\train\Open\_361.jpg,d:\driver-drowsiness-detection\eye_dataset\train\Open\_361.jpg,Open,train,SIM_1539,137,136,224,224
D:\driver-drowsiness-detection\dataset\train\Open\_362.jpg,d:\driver-drowsiness-detection\eye_dataset\train\Open\_362.jpg,Open,train,SIM_1540,364,300,224,224
D:\driver-drowsiness-detection\dataset\train\Open\_363.jpg,d:\driver-drowsiness-detection\eye_dataset\validation\Open\_363.jpg,Open,validation,SIM_1541,387,300,224,224
D:\driver-drowsiness-detection\dataset\train\Open\_364.jpg,d:\driver-drowsiness-detection\eye_dataset\train\Open\_364.jpg,Open,train,SIM_1542,194,194,224,224
D:\driver-drowsiness-detection\dataset\train\Open\_365.jpg,d:\driver-drowsiness-detection\eye_dataset\validation\Open\_365.jpg,Open,validation,SIM_1543,112,112,224,224
D:\driver-drowsiness-detection\dataset\train\Open\_366.jpg,d:\driver-drowsiness-detection\eye_dataset\train\Open\_366.jpg,Open,train,SIM_1544,111,110,224,224
D:\driver-drowsiness-detection\dataset\train\Open\_367.jpg,d:\driver-drowsiness-detection\eye_dataset\train\Open\_367.jpg,Open,train,SIM_1545,431,300,224,224
D:\driver-drowsiness-detection\dataset\train\Open\_368.jpg,d:\driver-drowsiness-detection\eye_dataset\train\Open\_368.jpg,Open,train,SIM_1546,112,111,224,224
D:\driver-drowsiness-detection\dataset\train\Open\_369.jpg,d:\driver-drowsiness-detection\eye_dataset\train\Open\_369.jpg,Open,train,SIM_1547,104,104,224,224
D:\driver-drowsiness-detection\dataset\train\Open\_37.jpg,d:\driver-drowsiness-detection\eye_dataset\train\Open\_37.jpg,Open,train,SIM_1548,158,112,224,224
D:\driver-drowsiness-detection\dataset\train\Open\_370.jpg,d:\driver-drowsiness-detection\eye_dataset\validation\Open\_370.jpg,Open,validation,SIM_1549,448,300,224,224
D:\driver-drowsiness-detection\dataset\train\Open\_371.jpg,d:\driver-drowsiness-detection\eye_dataset\validation\Open\_371.jpg,Open,validation,SIM_1550,389,300,224,224
D:\driver-drowsiness-detection\dataset\train\Open\_372.jpg,d:\driver-drowsiness-detection\eye_dataset\train\Open\_372.jpg,Open,train,SIM_1551,424,300,224,224
D:\driver-drowsiness-detection\dataset\train\Open\_373.jpg,d:\driver-drowsiness-detection\eye_dataset\train\Open\_373.jpg,Open,train,SIM_1552,333,300,224,224
D:\driver-drowsiness-detection\dataset\train\Open\_374.jpg,d:\driver-drowsiness-detection\eye_dataset\train\Open\_374.jpg,Open,train,SIM_1553,328,300,224,224
D:\driver-drowsiness-detection\dataset\train\Open\_375.jpg,d:\driver-drowsiness-detection\eye_dataset\train\Open\_375.jpg,Open,train,SIM_1554,358,300,224,224
D:\driver-drowsiness-detection\dataset\train\Open\_376.jpg,d:\driver-drowsiness-detection\eye_dataset\train\Open\_376.jpg,Open,train,SIM_1555,316,300,224,224
D:\driver-drowsiness-detection\dataset\train\Open\_377.jpg,d:\driver-drowsiness-detection\eye_dataset\validation\Open\_377.jpg,Open,validation,SIM_1556,300,300,224,224
D:\driver-drowsiness-detection\dataset\train\Open\_378.jpg,d:\driver-drowsiness-detection\eye_dataset\train\Open\_378.jpg,Open,train,SIM_1557,341,300,224,224
D:\driver-drowsiness-detection\dataset\train\Open\_379.jpg,d:\driver-drowsiness-detection\eye_dataset\train\Open\_379.jpg,Open,train,SIM_1558,396,396,224,224
D:\driver-drowsiness-detection\dataset\train\Open\_38.jpg,d:\driver-drowsiness-detection\eye_dataset\train\Open\_38.jpg,Open,train,SIM_1559,642,642,224,224
D:\driver-drowsiness-detection\dataset\train\Open\_380.jpg,d:\driver-drowsiness-detection\eye_dataset\train\Open\_380.jpg,Open,train,SIM_1560,429,429,224,224
D:\driver-drowsiness-detection\dataset\train\Open\_381.jpg,d:\driver-drowsiness-detection\eye_dataset\train\Open\_381.jpg,Open,train,SIM_1561,482,482,224,224
D:\driver-drowsiness-detection\dataset\train\Open\_382.jpg,d:\driver-drowsiness-detection\eye_dataset\train\Open\_382.jpg,Open,train,SIM_1562,495,494,224,224
D:\driver-drowsiness-detection\dataset\train\Open\_383.jpg,d:\driver-drowsiness-detection\eye_dataset\train\Open\_383.jpg,Open,train,SIM_1563,594,595,224,224
D:\driver-drowsiness-detection\dataset\train\Open\_384.jpg,d:\driver-drowsiness-detection\eye_dataset\train\Open\_384.jpg,Open,train,SIM_1564,624,624,224,224
D:\driver-drowsiness-detection\dataset\train\Open\_385.jpg,d:\driver-drowsiness-detection\eye_dataset\train\Open\_385.jpg,Open,train,SIM_1565,271,271,224,224
D:\driver-drowsiness-detection\dataset\train\Open\_386.jpg,d:\driver-drowsiness-detection\eye_dataset\train\Open\_386.jpg,Open,train,SIM_1566,342,300,224,224
D:\driver-drowsiness-detection\dataset\train\Open\_387.jpg,d:\driver-drowsiness-detection\eye_dataset\train\Open\_387.jpg,Open,train,SIM_1567,276,276,224,224
D:\driver-drowsiness-detection\dataset\train\Open\_388.jpg,d:\driver-drowsiness-detection\eye_dataset\train\Open\_388.jpg,Open,train,SIM_1568,242,241,224,224
D:\driver-drowsiness-detection\dataset\train\Open\_389.jpg,d:\driver-drowsiness-detection\eye_dataset\train\Open\_389.jpg,Open,train,SIM_1569,287,287,224,224
D:\driver-drowsiness-detection\dataset\train\Open\_39.jpg,d:\driver-drowsiness-detection\eye_dataset\train\Open\_39.jpg,Open,train,SIM_1570,87,50,224,224
D:\driver-drowsiness-detection\dataset\train\Open\_390.jpg,d:\driver-drowsiness-detection\eye_dataset\test\Open\_390.jpg,Open,test,SIM_1571,592,592,224,224
D:\driver-drowsiness-detection\dataset\train\Open\_391.jpg,d:\driver-drowsiness-detection\eye_dataset\train\Open\_391.jpg,Open,train,SIM_1572,644,644,224,224
D:\driver-drowsiness-detection\dataset\train\Open\_392.jpg,d:\driver-drowsiness-detection\eye_dataset\train\Open\_392.jpg,Open,train,SIM_1573,537,536,224,224
D:\driver-drowsiness-detection\dataset\train\Open\_393.jpg,d:\driver-drowsiness-detection\eye_dataset\validation\Open\_393.jpg,Open,validation,SIM_1574,537,537,224,224
D:\driver-drowsiness-detection\dataset\train\Open\_394.jpg,d:\driver-drowsiness-detection\eye_dataset\train\Open\_394.jpg,Open,train,SIM_1575,644,644,224,224
D:\driver-drowsiness-detection\dataset\train\Open\_395.jpg,d:\driver-drowsiness-detection\eye_dataset\train\Open\_395.jpg,Open,train,SIM_1576,526,526,224,224
D:\driver-drowsiness-detection\dataset\train\Open\_396.jpg,d:\driver-drowsiness-detection\eye_dataset\train\Open\_396.jpg,Open,train,SIM_1577,316,316,224,224
D:\driver-drowsiness-detection\dataset\train\Open\_397.jpg,d:\driver-drowsiness-detection\eye_dataset\validation\Open\_397.jpg,Open,validation,SIM_1578,369,300,224,224
D:\driver-drowsiness-detection\dataset\train\Open\_398.jpg,d:\driver-drowsiness-detection\eye_dataset\train\Open\_398.jpg,Open,train,SIM_1579,536,536,224,224
D:\driver-drowsiness-detection\dataset\train\Open\_399.jpg,d:\driver-drowsiness-detection\eye_dataset\test\Open\_399.jpg,Open,test,SIM_1580,199,198,224,224
D:\driver-drowsiness-detection\dataset\train\Open\_4.jpg,d:\driver-drowsiness-detection\eye_dataset\train\Open\_4.jpg,Open,train,SIM_1581,533,300,224,224
D:\driver-drowsiness-detection\dataset\train\Open\_40.jpg,d:\driver-drowsiness-detection\eye_dataset\validation\Open\_40.jpg,Open,validation,SIM_1582,133,110,224,224
D:\driver-drowsiness-detection\dataset\train\Open\_400.jpg,d:\driver-drowsiness-detection\eye_dataset\train\Open\_400.jpg,Open,train,SIM_1583,206,206,224,224
D:\driver-drowsiness-detection\dataset\train\Open\_401.jpg,d:\driver-drowsiness-detection\eye_dataset\train\Open\_401.jpg,Open,train,SIM_1584,186,186,224,224
D:\driver-drowsiness-detection\dataset\train\Open\_402.jpg,d:\driver-drowsiness-detection\eye_dataset\train\Open\_402.jpg,Open,train,SIM_1585,192,192,224,224
D:\driver-drowsiness-detection\dataset\train\Open\_403.jpg,d:\driver-drowsiness-detection\eye_dataset\test\Open\_403.jpg,Open,test,SIM_1586,181,182,224,224
D:\driver-drowsiness-detection\dataset\train\Open\_404.jpg,d:\driver-drowsiness-detection\eye_dataset\validation\Open\_404.jpg,Open,validation,SIM_1587,161,161,224,224
D:\driver-drowsiness-detection\dataset\train\Open\_405.jpg,d:\driver-drowsiness-detection\eye_dataset\train\Open\_405.jpg,Open,train,SIM_1588,161,161,224,224
D:\driver-drowsiness-detection\dataset\train\Open\_406.jpg,d:\driver-drowsiness-detection\eye_dataset\validation\Open\_406.jpg,Open,validation,SIM_1589,846,845,224,224
D:\driver-drowsiness-detection\dataset\train\Open\_407.jpg,d:\driver-drowsiness-detection\eye_dataset\test\Open\_407.jpg,Open,test,SIM_1590,701,701,224,224
D:\driver-drowsiness-detection\dataset\train\Open\_408.jpg,d:\driver-drowsiness-detection\eye_dataset\train\Open\_408.jpg,Open,train,SIM_1591,227,226,224,224
D:\driver-drowsiness-detection\dataset\train\Open\_409.jpg,d:\driver-drowsiness-detection\eye_dataset\train\Open\_409.jpg,Open,train,SIM_1592,100,100,224,224
D:\driver-drowsiness-detection\dataset\train\Open\_41.jpg,d:\driver-drowsiness-detection\eye_dataset\train\Open\_41.jpg,Open,train,SIM_1593,163,174,224,224
D:\driver-drowsiness-detection\dataset\train\Open\_410.jpg,d:\driver-drowsiness-detection\eye_dataset\train\Open\_410.jpg,Open,train,SIM_1594,124,124,224,224
D:\driver-drowsiness-detection\dataset\train\Open\_411.jpg,d:\driver-drowsiness-detection\eye_dataset\train\Open\_411.jpg,Open,train,SIM_1595,109,109,224,224
D:\driver-drowsiness-detection\dataset\train\Open\_412.jpg,d:\driver-drowsiness-detection\eye_dataset\test\Open\_412.jpg,Open,test,SIM_1596,124,125,224,224
D:\driver-drowsiness-detection\dataset\train\Open\_413.jpg,d:\driver-drowsiness-detection\eye_dataset\train\Open\_413.jpg,Open,train,SIM_1597,126,126,224,224
D:\driver-drowsiness-detection\dataset\train\Open\_414.jpg,d:\driver-drowsiness-detection\eye_dataset\test\Open\_414.jpg,Open,test,SIM_1598,113,113,224,224
D:\driver-drowsiness-detection\dataset\train\Open\_415.jpg,d:\driver-drowsiness-detection\eye_dataset\train\Open\_415.jpg,Open,train,SIM_1599,790,790,224,224
D:\driver-drowsiness-detection\dataset\train\Open\_416.jpg,d:\driver-drowsiness-detection\eye_dataset\train\Open\_416.jpg,Open,train,SIM_1600,775,774,224,224
D:\driver-drowsiness-detection\dataset\train\Open\_417.jpg,d:\driver-drowsiness-detection\eye_dataset\train\Open\_417.jpg,Open,train,SIM_1601,870,869,224,224
D:\driver-drowsiness-detection\dataset\train\Open\_418.jpg,d:\driver-drowsiness-detection\eye_dataset\train\Open\_418.jpg,Open,train,SIM_1602,751,751,224,224
D:\driver-drowsiness-detection\dataset\train\Open\_419.jpg,d:\driver-drowsiness-detection\eye_dataset\train\Open\_419.jpg,Open,train,SIM_1603,221,221,224,224
D:\driver-drowsiness-detection\dataset\train\Open\_42.jpg,d:\driver-drowsiness-detection\eye_dataset\test\Open\_42.jpg,Open,test,SIM_1604,297,300,224,224
D:\driver-drowsiness-detection\dataset\train\Open\_420.jpg,d:\driver-drowsiness-detection\eye_dataset\train\Open\_420.jpg,Open,train,SIM_1605,124,124,224,224
D:\driver-drowsiness-detection\dataset\train\Open\_421.jpg,d:\driver-drowsiness-detection\eye_dataset\validation\Open\_421.jpg,Open,validation,SIM_1606,97,97,224,224
D:\driver-drowsiness-detection\dataset\train\Open\_422.jpg,d:\driver-drowsiness-detection\eye_dataset\train\Open\_422.jpg,Open,train,SIM_1607,126,126,224,224
D:\driver-drowsiness-detection\dataset\train\Open\_423.jpg,d:\driver-drowsiness-detection\eye_dataset\validation\Open\_423.jpg,Open,validation,SIM_1608,122,122,224,224
D:\driver-drowsiness-detection\dataset\train\Open\_424.jpg,d:\driver-drowsiness-detection\eye_dataset\train\Open\_424.jpg,Open,train,SIM_1609,130,130,224,224
D:\driver-drowsiness-detection\dataset\train\Open\_425.jpg,d:\driver-drowsiness-detection\eye_dataset\train\Open\_425.jpg,Open,train,SIM_1610,110,109,224,224
D:\driver-drowsiness-detection\dataset\train\Open\_426.jpg,d:\driver-drowsiness-detection\eye_dataset\train\Open\_426.jpg,Open,train,SIM_1611,111,111,224,224
D:\driver-drowsiness-detection\dataset\train\Open\_427.jpg,d:\driver-drowsiness-detection\eye_dataset\train\Open\_427.jpg,Open,train,SIM_1612,118,119,224,224
D:\driver-drowsiness-detection\dataset\train\Open\_428.jpg,d:\driver-drowsiness-detection\eye_dataset\train\Open\_428.jpg,Open,train,SIM_1613,138,138,224,224
D:\driver-drowsiness-detection\dataset\train\Open\_429.jpg,d:\driver-drowsiness-detection\eye_dataset\train\Open\_429.jpg,Open,train,SIM_1614,121,121,224,224
D:\driver-drowsiness-detection\dataset\train\Open\_43.jpg,d:\driver-drowsiness-detection\eye_dataset\train\Open\_43.jpg,Open,train,SIM_1615,226,169,224,224
D:\driver-drowsiness-detection\dataset\train\Open\_430.jpg,d:\driver-drowsiness-detection\eye_dataset\train\Open\_430.jpg,Open,train,SIM_1616,228,227,224,224
D:\driver-drowsiness-detection\dataset\train\Open\_431.jpg,d:\driver-drowsiness-detection\eye_dataset\train\Open\_431.jpg,Open,train,SIM_1617,130,130,224,224
D:\driver-drowsiness-detection\dataset\train\Open\_432.jpg,d:\driver-drowsiness-detection\eye_dataset\validation\Open\_432.jpg,Open,validation,SIM_1618,957,957,224,224
D:\driver-drowsiness-detection\dataset\train\Open\_433.jpg,d:\driver-drowsiness-detection\eye_dataset\train\Open\_433.jpg,Open,train,SIM_1619,1020,1020,224,224
D:\driver-drowsiness-detection\dataset\train\Open\_434.jpg,d:\driver-drowsiness-detection\eye_dataset\train\Open\_434.jpg,Open,train,SIM_1620,734,734,224,224
D:\driver-drowsiness-detection\dataset\train\Open\_435.jpg,d:\driver-drowsiness-detection\eye_dataset\train\Open\_435.jpg,Open,train,SIM_1621,671,671,224,224
D:\driver-drowsiness-detection\dataset\train\Open\_436.jpg,d:\driver-drowsiness-detection\eye_dataset\train\Open\_436.jpg,Open,train,SIM_1622,685,685,224,224
D:\driver-drowsiness-detection\dataset\train\Open\_437.jpg,d:\driver-drowsiness-detection\eye_dataset\train\Open\_437.jpg,Open,train,SIM_1623,726,725,224,224
D:\driver-drowsiness-detection\dataset\train\Open\_438.jpg,d:\driver-drowsiness-detection\eye_dataset\train\Open\_438.jpg,Open,train,SIM_1624,751,751,224,224
D:\driver-drowsiness-detection\dataset\train\Open\_439.jpg,d:\driver-drowsiness-detection\eye_dataset\train\Open\_439.jpg,Open,train,SIM_1625,929,928,224,224
D:\driver-drowsiness-detection\dataset\train\Open\_44.jpg,d:\driver-drowsiness-detection\eye_dataset\train\Open\_44.jpg,Open,train,SIM_1626,130,130,224,224
D:\driver-drowsiness-detection\dataset\train\Open\_440.jpg,d:\driver-drowsiness-detection\eye_dataset\train\Open\_440.jpg,Open,train,SIM_1627,788,788,224,224
D:\driver-drowsiness-detection\dataset\train\Open\_441.jpg,d:\driver-drowsiness-detection\eye_dataset\train\Open\_441.jpg,Open,train,SIM_1628,391,300,224,224
D:\driver-drowsiness-detection\dataset\train\Open\_442.jpg,d:\driver-drowsiness-detection\eye_dataset\train\Open\_442.jpg,Open,train,SIM_1629,681,681,224,224
D:\driver-drowsiness-detection\dataset\train\Open\_443.jpg,d:\driver-drowsiness-detection\eye_dataset\train\Open\_443.jpg,Open,train,SIM_1630,831,831,224,224
D:\driver-drowsiness-detection\dataset\train\Open\_444.jpg,d:\driver-drowsiness-detection\eye_dataset\validation\Open\_444.jpg,Open,validation,SIM_1631,788,788,224,224
D:\driver-drowsiness-detection\dataset\train\Open\_445.jpg,d:\driver-drowsiness-detection\eye_dataset\test\Open\_445.jpg,Open,test,SIM_1632,1037,1038,224,224
D:\driver-drowsiness-detection\dataset\train\Open\_446.jpg,d:\driver-drowsiness-detection\eye_dataset\train\Open\_446.jpg,Open,train,SIM_1633,1066,1065,224,224
D:\driver-drowsiness-detection\dataset\train\Open\_447.jpg,d:\driver-drowsiness-detection\eye_dataset\train\Open\_447.jpg,Open,train,SIM_1634,1280,1280,224,224
D:\driver-drowsiness-detection\dataset\train\Open\_448.jpg,d:\driver-drowsiness-detection\eye_dataset\test\Open\_448.jpg,Open,test,SIM_1635,1024,1024,224,224
D:\driver-drowsiness-detection\dataset\train\Open\_449.jpg,d:\driver-drowsiness-detection\eye_dataset\test\Open\_449.jpg,Open,test,SIM_1636,932,931,224,224
D:\driver-drowsiness-detection\dataset\train\Open\_45.jpg,d:\driver-drowsiness-detection\eye_dataset\test\Open\_45.jpg,Open,test,SIM_1637,849,597,224,224
D:\driver-drowsiness-detection\dataset\train\Open\_450.jpg,d:\driver-drowsiness-detection\eye_dataset\train\Open\_450.jpg,Open,train,SIM_1638,1022,1022,224,224
D:\driver-drowsiness-detection\dataset\train\Open\_451.jpg,d:\driver-drowsiness-detection\eye_dataset\test\Open\_451.jpg,Open,test,SIM_1639,698,697,224,224
D:\driver-drowsiness-detection\dataset\train\Open\_452.jpg,d:\driver-drowsiness-detection\eye_dataset\train\Open\_452.jpg,Open,train,SIM_1640,300,300,224,224
D:\driver-drowsiness-detection\dataset\train\Open\_453.jpg,d:\driver-drowsiness-detection\eye_dataset\train\Open\_453.jpg,Open,train,SIM_1641,876,876,224,224
D:\driver-drowsiness-detection\dataset\train\Open\_454.jpg,d:\driver-drowsiness-detection\eye_dataset\train\Open\_454.jpg,Open,train,SIM_1642,803,803,224,224
D:\driver-drowsiness-detection\dataset\train\Open\_455.jpg,d:\driver-drowsiness-detection\eye_dataset\train\Open\_455.jpg,Open,train,SIM_1643,729,730,224,224
D:\driver-drowsiness-detection\dataset\train\Open\_456.jpg,d:\driver-drowsiness-detection\eye_dataset\test\Open\_456.jpg,Open,test,SIM_1644,819,819,224,224
D:\driver-drowsiness-detection\dataset\train\Open\_457.jpg,d:\driver-drowsiness-detection\eye_dataset\train\Open\_457.jpg,Open,train,SIM_1645,171,172,224,224
D:\driver-drowsiness-detection\dataset\train\Open\_458.jpg,d:\driver-drowsiness-detection\eye_dataset\train\Open\_458.jpg,Open,train,SIM_1646,152,152,224,224
D:\driver-drowsiness-detection\dataset\train\Open\_459.jpg,d:\driver-drowsiness-detection\eye_dataset\validation\Open\_459.jpg,Open,validation,SIM_1647,855,856,224,224
D:\driver-drowsiness-detection\dataset\train\Open\_46.jpg,d:\driver-drowsiness-detection\eye_dataset\train\Open\_46.jpg,Open,train,SIM_1648,740,542,224,224
D:\driver-drowsiness-detection\dataset\train\Open\_460.jpg,d:\driver-drowsiness-detection\eye_dataset\test\Open\_460.jpg,Open,test,SIM_1649,261,261,224,224
D:\driver-drowsiness-detection\dataset\train\Open\_461.jpg,d:\driver-drowsiness-detection\eye_dataset\validation\Open\_461.jpg,Open,validation,SIM_1650,253,253,224,224
D:\driver-drowsiness-detection\dataset\train\Open\_462.jpg,d:\driver-drowsiness-detection\eye_dataset\train\Open\_462.jpg,Open,train,SIM_1651,194,193,224,224
D:\driver-drowsiness-detection\dataset\train\Open\_463.jpg,d:\driver-drowsiness-detection\eye_dataset\train\Open\_463.jpg,Open,train,SIM_1652,120,120,224,224
D:\driver-drowsiness-detection\dataset\train\Open\_464.jpg,d:\driver-drowsiness-detection\eye_dataset\train\Open\_464.jpg,Open,train,SIM_1653,50,45,224,224
D:\driver-drowsiness-detection\dataset\train\Open\_465.jpg,d:\driver-drowsiness-detection\eye_dataset\train\Open\_465.jpg,Open,train,SIM_1654,345,253,224,224
D:\driver-drowsiness-detection\dataset\train\Open\_466.jpg,d:\driver-drowsiness-detection\eye_dataset\validation\Open\_466.jpg,Open,validation,SIM_1655,191,191,224,224
D:\driver-drowsiness-detection\dataset\train\Open\_467.jpg,d:\driver-drowsiness-detection\eye_dataset\train\Open\_467.jpg,Open,train,SIM_1656,237,238,224,224
D:\driver-drowsiness-detection\dataset\train\Open\_468.jpg,d:\driver-drowsiness-detection\eye_dataset\train\Open\_468.jpg,Open,train,SIM_1657,251,253,224,224
D:\driver-drowsiness-detection\dataset\train\Open\_469.jpg,d:\driver-drowsiness-detection\eye_dataset\train\Open\_469.jpg,Open,train,SIM_1658,313,312,224,224
D:\driver-drowsiness-detection\dataset\train\Open\_47.jpg,d:\driver-drowsiness-detection\eye_dataset\train\Open\_47.jpg,Open,train,SIM_1659,601,576,224,224
D:\driver-drowsiness-detection\dataset\train\Open\_470.jpg,d:\driver-drowsiness-detection\eye_dataset\train\Open\_470.jpg,Open,train,SIM_1660,329,329,224,224
D:\driver-drowsiness-detection\dataset\train\Open\_471.jpg,d:\driver-drowsiness-detection\eye_dataset\validation\Open\_471.jpg,Open,validation,SIM_1661,219,219,224,224
D:\driver-drowsiness-detection\dataset\train\Open\_472.jpg,d:\driver-drowsiness-detection\eye_dataset\test\Open\_472.jpg,Open,test,SIM_1662,225,225,224,224
D:\driver-drowsiness-detection\dataset\train\Open\_473.jpg,d:\driver-drowsiness-detection\eye_dataset\train\Open\_473.jpg,Open,train,SIM_1663,196,196,224,224
D:\driver-drowsiness-detection\dataset\train\Open\_474.jpg,d:\driver-drowsiness-detection\eye_dataset\test\Open\_474.jpg,Open,test,SIM_1664,1027,694,224,224
D:\driver-drowsiness-detection\dataset\train\Open\_475.jpg,d:\driver-drowsiness-detection\eye_dataset\test\Open\_475.jpg,Open,test,SIM_1665,229,229,224,224
D:\driver-drowsiness-detection\dataset\train\Open\_476.jpg,d:\driver-drowsiness-detection\eye_dataset\train\Open\_476.jpg,Open,train,SIM_1666,353,243,224,224
D:\driver-drowsiness-detection\dataset\train\Open\_477.jpg,d:\driver-drowsiness-detection\eye_dataset\train\Open\_477.jpg,Open,train,SIM_1667,216,216,224,224
D:\driver-drowsiness-detection\dataset\train\Open\_478.jpg,d:\driver-drowsiness-detection\eye_dataset\train\Open\_478.jpg,Open,train,SIM_1668,214,214,224,224
D:\driver-drowsiness-detection\dataset\train\Open\_479.jpg,d:\driver-drowsiness-detection\eye_dataset\validation\Open\_479.jpg,Open,validation,SIM_1669,230,230,224,224
D:\driver-drowsiness-detection\dataset\train\Open\_48.jpg,d:\driver-drowsiness-detection\eye_dataset\validation\Open\_48.jpg,Open,validation,SIM_1670,678,696,224,224
D:\driver-drowsiness-detection\dataset\train\Open\_480.jpg,d:\driver-drowsiness-detection\eye_dataset\train\Open\_480.jpg,Open,train,SIM_1671,473,473,224,224
D:\driver-drowsiness-detection\dataset\train\Open\_481.jpg,d:\driver-drowsiness-detection\eye_dataset\validation\Open\_481.jpg,Open,validation,SIM_1672,496,496,224,224
D:\driver-drowsiness-detection\dataset\train\Open\_482.jpg,d:\driver-drowsiness-detection\eye_dataset\train\Open\_482.jpg,Open,train,SIM_1673,500,499,224,224
D:\driver-drowsiness-detection\dataset\train\Open\_483.jpg,d:\driver-drowsiness-detection\eye_dataset\train\Open\_483.jpg,Open,train,SIM_1674,548,549,224,224
D:\driver-drowsiness-detection\dataset\train\Open\_484.jpg,d:\driver-drowsiness-detection\eye_dataset\train\Open\_484.jpg,Open,train,SIM_1675,822,664,224,224
D:\driver-drowsiness-detection\dataset\train\Open\_485.jpg,d:\driver-drowsiness-detection\eye_dataset\train\Open\_485.jpg,Open,train,SIM_1676,478,478,224,224
D:\driver-drowsiness-detection\dataset\train\Open\_486.jpg,d:\driver-drowsiness-detection\eye_dataset\validation\Open\_486.jpg,Open,validation,SIM_1677,505,505,224,224
D:\driver-drowsiness-detection\dataset\train\Open\_487.jpg,d:\driver-drowsiness-detection\eye_dataset\train\Open\_487.jpg,Open,train,SIM_1678,347,238,224,224
D:\driver-drowsiness-detection\dataset\train\Open\_488.jpg,d:\driver-drowsiness-detection\eye_dataset\test\Open\_488.jpg,Open,test,SIM_1679,434,434,224,224
D:\driver-drowsiness-detection\dataset\train\Open\_489.jpg,d:\driver-drowsiness-detection\eye_dataset\test\Open\_489.jpg,Open,test,SIM_1680,399,398,224,224
D:\driver-drowsiness-detection\dataset\train\Open\_49.jpg,d:\driver-drowsiness-detection\eye_dataset\validation\Open\_49.jpg,Open,validation,SIM_1681,260,194,224,224
D:\driver-drowsiness-detection\dataset\train\Open\_490.jpg,d:\driver-drowsiness-detection\eye_dataset\train\Open\_490.jpg,Open,train,SIM_1682,492,493,224,224
D:\driver-drowsiness-detection\dataset\train\Open\_491.jpg,d:\driver-drowsiness-detection\eye_dataset\test\Open\_491.jpg,Open,test,SIM_1683,429,429,224,224
D:\driver-drowsiness-detection\dataset\train\Open\_492.jpg,d:\driver-drowsiness-detection\eye_dataset\validation\Open\_492.jpg,Open,validation,SIM_1684,501,501,224,224
D:\driver-drowsiness-detection\dataset\train\Open\_493.jpg,d:\driver-drowsiness-detection\eye_dataset\train\Open\_493.jpg,Open,train,SIM_1685,494,494,224,224
D:\driver-drowsiness-detection\dataset\train\Open\_494.jpg,d:\driver-drowsiness-detection\eye_dataset\test\Open\_494.jpg,Open,test,SIM_1686,199,200,224,224
D:\driver-drowsiness-detection\dataset\train\Open\_495.jpg,d:\driver-drowsiness-detection\eye_dataset\test\Open\_495.jpg,Open,test,SIM_1687,192,192,224,224
D:\driver-drowsiness-detection\dataset\train\Open\_496.jpg,d:\driver-drowsiness-detection\eye_dataset\train\Open\_496.jpg,Open,train,SIM_1688,192,191,224,224
D:\driver-drowsiness-detection\dataset\train\Open\_497.jpg,d:\driver-drowsiness-detection\eye_dataset\train\Open\_497.jpg,Open,train,SIM_1689,178,178,224,224
D:\driver-drowsiness-detection\dataset\train\Open\_498.jpg,d:\driver-drowsiness-detection\eye_dataset\train\Open\_498.jpg,Open,train,SIM_1690,328,300,224,224
D:\driver-drowsiness-detection\dataset\train\Open\_499.jpg,d:\driver-drowsiness-detection\eye_dataset\train\Open\_499.jpg,Open,train,SIM_1691,136,136,224,224
D:\driver-drowsiness-detection\dataset\train\Open\_5.jpg,d:\driver-drowsiness-detection\eye_dataset\train\Open\_5.jpg,Open,train,SIM_1692,300,393,224,224
D:\driver-drowsiness-detection\dataset\train\Open\_50.jpg,d:\driver-drowsiness-detection\eye_dataset\train\Open\_50.jpg,Open,train,SIM_1693,626,626,224,224
D:\driver-drowsiness-detection\dataset\train\Open\_500.jpg,d:\driver-drowsiness-detection\eye_dataset\test\Open\_500.jpg,Open,test,SIM_1694,137,138,224,224
D:\driver-drowsiness-detection\dataset\train\Open\_501.jpg,d:\driver-drowsiness-detection\eye_dataset\train\Open\_501.jpg,Open,train,SIM_1695,155,155,224,224
D:\driver-drowsiness-detection\dataset\train\Open\_502.jpg,d:\driver-drowsiness-detection\eye_dataset\test\Open\_502.jpg,Open,test,SIM_1696,142,142,224,224
D:\driver-drowsiness-detection\dataset\train\Open\_503.jpg,d:\driver-drowsiness-detection\eye_dataset\test\Open\_503.jpg,Open,test,SIM_1697,155,155,224,224
D:\driver-drowsiness-detection\dataset\train\Open\_504.jpg,d:\driver-drowsiness-detection\eye_dataset\train\Open\_504.jpg,Open,train,SIM_1698,153,152,224,224
D:\driver-drowsiness-detection\dataset\train\Open\_505.jpg,d:\driver-drowsiness-detection\eye_dataset\test\Open\_505.jpg,Open,test,SIM_1699,105,105,224,224
D:\driver-drowsiness-detection\dataset\train\Open\_506.jpg,d:\driver-drowsiness-detection\eye_dataset\train\Open\_506.jpg,Open,train,SIM_1700,118,118,224,224
D:\driver-drowsiness-detection\dataset\train\Open\_507.jpg,d:\driver-drowsiness-detection\eye_dataset\validation\Open\_507.jpg,Open,validation,SIM_1701,529,539,224,224
D:\driver-drowsiness-detection\dataset\train\Open\_508.jpg,d:\driver-drowsiness-detection\eye_dataset\train\Open\_508.jpg,Open,train,SIM_1702,441,535,224,224
D:\driver-drowsiness-detection\dataset\train\Open\_509.jpg,d:\driver-drowsiness-detection\eye_dataset\train\Open\_509.jpg,Open,train,SIM_1703,341,278,224,224
D:\driver-drowsiness-detection\dataset\train\Open\_51.jpg,d:\driver-drowsiness-detection\eye_dataset\train\Open\_51.jpg,Open,train,SIM_1704,364,300,224,224
D:\driver-drowsiness-detection\dataset\train\Open\_510.jpg,d:\driver-drowsiness-detection\eye_dataset\test\Open\_510.jpg,Open,test,SIM_1705,357,300,224,224
D:\driver-drowsiness-detection\dataset\train\Open\_511.jpg,d:\driver-drowsiness-detection\eye_dataset\test\Open\_511.jpg,Open,test,SIM_1706,302,300,224,224
D:\driver-drowsiness-detection\dataset\train\Open\_512.jpg,d:\driver-drowsiness-detection\eye_dataset\train\Open\_512.jpg,Open,train,SIM_1707,331,300,224,224
D:\driver-drowsiness-detection\dataset\train\Open\_513.jpg,d:\driver-drowsiness-detection\eye_dataset\test\Open\_513.jpg,Open,test,SIM_1708,300,323,224,224
D:\driver-drowsiness-detection\dataset\train\Open\_514.jpg,d:\driver-drowsiness-detection\eye_dataset\train\Open\_514.jpg,Open,train,SIM_1709,300,329,224,224
D:\driver-drowsiness-detection\dataset\train\Open\_515.jpg,d:\driver-drowsiness-detection\eye_dataset\train\Open\_515.jpg,Open,train,SIM_1710,322,300,224,224
D:\driver-drowsiness-detection\dataset\train\Open\_516.jpg,d:\driver-drowsiness-detection\eye_dataset\train\Open\_516.jpg,Open,train,SIM_1711,357,300,224,224
D:\driver-drowsiness-detection\dataset\train\Open\_517.jpg,d:\driver-drowsiness-detection\eye_dataset\validation\Open\_517.jpg,Open,validation,SIM_1712,363,300,224,224
D:\driver-drowsiness-detection\dataset\train\Open\_518.jpg,d:\driver-drowsiness-detection\eye_dataset\train\Open\_518.jpg,Open,train,SIM_1713,311,300,224,224
D:\driver-drowsiness-detection\dataset\train\Open\_519.jpg,d:\driver-drowsiness-detection\eye_dataset\train\Open\_519.jpg,Open,train,SIM_1714,300,323,224,224
D:\driver-drowsiness-detection\dataset\train\Open\_52.jpg,d:\driver-drowsiness-detection\eye_dataset\train\Open\_52.jpg,Open,train,SIM_1715,123,106,224,224
D:\driver-drowsiness-detection\dataset\train\Open\_520.jpg,d:\driver-drowsiness-detection\eye_dataset\test\Open\_520.jpg,Open,test,SIM_1716,378,293,224,224
D:\driver-drowsiness-detection\dataset\train\Open\_521.jpg,d:\driver-drowsiness-detection\eye_dataset\train\Open\_521.jpg,Open,train,SIM_1717,300,304,224,224
D:\driver-drowsiness-detection\dataset\train\Open\_522.jpg,d:\driver-drowsiness-detection\eye_dataset\train\Open\_522.jpg,Open,train,SIM_1718,653,653,224,224
D:\driver-drowsiness-detection\dataset\train\Open\_523.jpg,d:\driver-drowsiness-detection\eye_dataset\train\Open\_523.jpg,Open,train,SIM_1719,300,330,224,224
D:\driver-drowsiness-detection\dataset\train\Open\_524.jpg,d:\driver-drowsiness-detection\eye_dataset\train\Open\_524.jpg,Open,train,SIM_1720,342,300,224,224
D:\driver-drowsiness-detection\dataset\train\Open\_525.jpg,d:\driver-drowsiness-detection\eye_dataset\train\Open\_525.jpg,Open,train,SIM_1721,511,511,224,224
D:\driver-drowsiness-detection\dataset\train\Open\_526.jpg,d:\driver-drowsiness-detection\eye_dataset\train\Open\_526.jpg,Open,train,SIM_1722,305,300,224,224
D:\driver-drowsiness-detection\dataset\train\Open\_527.jpg,d:\driver-drowsiness-detection\eye_dataset\test\Open\_527.jpg,Open,test,SIM_1723,307,300,224,224
D:\driver-drowsiness-detection\dataset\train\Open\_528.jpg,d:\driver-drowsiness-detection\eye_dataset\train\Open\_528.jpg,Open,train,SIM_1724,720,720,224,224
D:\driver-drowsiness-detection\dataset\train\Open\_529.jpg,d:\driver-drowsiness-detection\eye_dataset\train\Open\_529.jpg,Open,train,SIM_1725,315,300,224,224
D:\driver-drowsiness-detection\dataset\train\Open\_53.jpg,d:\driver-drowsiness-detection\eye_dataset\train\Open\_53.jpg,Open,train,SIM_1726,386,300,224,224
D:\driver-drowsiness-detection\dataset\train\Open\_530.jpg,d:\driver-drowsiness-detection\eye_dataset\train\Open\_530.jpg,Open,train,SIM_1727,634,634,224,224
D:\driver-drowsiness-detection\dataset\train\Open\_531.jpg,d:\driver-drowsiness-detection\eye_dataset\train\Open\_531.jpg,Open,train,SIM_1728,400,300,224,224
D:\driver-drowsiness-detection\dataset\train\Open\_532.jpg,d:\driver-drowsiness-detection\eye_dataset\train\Open\_532.jpg,Open,train,SIM_1729,358,300,224,224
D:\driver-drowsiness-detection\dataset\train\Open\_533.jpg,d:\driver-drowsiness-detection\eye_dataset\train\Open\_533.jpg,Open,train,SIM_1730,414,300,224,224
D:\driver-drowsiness-detection\dataset\train\Open\_534.jpg,d:\driver-drowsiness-detection\eye_dataset\train\Open\_534.jpg,Open,train,SIM_1731,348,300,224,224
D:\driver-drowsiness-detection\dataset\train\Open\_535.jpg,d:\driver-drowsiness-detection\eye_dataset\validation\Open\_535.jpg,Open,validation,SIM_1732,371,300,224,224
D:\driver-drowsiness-detection\dataset\train\Open\_536.jpg,d:\driver-drowsiness-detection\eye_dataset\train\Open\_536.jpg,Open,train,SIM_1733,576,577,224,224
D:\driver-drowsiness-detection\dataset\train\Open\_537.jpg,d:\driver-drowsiness-detection\eye_dataset\test\Open\_537.jpg,Open,test,SIM_1734,406,406,224,224
D:\driver-drowsiness-detection\dataset\train\Open\_538.jpg,d:\driver-drowsiness-detection\eye_dataset\test\Open\_538.jpg,Open,test,SIM_1735,581,581,224,224
D:\driver-drowsiness-detection\dataset\train\Open\_539.jpg,d:\driver-drowsiness-detection\eye_dataset\train\Open\_539.jpg,Open,train,SIM_1736,505,505,224,224
D:\driver-drowsiness-detection\dataset\train\Open\_54.jpg,d:\driver-drowsiness-detection\eye_dataset\train\Open\_54.jpg,Open,train,SIM_1737,97,80,224,224
D:\driver-drowsiness-detection\dataset\train\Open\_540.jpg,d:\driver-drowsiness-detection\eye_dataset\train\Open\_540.jpg,Open,train,SIM_1738,533,533,224,224
D:\driver-drowsiness-detection\dataset\train\Open\_541.jpg,d:\driver-drowsiness-detection\eye_dataset\train\Open\_541.jpg,Open,train,SIM_1739,592,592,224,224
D:\driver-drowsiness-detection\dataset\train\Open\_542.jpg,d:\driver-drowsiness-detection\eye_dataset\train\Open\_542.jpg,Open,train,SIM_1740,135,107,224,224
D:\driver-drowsiness-detection\dataset\train\Open\_543.jpg,d:\driver-drowsiness-detection\eye_dataset\train\Open\_543.jpg,Open,train,SIM_1741,616,615,224,224
D:\driver-drowsiness-detection\dataset\train\Open\_544.jpg,d:\driver-drowsiness-detection\eye_dataset\train\Open\_544.jpg,Open,train,SIM_1742,508,508,224,224
D:\driver-drowsiness-detection\dataset\train\Open\_545.jpg,d:\driver-drowsiness-detection\eye_dataset\train\Open\_545.jpg,Open,train,SIM_1743,539,539,224,224
D:\driver-drowsiness-detection\dataset\train\Open\_546.jpg,d:\driver-drowsiness-detection\eye_dataset\train\Open\_546.jpg,Open,train,SIM_1744,499,499,224,224
D:\driver-drowsiness-detection\dataset\train\Open\_547.jpg,d:\driver-drowsiness-detection\eye_dataset\train\Open\_547.jpg,Open,train,SIM_1745,536,536,224,224
D:\driver-drowsiness-detection\dataset\train\Open\_548.jpg,d:\driver-drowsiness-detection\eye_dataset\train\Open\_548.jpg,Open,train,SIM_1746,523,522,224,224
D:\driver-drowsiness-detection\dataset\train\Open\_549.jpg,d:\driver-drowsiness-detection\eye_dataset\train\Open\_549.jpg,Open,train,SIM_1747,544,544,224,224
D:\driver-drowsiness-detection\dataset\train\Open\_55.jpg,d:\driver-drowsiness-detection\eye_dataset\validation\Open\_55.jpg,Open,validation,SIM_1748,496,361,224,224
D:\driver-drowsiness-detection\dataset\train\Open\_550.jpg,d:\driver-drowsiness-detection\eye_dataset\train\Open\_550.jpg,Open,train,SIM_1749,460,459,224,224
D:\driver-drowsiness-detection\dataset\train\Open\_551.jpg,d:\driver-drowsiness-detection\eye_dataset\validation\Open\_551.jpg,Open,validation,SIM_1750,354,354,224,224
D:\driver-drowsiness-detection\dataset\train\Open\_552.jpg,d:\driver-drowsiness-detection\eye_dataset\train\Open\_552.jpg,Open,train,SIM_1751,413,413,224,224
D:\driver-drowsiness-detection\dataset\train\Open\_553.jpg,d:\driver-drowsiness-detection\eye_dataset\test\Open\_553.jpg,Open,test,SIM_1752,111,96,224,224
D:\driver-drowsiness-detection\dataset\train\Open\_554.jpg,d:\driver-drowsiness-detection\eye_dataset\train\Open\_554.jpg,Open,train,SIM_1753,453,453,224,224
D:\driver-drowsiness-detection\dataset\train\Open\_555.jpg,d:\driver-drowsiness-detection\eye_dataset\train\Open\_555.jpg,Open,train,SIM_1754,136,125,224,224
D:\driver-drowsiness-detection\dataset\train\Open\_556.jpg,d:\driver-drowsiness-detection\eye_dataset\validation\Open\_556.jpg,Open,validation,SIM_1755,147,129,224,224
D:\driver-drowsiness-detection\dataset\train\Open\_557.jpg,d:\driver-drowsiness-detection\eye_dataset\train\Open\_557.jpg,Open,train,SIM_1756,438,438,224,224
D:\driver-drowsiness-detection\dataset\train\Open\_558.jpg,d:\driver-drowsiness-detection\eye_dataset\train\Open\_558.jpg,Open,train,SIM_1757,470,470,224,224
D:\driver-drowsiness-detection\dataset\train\Open\_559.jpg,d:\driver-drowsiness-detection\eye_dataset\test\Open\_559.jpg,Open,test,SIM_1758,452,509,224,224
D:\driver-drowsiness-detection\dataset\train\Open\_56.jpg,d:\driver-drowsiness-detection\eye_dataset\test\Open\_56.jpg,Open,test,SIM_1759,183,150,224,224
D:\driver-drowsiness-detection\dataset\train\Open\_560.jpg,d:\driver-drowsiness-detection\eye_dataset\test\Open\_560.jpg,Open,test,SIM_1760,529,511,224,224
D:\driver-drowsiness-detection\dataset\train\Open\_561.jpg,d:\driver-drowsiness-detection\eye_dataset\train\Open\_561.jpg,Open,train,SIM_1761,577,578,224,224
D:\driver-drowsiness-detection\dataset\train\Open\_562.jpg,d:\driver-drowsiness-detection\eye_dataset\train\Open\_562.jpg,Open,train,SIM_1762,695,694,224,224
D:\driver-drowsiness-detection\dataset\train\Open\_563.jpg,d:\driver-drowsiness-detection\eye_dataset\train\Open\_563.jpg,Open,train,SIM_1763,442,442,224,224
D:\driver-drowsiness-detection\dataset\train\Open\_564.jpg,d:\driver-drowsiness-detection\eye_dataset\train\Open\_564.jpg,Open,train,SIM_1764,267,230,224,224
D:\driver-drowsiness-detection\dataset\train\Open\_565.jpg,d:\driver-drowsiness-detection\eye_dataset\train\Open\_565.jpg,Open,train,SIM_1765,460,460,224,224
D:\driver-drowsiness-detection\dataset\train\Open\_566.jpg,d:\driver-drowsiness-detection\eye_dataset\train\Open\_566.jpg,Open,train,SIM_1766,457,458,224,224
D:\driver-drowsiness-detection\dataset\train\Open\_567.jpg,d:\driver-drowsiness-detection\eye_dataset\train\Open\_567.jpg,Open,train,SIM_1767,300,315,224,224
D:\driver-drowsiness-detection\dataset\train\Open\_568.jpg,d:\driver-drowsiness-detection\eye_dataset\train\Open\_568.jpg,Open,train,SIM_1768,300,301,224,224
D:\driver-drowsiness-detection\dataset\train\Open\_569.jpg,d:\driver-drowsiness-detection\eye_dataset\test\Open\_569.jpg,Open,test,SIM_1769,228,228,224,224
D:\driver-drowsiness-detection\dataset\train\Open\_57.jpg,d:\driver-drowsiness-detection\eye_dataset\train\Open\_57.jpg,Open,train,SIM_1770,425,300,224,224
D:\driver-drowsiness-detection\dataset\train\Open\_570.jpg,d:\driver-drowsiness-detection\eye_dataset\train\Open\_570.jpg,Open,train,SIM_1771,268,251,224,224
D:\driver-drowsiness-detection\dataset\train\Open\_571.jpg,d:\driver-drowsiness-detection\eye_dataset\train\Open\_571.jpg,Open,train,SIM_1772,300,300,224,224
D:\driver-drowsiness-detection\dataset\train\Open\_572.jpg,d:\driver-drowsiness-detection\eye_dataset\train\Open\_572.jpg,Open,train,SIM_1773,272,272,224,224
D:\driver-drowsiness-detection\dataset\train\Open\_573.jpg,d:\driver-drowsiness-detection\eye_dataset\test\Open\_573.jpg,Open,test,SIM_1774,213,222,224,224
D:\driver-drowsiness-detection\dataset\train\Open\_574.jpg,d:\driver-drowsiness-detection\eye_dataset\train\Open\_574.jpg,Open,train,SIM_1775,300,333,224,224
D:\driver-drowsiness-detection\dataset\train\Open\_575.jpg,d:\driver-drowsiness-detection\eye_dataset\train\Open\_575.jpg,Open,train,SIM_1776,116,116,224,224
D:\driver-drowsiness-detection\dataset\train\Open\_576.jpg,d:\driver-drowsiness-detection\eye_dataset\train\Open\_576.jpg,Open,train,SIM_1777,72,72,224,224
D:\driver-drowsiness-detection\dataset\train\Open\_577.jpg,d:\driver-drowsiness-detection\eye_dataset\validation\Open\_577.jpg,Open,validation,SIM_1778,351,326,224,224
D:\driver-drowsiness-detection\dataset\train\Open\_578.jpg,d:\driver-drowsiness-detection\eye_dataset\train\Open\_578.jpg,Open,train,SIM_1779,300,309,224,224
D:\driver-drowsiness-detection\dataset\train\Open\_579.jpg,d:\driver-drowsiness-detection\eye_dataset\train\Open\_579.jpg,Open,train,SIM_1780,362,300,224,224
D:\driver-drowsiness-detection\dataset\train\Open\_58.jpg,d:\driver-drowsiness-detection\eye_dataset\train\Open\_58.jpg,Open,train,SIM_1781,398,257,224,224
D:\driver-drowsiness-detection\dataset\train\Open\_580.jpg,d:\driver-drowsiness-detection\eye_dataset\test\Open\_580.jpg,Open,test,SIM_1782,394,300,224,224
D:\driver-drowsiness-detection\dataset\train\Open\_581.jpg,d:\driver-drowsiness-detection\eye_dataset\train\Open\_581.jpg,Open,train,SIM_1783,315,300,224,224
D:\driver-drowsiness-detection\dataset\train\Open\_582.jpg,d:\driver-drowsiness-detection\eye_dataset\validation\Open\_582.jpg,Open,validation,SIM_1784,300,309,224,224
D:\driver-drowsiness-detection\dataset\train\Open\_583.jpg,d:\driver-drowsiness-detection\eye_dataset\train\Open\_583.jpg,Open,train,SIM_1785,300,338,224,224
D:\driver-drowsiness-detection\dataset\train\Open\_584.jpg,d:\driver-drowsiness-detection\eye_dataset\test\Open\_584.jpg,Open,test,SIM_1786,300,305,224,224
D:\driver-drowsiness-detection\dataset\train\Open\_585.jpg,d:\driver-drowsiness-detection\eye_dataset\train\Open\_585.jpg,Open,train,SIM_1787,320,300,224,224
D:\driver-drowsiness-detection\dataset\train\Open\_586.jpg,d:\driver-drowsiness-detection\eye_dataset\test\Open\_586.jpg,Open,test,SIM_1788,353,300,224,224
D:\driver-drowsiness-detection\dataset\train\Open\_587.jpg,d:\driver-drowsiness-detection\eye_dataset\train\Open\_587.jpg,Open,train,SIM_1789,250,242,224,224
D:\driver-drowsiness-detection\dataset\train\Open\_588.jpg,d:\driver-drowsiness-detection\eye_dataset\train\Open\_588.jpg,Open,train,SIM_1790,327,315,224,224
D:\driver-drowsiness-detection\dataset\train\Open\_589.jpg,d:\driver-drowsiness-detection\eye_dataset\validation\Open\_589.jpg,Open,validation,SIM_1791,249,249,224,224
D:\driver-drowsiness-detection\dataset\train\Open\_59.jpg,d:\driver-drowsiness-detection\eye_dataset\train\Open\_59.jpg,Open,train,SIM_1792,82,69,224,224
D:\driver-drowsiness-detection\dataset\train\Open\_590.jpg,d:\driver-drowsiness-detection\eye_dataset\train\Open\_590.jpg,Open,train,SIM_1793,231,230,224,224
D:\driver-drowsiness-detection\dataset\train\Open\_591.jpg,d:\driver-drowsiness-detection\eye_dataset\train\Open\_591.jpg,Open,train,SIM_1794,240,240,224,224
D:\driver-drowsiness-detection\dataset\train\Open\_592.jpg,d:\driver-drowsiness-detection\eye_dataset\test\Open\_592.jpg,Open,test,SIM_1795,246,247,224,224
D:\driver-drowsiness-detection\dataset\train\Open\_593.jpg,d:\driver-drowsiness-detection\eye_dataset\train\Open\_593.jpg,Open,train,SIM_1796,224,259,224,224
D:\driver-drowsiness-detection\dataset\train\Open\_594.jpg,d:\driver-drowsiness-detection\eye_dataset\test\Open\_594.jpg,Open,test,SIM_1797,300,390,224,224
D:\driver-drowsiness-detection\dataset\train\Open\_595.jpg,d:\driver-drowsiness-detection\eye_dataset\train\Open\_595.jpg,Open,train,SIM_1798,300,341,224,224
D:\driver-drowsiness-detection\dataset\train\Open\_596.jpg,d:\driver-drowsiness-detection\eye_dataset\train\Open\_596.jpg,Open,train,SIM_1799,250,242,224,224
D:\driver-drowsiness-detection\dataset\train\Open\_597.jpg,d:\driver-drowsiness-detection\eye_dataset\test\Open\_597.jpg,Open,test,SIM_1800,300,324,224,224
D:\driver-drowsiness-detection\dataset\train\Open\_598.jpg,d:\driver-drowsiness-detection\eye_dataset\train\Open\_598.jpg,Open,train,SIM_1801,316,300,224,224
D:\driver-drowsiness-detection\dataset\train\Open\_599.jpg,d:\driver-drowsiness-detection\eye_dataset\train\Open\_599.jpg,Open,train,SIM_1802,303,405,224,224
D:\driver-drowsiness-detection\dataset\train\Open\_6.jpg,d:\driver-drowsiness-detection\eye_dataset\test\Open\_6.jpg,Open,test,SIM_1803,307,300,224,224
D:\driver-drowsiness-detection\dataset\train\Open\_60.jpg,d:\driver-drowsiness-detection\eye_dataset\train\Open\_60.jpg,Open,train,SIM_1804,87,58,224,224
D:\driver-drowsiness-detection\dataset\train\Open\_600.jpg,d:\driver-drowsiness-detection\eye_dataset\train\Open\_600.jpg,Open,train,SIM_1805,305,300,224,224
D:\driver-drowsiness-detection\dataset\train\Open\_601.jpg,d:\driver-drowsiness-detection\eye_dataset\train\Open\_601.jpg,Open,train,SIM_1806,487,300,224,224
D:\driver-drowsiness-detection\dataset\train\Open\_602.jpg,d:\driver-drowsiness-detection\eye_dataset\test\Open\_602.jpg,Open,test,SIM_1807,490,300,224,224
D:\driver-drowsiness-detection\dataset\train\Open\_603.jpg,d:\driver-drowsiness-detection\eye_dataset\train\Open\_603.jpg,Open,train,SIM_1808,339,300,224,224
D:\driver-drowsiness-detection\dataset\train\Open\_604.jpg,d:\driver-drowsiness-detection\eye_dataset\train\Open\_604.jpg,Open,train,SIM_1809,370,300,224,224
D:\driver-drowsiness-detection\dataset\train\Open\_605.jpg,d:\driver-drowsiness-detection\eye_dataset\validation\Open\_605.jpg,Open,validation,SIM_1810,478,300,224,224
D:\driver-drowsiness-detection\dataset\train\Open\_606.jpg,d:\driver-drowsiness-detection\eye_dataset\test\Open\_606.jpg,Open,test,SIM_1811,384,300,224,224
D:\driver-drowsiness-detection\dataset\train\Open\_607.jpg,d:\driver-drowsiness-detection\eye_dataset\validation\Open\_607.jpg,Open,validation,SIM_1812,334,300,224,224
D:\driver-drowsiness-detection\dataset\train\Open\_608.jpg,d:\driver-drowsiness-detection\eye_dataset\train\Open\_608.jpg,Open,train,SIM_1813,305,300,224,224
D:\driver-drowsiness-detection\dataset\train\Open\_609.jpg,d:\driver-drowsiness-detection\eye_dataset\train\Open\_609.jpg,Open,train,SIM_1814,342,300,224,224
D:\driver-drowsiness-detection\dataset\train\Open\_61.jpg,d:\driver-drowsiness-detection\eye_dataset\validation\Open\_61.jpg,Open,validation,SIM_1815,257,245,224,224
D:\driver-drowsiness-detection\dataset\train\Open\_610.jpg,d:\driver-drowsiness-detection\eye_dataset\train\Open\_610.jpg,Open,train,SIM_1816,425,378,224,224
D:\driver-drowsiness-detection\dataset\train\Open\_611.jpg,d:\driver-drowsiness-detection\eye_dataset\test\Open\_611.jpg,Open,test,SIM_1817,330,300,224,224
D:\driver-drowsiness-detection\dataset\train\Open\_612.jpg,d:\driver-drowsiness-detection\eye_dataset\train\Open\_612.jpg,Open,train,SIM_1818,309,300,224,224
D:\driver-drowsiness-detection\dataset\train\Open\_613.jpg,d:\driver-drowsiness-detection\eye_dataset\train\Open\_613.jpg,Open,train,SIM_1819,331,300,224,224
D:\driver-drowsiness-detection\dataset\train\Open\_614.jpg,d:\driver-drowsiness-detection\eye_dataset\test\Open\_614.jpg,Open,test,SIM_1820,300,318,224,224
D:\driver-drowsiness-detection\dataset\train\Open\_615.jpg,d:\driver-drowsiness-detection\eye_dataset\train\Open\_615.jpg,Open,train,SIM_1821,322,300,224,224
D:\driver-drowsiness-detection\dataset\train\Open\_616.jpg,d:\driver-drowsiness-detection\eye_dataset\validation\Open\_616.jpg,Open,validation,SIM_1822,304,300,224,224
D:\driver-drowsiness-detection\dataset\train\Open\_617.jpg,d:\driver-drowsiness-detection\eye_dataset\train\Open\_617.jpg,Open,train,SIM_1823,385,300,224,224
D:\driver-drowsiness-detection\dataset\train\Open\_618.jpg,d:\driver-drowsiness-detection\eye_dataset\test\Open\_618.jpg,Open,test,SIM_1824,370,300,224,224
D:\driver-drowsiness-detection\dataset\train\Open\_619.jpg,d:\driver-drowsiness-detection\eye_dataset\train\Open\_619.jpg,Open,train,SIM_1825,280,280,224,224
D:\driver-drowsiness-detection\dataset\train\Open\_62.jpg,d:\driver-drowsiness-detection\eye_dataset\train\Open\_62.jpg,Open,train,SIM_1826,573,574,224,224
D:\driver-drowsiness-detection\dataset\train\Open\_620.jpg,d:\driver-drowsiness-detection\eye_dataset\train\Open\_620.jpg,Open,train,SIM_1827,247,247,224,224
D:\driver-drowsiness-detection\dataset\train\Open\_621.jpg,d:\driver-drowsiness-detection\eye_dataset\validation\Open\_621.jpg,Open,validation,SIM_1828,335,345,224,224
D:\driver-drowsiness-detection\dataset\train\Open\_622.jpg,d:\driver-drowsiness-detection\eye_dataset\train\Open\_622.jpg,Open,train,SIM_1829,300,300,224,224
D:\driver-drowsiness-detection\dataset\train\Open\_623.jpg,d:\driver-drowsiness-detection\eye_dataset\train\Open\_623.jpg,Open,train,SIM_1830,271,270,224,224
D:\driver-drowsiness-detection\dataset\train\Open\_624.jpg,d:\driver-drowsiness-detection\eye_dataset\train\Open\_624.jpg,Open,train,SIM_1831,330,300,224,224
D:\driver-drowsiness-detection\dataset\train\Open\_625.jpg,d:\driver-drowsiness-detection\eye_dataset\train\Open\_625.jpg,Open,train,SIM_1832,222,222,224,224
D:\driver-drowsiness-detection\dataset\train\Open\_626.jpg,d:\driver-drowsiness-detection\eye_dataset\train\Open\_626.jpg,Open,train,SIM_1833,345,300,224,224
D:\driver-drowsiness-detection\dataset\train\Open\_627.jpg,d:\driver-drowsiness-detection\eye_dataset\train\Open\_627.jpg,Open,train,SIM_1834,306,300,224,224
D:\driver-drowsiness-detection\dataset\train\Open\_628.jpg,d:\driver-drowsiness-detection\eye_dataset\train\Open\_628.jpg,Open,train,SIM_1835,302,300,224,224
D:\driver-drowsiness-detection\dataset\train\Open\_629.jpg,d:\driver-drowsiness-detection\eye_dataset\validation\Open\_629.jpg,Open,validation,SIM_1836,300,324,224,224
D:\driver-drowsiness-detection\dataset\train\Open\_63.jpg,d:\driver-drowsiness-detection\eye_dataset\train\Open\_63.jpg,Open,train,SIM_1837,300,300,224,224
D:\driver-drowsiness-detection\dataset\train\Open\_630.jpg,d:\driver-drowsiness-detection\eye_dataset\validation\Open\_630.jpg,Open,validation,SIM_1838,300,319,224,224
D:\driver-drowsiness-detection\dataset\train\Open\_631.jpg,d:\driver-drowsiness-detection\eye_dataset\validation\Open\_631.jpg,Open,validation,SIM_1839,318,300,224,224
D:\driver-drowsiness-detection\dataset\train\Open\_632.jpg,d:\driver-drowsiness-detection\eye_dataset\validation\Open\_632.jpg,Open,validation,SIM_1840,256,164,224,224
D:\driver-drowsiness-detection\dataset\train\Open\_633.jpg,d:\driver-drowsiness-detection\eye_dataset\train\Open\_633.jpg,Open,train,SIM_1841,300,383,224,224
D:\driver-drowsiness-detection\dataset\train\Open\_634.jpg,d:\driver-drowsiness-detection\eye_dataset\test\Open\_634.jpg,Open,test,SIM_1842,300,309,224,224
D:\driver-drowsiness-detection\dataset\train\Open\_635.jpg,d:\driver-drowsiness-detection\eye_dataset\train\Open\_635.jpg,Open,train,SIM_1843,478,300,224,224
D:\driver-drowsiness-detection\dataset\train\Open\_636.jpg,d:\driver-drowsiness-detection\eye_dataset\test\Open\_636.jpg,Open,test,SIM_1844,536,300,224,224
D:\driver-drowsiness-detection\dataset\train\Open\_637.jpg,d:\driver-drowsiness-detection\eye_dataset\validation\Open\_637.jpg,Open,validation,SIM_1845,300,341,224,224
D:\driver-drowsiness-detection\dataset\train\Open\_638.jpg,d:\driver-drowsiness-detection\eye_dataset\train\Open\_638.jpg,Open,train,SIM_1846,300,310,224,224
D:\driver-drowsiness-detection\dataset\train\Open\_639.jpg,d:\driver-drowsiness-detection\eye_dataset\validation\Open\_639.jpg,Open,validation,SIM_1847,321,300,224,224
D:\driver-drowsiness-detection\dataset\train\Open\_64.jpg,d:\driver-drowsiness-detection\eye_dataset\train\Open\_64.jpg,Open,train,SIM_1848,178,145,224,224
D:\driver-drowsiness-detection\dataset\train\Open\_640.jpg,d:\driver-drowsiness-detection\eye_dataset\train\Open\_640.jpg,Open,train,SIM_1849,300,339,224,224
D:\driver-drowsiness-detection\dataset\train\Open\_641.jpg,d:\driver-drowsiness-detection\eye_dataset\train\Open\_641.jpg,Open,train,SIM_1850,405,300,224,224
D:\driver-drowsiness-detection\dataset\train\Open\_642.jpg,d:\driver-drowsiness-detection\eye_dataset\train\Open\_642.jpg,Open,train,SIM_1851,299,285,224,224
D:\driver-drowsiness-detection\dataset\train\Open\_643.jpg,d:\driver-drowsiness-detection\eye_dataset\train\Open\_643.jpg,Open,train,SIM_1852,142,102,224,224
D:\driver-drowsiness-detection\dataset\train\Open\_644.jpg,d:\driver-drowsiness-detection\eye_dataset\validation\Open\_644.jpg,Open,validation,SIM_1853,346,300,224,224
D:\driver-drowsiness-detection\dataset\train\Open\_645.jpg,d:\driver-drowsiness-detection\eye_dataset\test\Open\_645.jpg,Open,test,SIM_1854,329,300,224,224
D:\driver-drowsiness-detection\dataset\train\Open\_646.jpg,d:\driver-drowsiness-detection\eye_dataset\validation\Open\_646.jpg,Open,validation,SIM_1855,317,300,224,224
D:\driver-drowsiness-detection\dataset\train\Open\_647.jpg,d:\driver-drowsiness-detection\eye_dataset\validation\Open\_647.jpg,Open,validation,SIM_1856,310,300,224,224
D:\driver-drowsiness-detection\dataset\train\Open\_648.jpg,d:\driver-drowsiness-detection\eye_dataset\train\Open\_648.jpg,Open,train,SIM_1857,368,300,224,224
D:\driver-drowsiness-detection\dataset\train\Open\_649.jpg,d:\driver-drowsiness-detection\eye_dataset\train\Open\_649.jpg,Open,train,SIM_1858,249,248,224,224
D:\driver-drowsiness-detection\dataset\train\Open\_65.jpg,d:\driver-drowsiness-detection\eye_dataset\train\Open\_65.jpg,Open,train,SIM_1859,260,249,224,224
D:\driver-drowsiness-detection\dataset\train\Open\_650.jpg,d:\driver-drowsiness-detection\eye_dataset\train\Open\_650.jpg,Open,train,SIM_1860,300,308,224,224
D:\driver-drowsiness-detection\dataset\train\Open\_651.jpg,d:\driver-drowsiness-detection\eye_dataset\validation\Open\_651.jpg,Open,validation,SIM_1861,324,300,224,224
D:\driver-drowsiness-detection\dataset\train\Open\_652.jpg,d:\driver-drowsiness-detection\eye_dataset\train\Open\_652.jpg,Open,train,SIM_1862,332,300,224,224
D:\driver-drowsiness-detection\dataset\train\Open\_653.jpg,d:\driver-drowsiness-detection\eye_dataset\validation\Open\_653.jpg,Open,validation,SIM_1863,289,261,224,224
D:\driver-drowsiness-detection\dataset\train\Open\_654.jpg,d:\driver-drowsiness-detection\eye_dataset\test\Open\_654.jpg,Open,test,SIM_1864,130,75,224,224
D:\driver-drowsiness-detection\dataset\train\Open\_655.jpg,d:\driver-drowsiness-detection\eye_dataset\train\Open\_655.jpg,Open,train,SIM_1865,384,300,224,224
D:\driver-drowsiness-detection\dataset\train\Open\_656.jpg,d:\driver-drowsiness-detection\eye_dataset\train\Open\_656.jpg,Open,train,SIM_1866,379,300,224,224
D:\driver-drowsiness-detection\dataset\train\Open\_657.jpg,d:\driver-drowsiness-detection\eye_dataset\train\Open\_657.jpg,Open,train,SIM_1867,345,300,224,224
D:\driver-drowsiness-detection\dataset\train\Open\_658.jpg,d:\driver-drowsiness-detection\eye_dataset\train\Open\_658.jpg,Open,train,SIM_1868,300,306,224,224
D:\driver-drowsiness-detection\dataset\train\Open\_659.jpg,d:\driver-drowsiness-detection\eye_dataset\validation\Open\_659.jpg,Open,validation,SIM_1869,363,300,224,224
D:\driver-drowsiness-detection\dataset\train\Open\_66.jpg,d:\driver-drowsiness-detection\eye_dataset\train\Open\_66.jpg,Open,train,SIM_1870,332,298,224,224
D:\driver-drowsiness-detection\dataset\train\Open\_660.jpg,d:\driver-drowsiness-detection\eye_dataset\train\Open\_660.jpg,Open,train,SIM_1871,422,300,224,224
D:\driver-drowsiness-detection\dataset\train\Open\_661.jpg,d:\driver-drowsiness-detection\eye_dataset\train\Open\_661.jpg,Open,train,SIM_1872,341,300,224,224
D:\driver-drowsiness-detection\dataset\train\Open\_662.jpg,d:\driver-drowsiness-detection\eye_dataset\train\Open\_662.jpg,Open,train,SIM_1873,373,300,224,224
D:\driver-drowsiness-detection\dataset\train\Open\_663.jpg,d:\driver-drowsiness-detection\eye_dataset\train\Open\_663.jpg,Open,train,SIM_1874,75,67,224,224
D:\driver-drowsiness-detection\dataset\train\Open\_664.jpg,d:\driver-drowsiness-detection\eye_dataset\validation\Open\_664.jpg,Open,validation,SIM_1875,98,74,224,224
D:\driver-drowsiness-detection\dataset\train\Open\_665.jpg,d:\driver-drowsiness-detection\eye_dataset\train\Open\_665.jpg,Open,train,SIM_1876,134,107,224,224
D:\driver-drowsiness-detection\dataset\train\Open\_666.jpg,d:\driver-drowsiness-detection\eye_dataset\train\Open\_666.jpg,Open,train,SIM_1877,77,67,224,224
D:\driver-drowsiness-detection\dataset\train\Open\_667.jpg,d:\driver-drowsiness-detection\eye_dataset\train\Open\_667.jpg,Open,train,SIM_1878,60,66,224,224
D:\driver-drowsiness-detection\dataset\train\Open\_668.jpg,d:\driver-drowsiness-detection\eye_dataset\validation\Open\_668.jpg,Open,validation,SIM_1879,400,300,224,224
D:\driver-drowsiness-detection\dataset\train\Open\_669.jpg,d:\driver-drowsiness-detection\eye_dataset\train\Open\_669.jpg,Open,train,SIM_1880,431,300,224,224
D:\driver-drowsiness-detection\dataset\train\Open\_67.jpg,d:\driver-drowsiness-detection\eye_dataset\train\Open\_67.jpg,Open,train,SIM_1881,390,300,224,224
D:\driver-drowsiness-detection\dataset\train\Open\_670.jpg,d:\driver-drowsiness-detection\eye_dataset\test\Open\_670.jpg,Open,test,SIM_1882,398,300,224,224
D:\driver-drowsiness-detection\dataset\train\Open\_671.jpg,d:\driver-drowsiness-detection\eye_dataset\train\Open\_671.jpg,Open,train,SIM_1883,361,300,224,224
D:\driver-drowsiness-detection\dataset\train\Open\_672.jpg,d:\driver-drowsiness-detection\eye_dataset\train\Open\_672.jpg,Open,train,SIM_1884,418,300,224,224
D:\driver-drowsiness-detection\dataset\train\Open\_673.jpg,d:\driver-drowsiness-detection\eye_dataset\test\Open\_673.jpg,Open,test,SIM_1885,460,300,224,224
D:\driver-drowsiness-detection\dataset\train\Open\_674.jpg,d:\driver-drowsiness-detection\eye_dataset\train\Open\_674.jpg,Open,train,SIM_1886,395,300,224,224
D:\driver-drowsiness-detection\dataset\train\Open\_675.jpg,d:\driver-drowsiness-detection\eye_dataset\train\Open\_675.jpg,Open,train,SIM_1887,521,300,224,224
D:\driver-drowsiness-detection\dataset\train\Open\_676.jpg,d:\driver-drowsiness-detection\eye_dataset\train\Open\_676.jpg,Open,train,SIM_1888,123,121,224,224
D:\driver-drowsiness-detection\dataset\train\Open\_677.jpg,d:\driver-drowsiness-detection\eye_dataset\train\Open\_677.jpg,Open,train,SIM_1889,479,300,224,224
D:\driver-drowsiness-detection\dataset\train\Open\_678.jpg,d:\driver-drowsiness-detection\eye_dataset\train\Open\_678.jpg,Open,train,SIM_1890,453,300,224,224
D:\driver-drowsiness-detection\dataset\train\Open\_679.jpg,d:\driver-drowsiness-detection\eye_dataset\test\Open\_679.jpg,Open,test,SIM_1891,429,300,224,224
D:\driver-drowsiness-detection\dataset\train\Open\_68.jpg,d:\driver-drowsiness-detection\eye_dataset\validation\Open\_68.jpg,Open,validation,SIM_1892,172,129,224,224
D:\driver-drowsiness-detection\dataset\train\Open\_680.jpg,d:\driver-drowsiness-detection\eye_dataset\train\Open\_680.jpg,Open,train,SIM_1893,398,300,224,224
D:\driver-drowsiness-detection\dataset\train\Open\_681.jpg,d:\driver-drowsiness-detection\eye_dataset\train\Open\_681.jpg,Open,train,SIM_1894,467,300,224,224
D:\driver-drowsiness-detection\dataset\train\Open\_682.jpg,d:\driver-drowsiness-detection\eye_dataset\train\Open\_682.jpg,Open,train,SIM_1895,448,300,224,224
D:\driver-drowsiness-detection\dataset\train\Open\_683.jpg,d:\driver-drowsiness-detection\eye_dataset\test\Open\_683.jpg,Open,test,SIM_1896,482,300,224,224
D:\driver-drowsiness-detection\dataset\train\Open\_684.jpg,d:\driver-drowsiness-detection\eye_dataset\train\Open\_684.jpg,Open,train,SIM_1897,379,300,224,224
D:\driver-drowsiness-detection\dataset\train\Open\_685.jpg,d:\driver-drowsiness-detection\eye_dataset\train\Open\_685.jpg,Open,train,SIM_1898,434,300,224,224
D:\driver-drowsiness-detection\dataset\train\Open\_686.jpg,d:\driver-drowsiness-detection\eye_dataset\train\Open\_686.jpg,Open,train,SIM_1899,385,300,224,224
D:\driver-drowsiness-detection\dataset\train\Open\_687.jpg,d:\driver-drowsiness-detection\eye_dataset\test\Open\_687.jpg,Open,test,SIM_1900,135,135,224,224
D:\driver-drowsiness-detection\dataset\train\Open\_688.jpg,d:\driver-drowsiness-detection\eye_dataset\train\Open\_688.jpg,Open,train,SIM_1901,244,245,224,224
D:\driver-drowsiness-detection\dataset\train\Open\_689.jpg,d:\driver-drowsiness-detection\eye_dataset\validation\Open\_689.jpg,Open,validation,SIM_1902,411,300,224,224
D:\driver-drowsiness-detection\dataset\train\Open\_69.jpg,d:\driver-drowsiness-detection\eye_dataset\train\Open\_69.jpg,Open,train,SIM_1903,86,97,224,224
D:\driver-drowsiness-detection\dataset\train\Open\_690.jpg,d:\driver-drowsiness-detection\eye_dataset\train\Open\_690.jpg,Open,train,SIM_1904,440,300,224,224
D:\driver-drowsiness-detection\dataset\train\Open\_691.jpg,d:\driver-drowsiness-detection\eye_dataset\train\Open\_691.jpg,Open,train,SIM_1905,409,300,224,224
D:\driver-drowsiness-detection\dataset\train\Open\_692.jpg,d:\driver-drowsiness-detection\eye_dataset\train\Open\_692.jpg,Open,train,SIM_1906,423,300,224,224
D:\driver-drowsiness-detection\dataset\train\Open\_693.jpg,d:\driver-drowsiness-detection\eye_dataset\test\Open\_693.jpg,Open,test,SIM_1907,262,222,224,224
D:\driver-drowsiness-detection\dataset\train\Open\_694.jpg,d:\driver-drowsiness-detection\eye_dataset\train\Open\_694.jpg,Open,train,SIM_1908,123,135,224,224
D:\driver-drowsiness-detection\dataset\train\Open\_695.jpg,d:\driver-drowsiness-detection\eye_dataset\train\Open\_695.jpg,Open,train,SIM_1909,126,124,224,224
D:\driver-drowsiness-detection\dataset\train\Open\_696.jpg,d:\driver-drowsiness-detection\eye_dataset\train\Open\_696.jpg,Open,train,SIM_1910,147,82,224,224
D:\driver-drowsiness-detection\dataset\train\Open\_697.jpg,d:\driver-drowsiness-detection\eye_dataset\train\Open\_697.jpg,Open,train,SIM_1911,127,71,224,224
D:\driver-drowsiness-detection\dataset\train\Open\_698.jpg,d:\driver-drowsiness-detection\eye_dataset\train\Open\_698.jpg,Open,train,SIM_1912,136,124,224,224
D:\driver-drowsiness-detection\dataset\train\Open\_699.jpg,d:\driver-drowsiness-detection\eye_dataset\train\Open\_699.jpg,Open,train,SIM_1913,148,105,224,224
D:\driver-drowsiness-detection\dataset\train\Open\_7.jpg,d:\driver-drowsiness-detection\eye_dataset\train\Open\_7.jpg,Open,train,SIM_1914,535,300,224,224
D:\driver-drowsiness-detection\dataset\train\Open\_70.jpg,d:\driver-drowsiness-detection\eye_dataset\train\Open\_70.jpg,Open,train,SIM_1915,98,89,224,224
D:\driver-drowsiness-detection\dataset\train\Open\_700.jpg,d:\driver-drowsiness-detection\eye_dataset\train\Open\_700.jpg,Open,train,SIM_1916,268,204,224,224
D:\driver-drowsiness-detection\dataset\train\Open\_701.jpg,d:\driver-drowsiness-detection\eye_dataset\train\Open\_701.jpg,Open,train,SIM_1917,156,146,224,224
D:\driver-drowsiness-detection\dataset\train\Open\_702.jpg,d:\driver-drowsiness-detection\eye_dataset\train\Open\_702.jpg,Open,train,SIM_1918,127,127,224,224
D:\driver-drowsiness-detection\dataset\train\Open\_703.jpg,d:\driver-drowsiness-detection\eye_dataset\train\Open\_703.jpg,Open,train,SIM_1919,383,300,224,224
D:\driver-drowsiness-detection\dataset\train\Open\_704.jpg,d:\driver-drowsiness-detection\eye_dataset\test\Open\_704.jpg,Open,test,SIM_1920,178,139,224,224
D:\driver-drowsiness-detection\dataset\train\Open\_705.jpg,d:\driver-drowsiness-detection\eye_dataset\train\Open\_705.jpg,Open,train,SIM_1921,201,200,224,224
D:\driver-drowsiness-detection\dataset\train\Open\_706.jpg,d:\driver-drowsiness-detection\eye_dataset\train\Open\_706.jpg,Open,train,SIM_1922,80,66,224,224
D:\driver-drowsiness-detection\dataset\train\Open\_707.jpg,d:\driver-drowsiness-detection\eye_dataset\train\Open\_707.jpg,Open,train,SIM_1923,78,70,224,224
D:\driver-drowsiness-detection\dataset\train\Open\_708.jpg,d:\driver-drowsiness-detection\eye_dataset\test\Open\_708.jpg,Open,test,SIM_1924,271,271,224,224
D:\driver-drowsiness-detection\dataset\train\Open\_709.jpg,d:\driver-drowsiness-detection\eye_dataset\train\Open\_709.jpg,Open,train,SIM_1925,405,300,224,224
D:\driver-drowsiness-detection\dataset\train\Open\_71.jpg,d:\driver-drowsiness-detection\eye_dataset\train\Open\_71.jpg,Open,train,SIM_1926,100,82,224,224
D:\driver-drowsiness-detection\dataset\train\Open\_710.jpg,d:\driver-drowsiness-detection\eye_dataset\train\Open\_710.jpg,Open,train,SIM_1927,317,300,224,224
D:\driver-drowsiness-detection\dataset\train\Open\_711.jpg,d:\driver-drowsiness-detection\eye_dataset\train\Open\_711.jpg,Open,train,SIM_1928,500,300,224,224
D:\driver-drowsiness-detection\dataset\train\Open\_712.jpg,d:\driver-drowsiness-detection\eye_dataset\train\Open\_712.jpg,Open,train,SIM_1929,240,240,224,224
D:\driver-drowsiness-detection\dataset\train\Open\_713.jpg,d:\driver-drowsiness-detection\eye_dataset\train\Open\_713.jpg,Open,train,SIM_1930,390,300,224,224
D:\driver-drowsiness-detection\dataset\train\Open\_714.jpg,d:\driver-drowsiness-detection\eye_dataset\test\Open\_714.jpg,Open,test,SIM_1931,134,134,224,224
D:\driver-drowsiness-detection\dataset\train\Open\_715.jpg,d:\driver-drowsiness-detection\eye_dataset\test\Open\_715.jpg,Open,test,SIM_1932,300,300,224,224
D:\driver-drowsiness-detection\dataset\train\Open\_716.jpg,d:\driver-drowsiness-detection\eye_dataset\train\Open\_716.jpg,Open,train,SIM_1933,351,298,224,224
D:\driver-drowsiness-detection\dataset\train\Open\_717.jpg,d:\driver-drowsiness-detection\eye_dataset\train\Open\_717.jpg,Open,train,SIM_1934,314,300,224,224
D:\driver-drowsiness-detection\dataset\train\Open\_718.jpg,d:\driver-drowsiness-detection\eye_dataset\train\Open\_718.jpg,Open,train,SIM_1935,360,300,224,224
D:\driver-drowsiness-detection\dataset\train\Open\_719.jpg,d:\driver-drowsiness-detection\eye_dataset\train\Open\_719.jpg,Open,train,SIM_1936,261,225,224,224
D:\driver-drowsiness-detection\dataset\train\Open\_72.jpg,d:\driver-drowsiness-detection\eye_dataset\train\Open\_72.jpg,Open,train,SIM_1937,134,112,224,224
D:\driver-drowsiness-detection\dataset\train\Open\_720.jpg,d:\driver-drowsiness-detection\eye_dataset\train\Open\_720.jpg,Open,train,SIM_1938,456,300,224,224
D:\driver-drowsiness-detection\dataset\train\Open\_721.jpg,d:\driver-drowsiness-detection\eye_dataset\validation\Open\_721.jpg,Open,validation,SIM_1939,376,300,224,224
D:\driver-drowsiness-detection\dataset\train\Open\_722.jpg,d:\driver-drowsiness-detection\eye_dataset\train\Open\_722.jpg,Open,train,SIM_1940,268,233,224,224
D:\driver-drowsiness-detection\dataset\train\Open\_723.jpg,d:\driver-drowsiness-detection\eye_dataset\train\Open\_723.jpg,Open,train,SIM_1941,283,283,224,224
D:\driver-drowsiness-detection\dataset\train\Open\_724.jpg,d:\driver-drowsiness-detection\eye_dataset\train\Open\_724.jpg,Open,train,SIM_1942,207,207,224,224
D:\driver-drowsiness-detection\dataset\train\Open\_725.jpg,d:\driver-drowsiness-detection\eye_dataset\train\Open\_725.jpg,Open,train,SIM_1943,281,246,224,224
D:\driver-drowsiness-detection\dataset\train\Open\_73.jpg,d:\driver-drowsiness-detection\eye_dataset\train\Open\_73.jpg,Open,train,SIM_1944,142,141,224,224
D:\driver-drowsiness-detection\dataset\train\Open\_74.jpg,d:\driver-drowsiness-detection\eye_dataset\train\Open\_74.jpg,Open,train,SIM_1945,603,603,224,224
D:\driver-drowsiness-detection\dataset\train\Open\_75.jpg,d:\driver-drowsiness-detection\eye_dataset\validation\Open\_75.jpg,Open,validation,SIM_1946,80,43,224,224
D:\driver-drowsiness-detection\dataset\train\Open\_76.jpg,d:\driver-drowsiness-detection\eye_dataset\train\Open\_76.jpg,Open,train,SIM_1947,193,225,224,224
D:\driver-drowsiness-detection\dataset\train\Open\_77.jpg,d:\driver-drowsiness-detection\eye_dataset\validation\Open\_77.jpg,Open,validation,SIM_1948,247,162,224,224
D:\driver-drowsiness-detection\dataset\train\Open\_78.jpg,d:\driver-drowsiness-detection\eye_dataset\train\Open\_78.jpg,Open,train,SIM_1949,215,126,224,224
D:\driver-drowsiness-detection\dataset\train\Open\_79.jpg,d:\driver-drowsiness-detection\eye_dataset\train\Open\_79.jpg,Open,train,SIM_1950,251,197,224,224
D:\driver-drowsiness-detection\dataset\train\Open\_8.jpg,d:\driver-drowsiness-detection\eye_dataset\train\Open\_8.jpg,Open,train,SIM_1951,407,300,224,224
D:\driver-drowsiness-detection\dataset\train\Open\_80.jpg,d:\driver-drowsiness-detection\eye_dataset\train\Open\_80.jpg,Open,train,SIM_1952,244,221,224,224
D:\driver-drowsiness-detection\dataset\train\Open\_81.jpg,d:\driver-drowsiness-detection\eye_dataset\train\Open\_81.jpg,Open,train,SIM_1953,223,250,224,224
D:\driver-drowsiness-detection\dataset\train\Open\_82.jpg,d:\driver-drowsiness-detection\eye_dataset\validation\Open\_82.jpg,Open,validation,SIM_1954,279,242,224,224
D:\driver-drowsiness-detection\dataset\train\Open\_83.jpg,d:\driver-drowsiness-detection\eye_dataset\train\Open\_83.jpg,Open,train,SIM_1955,434,300,224,224
D:\driver-drowsiness-detection\dataset\train\Open\_84.jpg,d:\driver-drowsiness-detection\eye_dataset\test\Open\_84.jpg,Open,test,SIM_1956,104,75,224,224
D:\driver-drowsiness-detection\dataset\train\Open\_85.jpg,d:\driver-drowsiness-detection\eye_dataset\train\Open\_85.jpg,Open,train,SIM_1957,207,150,224,224
D:\driver-drowsiness-detection\dataset\train\Open\_86.jpg,d:\driver-drowsiness-detection\eye_dataset\train\Open\_86.jpg,Open,train,SIM_1958,473,473,224,224
D:\driver-drowsiness-detection\dataset\train\Open\_87.jpg,d:\driver-drowsiness-detection\eye_dataset\validation\Open\_87.jpg,Open,validation,SIM_1959,378,300,224,224
D:\driver-drowsiness-detection\dataset\train\Open\_88.jpg,d:\driver-drowsiness-detection\eye_dataset\test\Open\_88.jpg,Open,test,SIM_1960,158,135,224,224
D:\driver-drowsiness-detection\dataset\train\Open\_89.jpg,d:\driver-drowsiness-detection\eye_dataset\validation\Open\_89.jpg,Open,validation,SIM_1961,87,87,224,224
D:\driver-drowsiness-detection\dataset\train\Open\_9.jpg,d:\driver-drowsiness-detection\eye_dataset\train\Open\_9.jpg,Open,train,SIM_1962,316,251,224,224
D:\driver-drowsiness-detection\dataset\train\Open\_90.jpg,d:\driver-drowsiness-detection\eye_dataset\train\Open\_90.jpg,Open,train,SIM_1925,405,300,224,224
D:\driver-drowsiness-detection\dataset\train\Open\_91.jpg,d:\driver-drowsiness-detection\eye_dataset\train\Open\_91.jpg,Open,train,SIM_1963,107,77,224,224
D:\driver-drowsiness-detection\dataset\train\Open\_92.jpg,d:\driver-drowsiness-detection\eye_dataset\train\Open\_92.jpg,Open,train,SIM_1964,113,85,224,224
D:\driver-drowsiness-detection\dataset\train\Open\_93.jpg,d:\driver-drowsiness-detection\eye_dataset\train\Open\_93.jpg,Open,train,SIM_1965,400,300,224,224
D:\driver-drowsiness-detection\dataset\train\Open\_94.jpg,d:\driver-drowsiness-detection\eye_dataset\train\Open\_94.jpg,Open,train,SIM_1966,100,109,224,224
D:\driver-drowsiness-detection\dataset\train\Open\_95.jpg,d:\driver-drowsiness-detection\eye_dataset\train\Open\_95.jpg,Open,train,SIM_1967,310,300,224,224
D:\driver-drowsiness-detection\dataset\train\Open\_96.jpg,d:\driver-drowsiness-detection\eye_dataset\validation\Open\_96.jpg,Open,validation,SIM_1968,347,300,224,224
D:\driver-drowsiness-detection\dataset\train\Open\_97.jpg,d:\driver-drowsiness-detection\eye_dataset\train\Open\_97.jpg,Open,train,SIM_1969,382,300,224,224
D:\driver-drowsiness-detection\dataset\train\Open\_98.jpg,d:\driver-drowsiness-detection\eye_dataset\test\Open\_98.jpg,Open,test,SIM_1970,446,446,224,224
D:\driver-drowsiness-detection\dataset\train\Open\_99.jpg,d:\driver-drowsiness-detection\eye_dataset\train\Open\_99.jpg,Open,train,SIM_1971,300,300,224,224
