original_filepath,prepared_filepath,class,split,similarity_group_id,status,crop_x1,crop_y1,crop_x2,crop_y2
D:\driver-drowsiness-detection\dataset\train\no_yawn\1.jpg,d:\driver-drowsiness-detection\mouth_dataset\train\no_yawn\1.jpg,no_yawn,train,SIM_0727,success,369,266,484,328
D:\driver-drowsiness-detection\dataset\train\no_yawn\1003.jpg,d:\driver-drowsiness-detection\mouth_dataset\train\no_yawn\1003.jpg,no_yawn,train,SIM_0728,success,308,280,420,310
D:\driver-drowsiness-detection\dataset\train\no_yawn\1004.jpg,d:\driver-drowsiness-detection\mouth_dataset\train\no_yawn\1004.jpg,no_yawn,train,SIM_0729,success,282,274,409,310
D:\driver-drowsiness-detection\dataset\train\no_yawn\1006.jpg,d:\driver-drowsiness-detection\mouth_dataset\train\no_yawn\1006.jpg,no_yawn,train,SIM_0730,success,290,279,391,342
D:\driver-drowsiness-detection\dataset\train\no_yawn\1007.jpg,d:\driver-drowsiness-detection\mouth_dataset\train\no_yawn\1007.jpg,no_yawn,train,SIM_0731,success,298,277,401,333
D:\driver-drowsiness-detection\dataset\train\no_yawn\1008.jpg,d:\driver-drowsiness-detection\mouth_dataset\train\no_yawn\1008.jpg,no_yawn,train,SIM_0732,success,287,281,388,339
D:\driver-drowsiness-detection\dataset\train\no_yawn\1009.jpg,d:\driver-drowsiness-detection\mouth_dataset\train\no_yawn\1009.jpg,no_yawn,train,SIM_0731,success,290,283,391,343
D:\driver-drowsiness-detection\dataset\train\no_yawn\1010.jpg,d:\driver-drowsiness-detection\mouth_dataset\validation\no_yawn\1010.jpg,no_yawn,validation,SIM_0733,success,336,280,417,339
D:\driver-drowsiness-detection\dataset\train\no_yawn\1021.jpg,d:\driver-drowsiness-detection\mouth_dataset\train\no_yawn\1021.jpg,no_yawn,train,SIM_0731,success,294,286,397,347
D:\driver-drowsiness-detection\dataset\train\no_yawn\1028.jpg,d:\driver-drowsiness-detection\mouth_dataset\train\no_yawn\1028.jpg,no_yawn,train,SIM_0731,success,294,281,395,342
D:\driver-drowsiness-detection\dataset\train\no_yawn\1029.jpg,d:\driver-drowsiness-detection\mouth_dataset\train\no_yawn\1029.jpg,no_yawn,train,SIM_0731,success,296,282,396,342
D:\driver-drowsiness-detection\dataset\train\no_yawn\1030.jpg,d:\driver-drowsiness-detection\mouth_dataset\train\no_yawn\1030.jpg,no_yawn,train,SIM_0731,success,290,283,394,342
D:\driver-drowsiness-detection\dataset\train\no_yawn\1031.jpg,d:\driver-drowsiness-detection\mouth_dataset\train\no_yawn\1031.jpg,no_yawn,train,SIM_0731,success,295,284,395,346
D:\driver-drowsiness-detection\dataset\train\no_yawn\1032.jpg,d:\driver-drowsiness-detection\mouth_dataset\train\no_yawn\1032.jpg,no_yawn,train,SIM_0731,success,295,284,399,346
D:\driver-drowsiness-detection\dataset\train\no_yawn\1033.jpg,d:\driver-drowsiness-detection\mouth_dataset\train\no_yawn\1033.jpg,no_yawn,train,SIM_0731,success,293,285,395,348
D:\driver-drowsiness-detection\dataset\train\no_yawn\1034.jpg,d:\driver-drowsiness-detection\mouth_dataset\train\no_yawn\1034.jpg,no_yawn,train,SIM_0731,success,300,287,399,346
D:\driver-drowsiness-detection\dataset\train\no_yawn\1038.jpg,d:\driver-drowsiness-detection\mouth_dataset\train\no_yawn\1038.jpg,no_yawn,train,SIM_0734,success,284,262,383,317
D:\driver-drowsiness-detection\dataset\train\no_yawn\1039.jpg,d:\driver-drowsiness-detection\mouth_dataset\train\no_yawn\1039.jpg,no_yawn,train,SIM_0735,success,350,266,424,317
D:\driver-drowsiness-detection\dataset\train\no_yawn\1042.jpg,d:\driver-drowsiness-detection\mouth_dataset\validation\no_yawn\1042.jpg,no_yawn,validation,SIM_0736,success,294,268,388,318
D:\driver-drowsiness-detection\dataset\train\no_yawn\1044.jpg,d:\driver-drowsiness-detection\mouth_dataset\train\no_yawn\1044.jpg,no_yawn,train,SIM_0737,success,286,269,380,326
D:\driver-drowsiness-detection\dataset\train\no_yawn\1046.jpg,d:\driver-drowsiness-detection\mouth_dataset\validation\no_yawn\1046.jpg,no_yawn,validation,SIM_0738,success,285,271,389,325
D:\driver-drowsiness-detection\dataset\train\no_yawn\1047.jpg,d:\driver-drowsiness-detection\mouth_dataset\validation\no_yawn\1047.jpg,no_yawn,validation,SIM_0738,success,288,273,392,326
D:\driver-drowsiness-detection\dataset\train\no_yawn\1050.jpg,d:\driver-drowsiness-detection\mouth_dataset\train\no_yawn\1050.jpg,no_yawn,train,SIM_0739,success,292,276,389,329
D:\driver-drowsiness-detection\dataset\train\no_yawn\1061.jpg,d:\driver-drowsiness-detection\mouth_dataset\validation\no_yawn\1061.jpg,no_yawn,validation,SIM_0740,success,298,311,425,362
D:\driver-drowsiness-detection\dataset\train\no_yawn\1062.jpg,d:\driver-drowsiness-detection\mouth_dataset\test\no_yawn\1062.jpg,no_yawn,test,SIM_0741,success,303,305,422,353
D:\driver-drowsiness-detection\dataset\train\no_yawn\1063.jpg,d:\driver-drowsiness-detection\mouth_dataset\train\no_yawn\1063.jpg,no_yawn,train,SIM_0742,success,309,300,422,361
D:\driver-drowsiness-detection\dataset\train\no_yawn\1067.jpg,d:\driver-drowsiness-detection\mouth_dataset\train\no_yawn\1067.jpg,no_yawn,train,SIM_0743,success,303,304,433,358
D:\driver-drowsiness-detection\dataset\train\no_yawn\1068.jpg,d:\driver-drowsiness-detection\mouth_dataset\train\no_yawn\1068.jpg,no_yawn,train,SIM_0743,success,299,300,434,350
D:\driver-drowsiness-detection\dataset\train\no_yawn\1069.jpg,d:\driver-drowsiness-detection\mouth_dataset\train\no_yawn\1069.jpg,no_yawn,train,SIM_0743,success,304,297,439,345
D:\driver-drowsiness-detection\dataset\train\no_yawn\1073.jpg,d:\driver-drowsiness-detection\mouth_dataset\train\no_yawn\1073.jpg,no_yawn,train,SIM_0743,success,296,306,432,352
D:\driver-drowsiness-detection\dataset\train\no_yawn\1074.jpg,d:\driver-drowsiness-detection\mouth_dataset\train\no_yawn\1074.jpg,no_yawn,train,SIM_0743,success,306,299,437,348
D:\driver-drowsiness-detection\dataset\train\no_yawn\1096.jpg,d:\driver-drowsiness-detection\mouth_dataset\train\no_yawn\1096.jpg,no_yawn,train,SIM_0744,success,300,309,418,351
D:\driver-drowsiness-detection\dataset\train\no_yawn\1097.jpg,d:\driver-drowsiness-detection\mouth_dataset\train\no_yawn\1097.jpg,no_yawn,train,SIM_0745,success,325,290,443,330
D:\driver-drowsiness-detection\dataset\train\no_yawn\1098.jpg,d:\driver-drowsiness-detection\mouth_dataset\train\no_yawn\1098.jpg,no_yawn,train,SIM_0746,success,328,284,445,323
D:\driver-drowsiness-detection\dataset\train\no_yawn\111.jpg,d:\driver-drowsiness-detection\mouth_dataset\train\no_yawn\111.jpg,no_yawn,train,SIM_0747,success,258,227,386,301
D:\driver-drowsiness-detection\dataset\train\no_yawn\1111.jpg,d:\driver-drowsiness-detection\mouth_dataset\test\no_yawn\1111.jpg,no_yawn,test,SIM_0748,success,326,275,424,323
D:\driver-drowsiness-detection\dataset\train\no_yawn\1114.jpg,d:\driver-drowsiness-detection\mouth_dataset\train\no_yawn\1114.jpg,no_yawn,train,SIM_0749,success,290,285,403,327
D:\driver-drowsiness-detection\dataset\train\no_yawn\1116.jpg,d:\driver-drowsiness-detection\mouth_dataset\train\no_yawn\1116.jpg,no_yawn,train,SIM_0750,success,276,286,398,330
D:\driver-drowsiness-detection\dataset\train\no_yawn\1117.jpg,d:\driver-drowsiness-detection\mouth_dataset\train\no_yawn\1117.jpg,no_yawn,train,SIM_0750,success,275,282,399,329
D:\driver-drowsiness-detection\dataset\train\no_yawn\1118.jpg,d:\driver-drowsiness-detection\mouth_dataset\train\no_yawn\1118.jpg,no_yawn,train,SIM_0750,success,280,279,402,325
D:\driver-drowsiness-detection\dataset\train\no_yawn\112.jpg,d:\driver-drowsiness-detection\mouth_dataset\train\no_yawn\112.jpg,no_yawn,train,SIM_0747,success,281,241,386,289
D:\driver-drowsiness-detection\dataset\train\no_yawn\1120.jpg,d:\driver-drowsiness-detection\mouth_dataset\train\no_yawn\1120.jpg,no_yawn,train,SIM_0750,success,277,275,400,322
D:\driver-drowsiness-detection\dataset\train\no_yawn\1121.jpg,d:\driver-drowsiness-detection\mouth_dataset\train\no_yawn\1121.jpg,no_yawn,train,SIM_0750,success,275,273,399,316
D:\driver-drowsiness-detection\dataset\train\no_yawn\1122.jpg,d:\driver-drowsiness-detection\mouth_dataset\validation\no_yawn\1122.jpg,no_yawn,validation,SIM_0751,success,273,272,397,313
D:\driver-drowsiness-detection\dataset\train\no_yawn\1128.jpg,d:\driver-drowsiness-detection\mouth_dataset\train\no_yawn\1128.jpg,no_yawn,train,SIM_0752,success,308,262,415,310
D:\driver-drowsiness-detection\dataset\train\no_yawn\1129.jpg,d:\driver-drowsiness-detection\mouth_dataset\train\no_yawn\1129.jpg,no_yawn,train,SIM_0753,success,327,275,418,320
D:\driver-drowsiness-detection\dataset\train\no_yawn\113.jpg,d:\driver-drowsiness-detection\mouth_dataset\train\no_yawn\113.jpg,no_yawn,train,SIM_0747,success,278,238,384,299
D:\driver-drowsiness-detection\dataset\train\no_yawn\1130.jpg,d:\driver-drowsiness-detection\mouth_dataset\train\no_yawn\1130.jpg,no_yawn,train,SIM_0754,success,371,268,441,319
D:\driver-drowsiness-detection\dataset\train\no_yawn\1131.jpg,d:\driver-drowsiness-detection\mouth_dataset\train\no_yawn\1131.jpg,no_yawn,train,SIM_0755,success,352,303,429,361
D:\driver-drowsiness-detection\dataset\train\no_yawn\1132.jpg,d:\driver-drowsiness-detection\mouth_dataset\train\no_yawn\1132.jpg,no_yawn,train,SIM_0756,success,382,281,444,330
D:\driver-drowsiness-detection\dataset\train\no_yawn\1133.jpg,,no_yawn,train,SIM_0757,mouth_landmarks_not_detected,,,,
D:\driver-drowsiness-detection\dataset\train\no_yawn\1134.jpg,d:\driver-drowsiness-detection\mouth_dataset\train\no_yawn\1134.jpg,no_yawn,train,SIM_0758,success,387,276,458,327
D:\driver-drowsiness-detection\dataset\train\no_yawn\1139.jpg,d:\driver-drowsiness-detection\mouth_dataset\validation\no_yawn\1139.jpg,no_yawn,validation,SIM_0759,success,314,282,425,352
D:\driver-drowsiness-detection\dataset\train\no_yawn\114.jpg,d:\driver-drowsiness-detection\mouth_dataset\train\no_yawn\114.jpg,no_yawn,train,SIM_0747,success,276,242,384,299
D:\driver-drowsiness-detection\dataset\train\no_yawn\115.jpg,d:\driver-drowsiness-detection\mouth_dataset\train\no_yawn\115.jpg,no_yawn,train,SIM_0747,success,279,242,385,300
D:\driver-drowsiness-detection\dataset\train\no_yawn\117.jpg,d:\driver-drowsiness-detection\mouth_dataset\train\no_yawn\117.jpg,no_yawn,train,SIM_0747,success,280,246,383,307
D:\driver-drowsiness-detection\dataset\train\no_yawn\1172.jpg,d:\driver-drowsiness-detection\mouth_dataset\train\no_yawn\1172.jpg,no_yawn,train,SIM_0760,success,361,267,442,322
D:\driver-drowsiness-detection\dataset\train\no_yawn\1173.jpg,d:\driver-drowsiness-detection\mouth_dataset\train\no_yawn\1173.jpg,no_yawn,train,SIM_0761,success,340,261,444,304
D:\driver-drowsiness-detection\dataset\train\no_yawn\1174.jpg,d:\driver-drowsiness-detection\mouth_dataset\train\no_yawn\1174.jpg,no_yawn,train,SIM_0762,success,293,280,408,326
D:\driver-drowsiness-detection\dataset\train\no_yawn\1176.jpg,d:\driver-drowsiness-detection\mouth_dataset\train\no_yawn\1176.jpg,no_yawn,train,SIM_0763,success,340,269,441,309
D:\driver-drowsiness-detection\dataset\train\no_yawn\1177.jpg,d:\driver-drowsiness-detection\mouth_dataset\test\no_yawn\1177.jpg,no_yawn,test,SIM_0764,success,359,273,443,319
D:\driver-drowsiness-detection\dataset\train\no_yawn\1178.jpg,d:\driver-drowsiness-detection\mouth_dataset\train\no_yawn\1178.jpg,no_yawn,train,SIM_0765,success,310,286,411,341
D:\driver-drowsiness-detection\dataset\train\no_yawn\1201.jpg,d:\driver-drowsiness-detection\mouth_dataset\train\no_yawn\1201.jpg,no_yawn,train,SIM_0766,success,418,270,517,334
D:\driver-drowsiness-detection\dataset\train\no_yawn\1202.jpg,d:\driver-drowsiness-detection\mouth_dataset\test\no_yawn\1202.jpg,no_yawn,test,SIM_0767,success,416,268,517,332
D:\driver-drowsiness-detection\dataset\train\no_yawn\1203.jpg,d:\driver-drowsiness-detection\mouth_dataset\train\no_yawn\1203.jpg,no_yawn,train,SIM_0768,success,403,262,507,325
D:\driver-drowsiness-detection\dataset\train\no_yawn\1208.jpg,d:\driver-drowsiness-detection\mouth_dataset\train\no_yawn\1208.jpg,no_yawn,train,SIM_0769,success,380,270,491,346
D:\driver-drowsiness-detection\dataset\train\no_yawn\1209.jpg,d:\driver-drowsiness-detection\mouth_dataset\test\no_yawn\1209.jpg,no_yawn,test,SIM_0770,success,393,272,498,342
D:\driver-drowsiness-detection\dataset\train\no_yawn\1210.jpg,d:\driver-drowsiness-detection\mouth_dataset\train\no_yawn\1210.jpg,no_yawn,train,SIM_0768,success,396,251,498,308
D:\driver-drowsiness-detection\dataset\train\no_yawn\1213.jpg,d:\driver-drowsiness-detection\mouth_dataset\train\no_yawn\1213.jpg,no_yawn,train,SIM_0771,success,363,268,482,355
D:\driver-drowsiness-detection\dataset\train\no_yawn\1214.jpg,d:\driver-drowsiness-detection\mouth_dataset\train\no_yawn\1214.jpg,no_yawn,train,SIM_0772,success,402,272,499,337
D:\driver-drowsiness-detection\dataset\train\no_yawn\1246.jpg,d:\driver-drowsiness-detection\mouth_dataset\train\no_yawn\1246.jpg,no_yawn,train,SIM_0773,success,250,225,315,278
D:\driver-drowsiness-detection\dataset\train\no_yawn\1247.jpg,d:\driver-drowsiness-detection\mouth_dataset\test\no_yawn\1247.jpg,no_yawn,test,SIM_0774,success,363,231,469,289
D:\driver-drowsiness-detection\dataset\train\no_yawn\1248.jpg,d:\driver-drowsiness-detection\mouth_dataset\train\no_yawn\1248.jpg,no_yawn,train,SIM_0775,success,376,249,489,303
D:\driver-drowsiness-detection\dataset\train\no_yawn\1250.jpg,d:\driver-drowsiness-detection\mouth_dataset\train\no_yawn\1250.jpg,no_yawn,train,SIM_0775,success,380,257,488,311
D:\driver-drowsiness-detection\dataset\train\no_yawn\1261.jpg,d:\driver-drowsiness-detection\mouth_dataset\test\no_yawn\1261.jpg,no_yawn,test,SIM_0776,success,387,255,483,307
D:\driver-drowsiness-detection\dataset\train\no_yawn\1266.jpg,d:\driver-drowsiness-detection\mouth_dataset\validation\no_yawn\1266.jpg,no_yawn,validation,SIM_0777,success,346,232,447,295
D:\driver-drowsiness-detection\dataset\train\no_yawn\1267.jpg,d:\driver-drowsiness-detection\mouth_dataset\train\no_yawn\1267.jpg,no_yawn,train,SIM_0778,success,370,233,465,275
D:\driver-drowsiness-detection\dataset\train\no_yawn\1268.jpg,d:\driver-drowsiness-detection\mouth_dataset\train\no_yawn\1268.jpg,no_yawn,train,SIM_0779,success,362,234,464,280
D:\driver-drowsiness-detection\dataset\train\no_yawn\1269.jpg,d:\driver-drowsiness-detection\mouth_dataset\test\no_yawn\1269.jpg,no_yawn,test,SIM_0780,success,320,239,438,285
D:\driver-drowsiness-detection\dataset\train\no_yawn\1270.jpg,d:\driver-drowsiness-detection\mouth_dataset\train\no_yawn\1270.jpg,no_yawn,train,SIM_0781,success,313,238,431,285
D:\driver-drowsiness-detection\dataset\train\no_yawn\1281.jpg,d:\driver-drowsiness-detection\mouth_dataset\train\no_yawn\1281.jpg,no_yawn,train,SIM_0782,success,305,239,468,345
D:\driver-drowsiness-detection\dataset\train\no_yawn\1282.jpg,d:\driver-drowsiness-detection\mouth_dataset\train\no_yawn\1282.jpg,no_yawn,train,SIM_0783,success,358,230,479,281
D:\driver-drowsiness-detection\dataset\train\no_yawn\1318.jpg,d:\driver-drowsiness-detection\mouth_dataset\train\no_yawn\1318.jpg,no_yawn,train,SIM_0784,success,276,269,388,321
D:\driver-drowsiness-detection\dataset\train\no_yawn\1319.jpg,d:\driver-drowsiness-detection\mouth_dataset\test\no_yawn\1319.jpg,no_yawn,test,SIM_0785,success,297,278,403,324
D:\driver-drowsiness-detection\dataset\train\no_yawn\1320.jpg,d:\driver-drowsiness-detection\mouth_dataset\test\no_yawn\1320.jpg,no_yawn,test,SIM_0785,success,309,278,410,324
D:\driver-drowsiness-detection\dataset\train\no_yawn\1322.jpg,d:\driver-drowsiness-detection\mouth_dataset\train\no_yawn\1322.jpg,no_yawn,train,SIM_0786,success,327,284,423,334
D:\driver-drowsiness-detection\dataset\train\no_yawn\1323.jpg,d:\driver-drowsiness-detection\mouth_dataset\train\no_yawn\1323.jpg,no_yawn,train,SIM_0787,success,308,284,408,330
D:\driver-drowsiness-detection\dataset\train\no_yawn\1324.jpg,d:\driver-drowsiness-detection\mouth_dataset\train\no_yawn\1324.jpg,no_yawn,train,SIM_0787,success,300,281,404,329
D:\driver-drowsiness-detection\dataset\train\no_yawn\1326.jpg,d:\driver-drowsiness-detection\mouth_dataset\train\no_yawn\1326.jpg,no_yawn,train,SIM_0788,success,208,257,335,301
D:\driver-drowsiness-detection\dataset\train\no_yawn\1327.jpg,d:\driver-drowsiness-detection\mouth_dataset\train\no_yawn\1327.jpg,no_yawn,train,SIM_0789,success,226,264,346,309
D:\driver-drowsiness-detection\dataset\train\no_yawn\1332.jpg,d:\driver-drowsiness-detection\mouth_dataset\train\no_yawn\1332.jpg,no_yawn,train,SIM_0790,success,272,270,370,313
D:\driver-drowsiness-detection\dataset\train\no_yawn\1333.jpg,d:\driver-drowsiness-detection\mouth_dataset\train\no_yawn\1333.jpg,no_yawn,train,SIM_0791,success,306,273,393,321
D:\driver-drowsiness-detection\dataset\train\no_yawn\1334.jpg,d:\driver-drowsiness-detection\mouth_dataset\test\no_yawn\1334.jpg,no_yawn,test,SIM_0792,success,275,252,378,300
D:\driver-drowsiness-detection\dataset\train\no_yawn\1356.jpg,d:\driver-drowsiness-detection\mouth_dataset\train\no_yawn\1356.jpg,no_yawn,train,SIM_0793,success,348,213,428,280
D:\driver-drowsiness-detection\dataset\train\no_yawn\1357.jpg,d:\driver-drowsiness-detection\mouth_dataset\validation\no_yawn\1357.jpg,no_yawn,validation,SIM_0794,success,298,210,402,268
D:\driver-drowsiness-detection\dataset\train\no_yawn\1359.jpg,d:\driver-drowsiness-detection\mouth_dataset\validation\no_yawn\1359.jpg,no_yawn,validation,SIM_0795,success,265,209,380,271
D:\driver-drowsiness-detection\dataset\train\no_yawn\1362.jpg,d:\driver-drowsiness-detection\mouth_dataset\validation\no_yawn\1362.jpg,no_yawn,validation,SIM_0795,success,278,220,383,279
D:\driver-drowsiness-detection\dataset\train\no_yawn\1363.jpg,d:\driver-drowsiness-detection\mouth_dataset\test\no_yawn\1363.jpg,no_yawn,test,SIM_0796,success,185,228,306,289
D:\driver-drowsiness-detection\dataset\train\no_yawn\1367.jpg,d:\driver-drowsiness-detection\mouth_dataset\train\no_yawn\1367.jpg,no_yawn,train,SIM_0797,success,276,220,381,278
D:\driver-drowsiness-detection\dataset\train\no_yawn\1368.jpg,d:\driver-drowsiness-detection\mouth_dataset\test\no_yawn\1368.jpg,no_yawn,test,SIM_0798,success,257,207,369,268
D:\driver-drowsiness-detection\dataset\train\no_yawn\1369.jpg,d:\driver-drowsiness-detection\mouth_dataset\validation\no_yawn\1369.jpg,no_yawn,validation,SIM_0795,success,300,222,398,277
D:\driver-drowsiness-detection\dataset\train\no_yawn\1370.jpg,d:\driver-drowsiness-detection\mouth_dataset\validation\no_yawn\1370.jpg,no_yawn,validation,SIM_0795,success,300,223,398,281
D:\driver-drowsiness-detection\dataset\train\no_yawn\1371.jpg,d:\driver-drowsiness-detection\mouth_dataset\train\no_yawn\1371.jpg,no_yawn,train,SIM_0799,success,285,211,386,271
D:\driver-drowsiness-detection\dataset\train\no_yawn\1374.jpg,d:\driver-drowsiness-detection\mouth_dataset\validation\no_yawn\1374.jpg,no_yawn,validation,SIM_0800,success,295,241,398,313
D:\driver-drowsiness-detection\dataset\train\no_yawn\1376.jpg,d:\driver-drowsiness-detection\mouth_dataset\train\no_yawn\1376.jpg,no_yawn,train,SIM_0801,success,297,264,392,308
D:\driver-drowsiness-detection\dataset\train\no_yawn\1378.jpg,d:\driver-drowsiness-detection\mouth_dataset\train\no_yawn\1378.jpg,no_yawn,train,SIM_0802,success,298,270,388,320
D:\driver-drowsiness-detection\dataset\train\no_yawn\141.jpg,d:\driver-drowsiness-detection\mouth_dataset\train\no_yawn\141.jpg,no_yawn,train,SIM_0803,success,132,254,256,330
D:\driver-drowsiness-detection\dataset\train\no_yawn\1411.jpg,d:\driver-drowsiness-detection\mouth_dataset\validation\no_yawn\1411.jpg,no_yawn,validation,SIM_0804,success,299,270,399,313
D:\driver-drowsiness-detection\dataset\train\no_yawn\1412.jpg,d:\driver-drowsiness-detection\mouth_dataset\validation\no_yawn\1412.jpg,no_yawn,validation,SIM_0804,success,296,266,400,311
D:\driver-drowsiness-detection\dataset\train\no_yawn\1413.jpg,d:\driver-drowsiness-detection\mouth_dataset\validation\no_yawn\1413.jpg,no_yawn,validation,SIM_0804,success,293,268,397,314
D:\driver-drowsiness-detection\dataset\train\no_yawn\142.jpg,d:\driver-drowsiness-detection\mouth_dataset\test\no_yawn\142.jpg,no_yawn,test,SIM_0805,success,169,244,285,321
D:\driver-drowsiness-detection\dataset\train\no_yawn\144.jpg,d:\driver-drowsiness-detection\mouth_dataset\train\no_yawn\144.jpg,no_yawn,train,SIM_0806,success,228,242,320,314
D:\driver-drowsiness-detection\dataset\train\no_yawn\1447.jpg,d:\driver-drowsiness-detection\mouth_dataset\train\no_yawn\1447.jpg,no_yawn,train,SIM_0807,success,397,251,483,304
D:\driver-drowsiness-detection\dataset\train\no_yawn\1448.jpg,d:\driver-drowsiness-detection\mouth_dataset\train\no_yawn\1448.jpg,no_yawn,train,SIM_0808,success,410,249,493,306
D:\driver-drowsiness-detection\dataset\train\no_yawn\1449.jpg,d:\driver-drowsiness-detection\mouth_dataset\train\no_yawn\1449.jpg,no_yawn,train,SIM_0808,success,401,252,488,305
D:\driver-drowsiness-detection\dataset\train\no_yawn\145.jpg,d:\driver-drowsiness-detection\mouth_dataset\train\no_yawn\145.jpg,no_yawn,train,SIM_0809,success,201,243,303,315
D:\driver-drowsiness-detection\dataset\train\no_yawn\1450.jpg,d:\driver-drowsiness-detection\mouth_dataset\train\no_yawn\1450.jpg,no_yawn,train,SIM_0807,success,381,257,480,309
D:\driver-drowsiness-detection\dataset\train\no_yawn\1451.jpg,d:\driver-drowsiness-detection\mouth_dataset\train\no_yawn\1451.jpg,no_yawn,train,SIM_0807,success,376,255,478,310
D:\driver-drowsiness-detection\dataset\train\no_yawn\1452.jpg,d:\driver-drowsiness-detection\mouth_dataset\train\no_yawn\1452.jpg,no_yawn,train,SIM_0810,success,378,246,476,295
D:\driver-drowsiness-detection\dataset\train\no_yawn\1459.jpg,d:\driver-drowsiness-detection\mouth_dataset\train\no_yawn\1459.jpg,no_yawn,train,SIM_0811,success,378,256,475,306
D:\driver-drowsiness-detection\dataset\train\no_yawn\146.jpg,d:\driver-drowsiness-detection\mouth_dataset\validation\no_yawn\146.jpg,no_yawn,validation,SIM_0812,success,185,247,294,317
D:\driver-drowsiness-detection\dataset\train\no_yawn\1460.jpg,d:\driver-drowsiness-detection\mouth_dataset\train\no_yawn\1460.jpg,no_yawn,train,SIM_0811,success,379,255,477,305
D:\driver-drowsiness-detection\dataset\train\no_yawn\1461.jpg,d:\driver-drowsiness-detection\mouth_dataset\train\no_yawn\1461.jpg,no_yawn,train,SIM_0813,success,358,255,465,310
D:\driver-drowsiness-detection\dataset\train\no_yawn\1462.jpg,d:\driver-drowsiness-detection\mouth_dataset\train\no_yawn\1462.jpg,no_yawn,train,SIM_0813,success,363,256,472,313
D:\driver-drowsiness-detection\dataset\train\no_yawn\1463.jpg,d:\driver-drowsiness-detection\mouth_dataset\train\no_yawn\1463.jpg,no_yawn,train,SIM_0814,success,409,253,500,308
D:\driver-drowsiness-detection\dataset\train\no_yawn\1464.jpg,d:\driver-drowsiness-detection\mouth_dataset\train\no_yawn\1464.jpg,no_yawn,train,SIM_0815,success,388,256,489,303
D:\driver-drowsiness-detection\dataset\train\no_yawn\147.jpg,d:\driver-drowsiness-detection\mouth_dataset\test\no_yawn\147.jpg,no_yawn,test,SIM_0805,success,167,247,283,318
D:\driver-drowsiness-detection\dataset\train\no_yawn\148.jpg,d:\driver-drowsiness-detection\mouth_dataset\train\no_yawn\148.jpg,no_yawn,train,SIM_0803,success,126,247,247,326
D:\driver-drowsiness-detection\dataset\train\no_yawn\1486.jpg,d:\driver-drowsiness-detection\mouth_dataset\test\no_yawn\1486.jpg,no_yawn,test,SIM_0816,success,336,289,445,359
D:\driver-drowsiness-detection\dataset\train\no_yawn\1487.jpg,d:\driver-drowsiness-detection\mouth_dataset\test\no_yawn\1487.jpg,no_yawn,test,SIM_0816,success,338,289,448,359
D:\driver-drowsiness-detection\dataset\train\no_yawn\149.jpg,d:\driver-drowsiness-detection\mouth_dataset\train\no_yawn\149.jpg,no_yawn,train,SIM_0817,success,116,250,234,326
D:\driver-drowsiness-detection\dataset\train\no_yawn\1492.jpg,d:\driver-drowsiness-detection\mouth_dataset\test\no_yawn\1492.jpg,no_yawn,test,SIM_0816,success,336,287,444,362
D:\driver-drowsiness-detection\dataset\train\no_yawn\1493.jpg,d:\driver-drowsiness-detection\mouth_dataset\test\no_yawn\1493.jpg,no_yawn,test,SIM_0816,success,337,289,446,357
D:\driver-drowsiness-detection\dataset\train\no_yawn\1496.jpg,d:\driver-drowsiness-detection\mouth_dataset\test\no_yawn\1496.jpg,no_yawn,test,SIM_0816,success,333,293,443,359
D:\driver-drowsiness-detection\dataset\train\no_yawn\1497.jpg,d:\driver-drowsiness-detection\mouth_dataset\test\no_yawn\1497.jpg,no_yawn,test,SIM_0816,success,330,294,440,356
D:\driver-drowsiness-detection\dataset\train\no_yawn\1498.jpg,d:\driver-drowsiness-detection\mouth_dataset\test\no_yawn\1498.jpg,no_yawn,test,SIM_0816,success,341,292,449,354
D:\driver-drowsiness-detection\dataset\train\no_yawn\1499.jpg,d:\driver-drowsiness-detection\mouth_dataset\test\no_yawn\1499.jpg,no_yawn,test,SIM_0816,success,342,292,449,357
D:\driver-drowsiness-detection\dataset\train\no_yawn\1500.jpg,d:\driver-drowsiness-detection\mouth_dataset\test\no_yawn\1500.jpg,no_yawn,test,SIM_0816,success,336,292,445,358
D:\driver-drowsiness-detection\dataset\train\no_yawn\1503.jpg,d:\driver-drowsiness-detection\mouth_dataset\train\no_yawn\1503.jpg,no_yawn,train,SIM_0818,success,333,270,442,335
D:\driver-drowsiness-detection\dataset\train\no_yawn\1507.jpg,d:\driver-drowsiness-detection\mouth_dataset\train\no_yawn\1507.jpg,no_yawn,train,SIM_0818,success,344,274,446,331
D:\driver-drowsiness-detection\dataset\train\no_yawn\1508.jpg,d:\driver-drowsiness-detection\mouth_dataset\train\no_yawn\1508.jpg,no_yawn,train,SIM_0818,success,336,275,442,336
D:\driver-drowsiness-detection\dataset\train\no_yawn\1509.jpg,d:\driver-drowsiness-detection\mouth_dataset\train\no_yawn\1509.jpg,no_yawn,train,SIM_0818,success,336,275,443,334
D:\driver-drowsiness-detection\dataset\train\no_yawn\1510.jpg,d:\driver-drowsiness-detection\mouth_dataset\train\no_yawn\1510.jpg,no_yawn,train,SIM_0818,success,332,275,441,337
D:\driver-drowsiness-detection\dataset\train\no_yawn\1532.jpg,d:\driver-drowsiness-detection\mouth_dataset\train\no_yawn\1532.jpg,no_yawn,train,SIM_0818,success,331,272,439,337
D:\driver-drowsiness-detection\dataset\train\no_yawn\1536.jpg,d:\driver-drowsiness-detection\mouth_dataset\train\no_yawn\1536.jpg,no_yawn,train,SIM_0819,success,263,298,383,360
D:\driver-drowsiness-detection\dataset\train\no_yawn\1537.jpg,d:\driver-drowsiness-detection\mouth_dataset\train\no_yawn\1537.jpg,no_yawn,train,SIM_0820,success,298,325,396,396
D:\driver-drowsiness-detection\dataset\train\no_yawn\1538.jpg,d:\driver-drowsiness-detection\mouth_dataset\train\no_yawn\1538.jpg,no_yawn,train,SIM_0821,success,276,313,380,391
D:\driver-drowsiness-detection\dataset\train\no_yawn\1541.jpg,d:\driver-drowsiness-detection\mouth_dataset\train\no_yawn\1541.jpg,no_yawn,train,SIM_0822,success,333,316,396,385
D:\driver-drowsiness-detection\dataset\train\no_yawn\1542.jpg,d:\driver-drowsiness-detection\mouth_dataset\train\no_yawn\1542.jpg,no_yawn,train,SIM_0822,success,333,318,398,387
D:\driver-drowsiness-detection\dataset\train\no_yawn\1543.jpg,d:\driver-drowsiness-detection\mouth_dataset\validation\no_yawn\1543.jpg,no_yawn,validation,SIM_0823,success,242,339,352,412
D:\driver-drowsiness-detection\dataset\train\no_yawn\1544.jpg,d:\driver-drowsiness-detection\mouth_dataset\train\no_yawn\1544.jpg,no_yawn,train,SIM_0824,success,130,321,291,415
D:\driver-drowsiness-detection\dataset\train\no_yawn\1558.jpg,,no_yawn,train,SIM_0825,mouth_landmarks_not_detected,,,,
D:\driver-drowsiness-detection\dataset\train\no_yawn\1559.jpg,,no_yawn,train,SIM_0826,mouth_landmarks_not_detected,,,,
D:\driver-drowsiness-detection\dataset\train\no_yawn\1561.jpg,d:\driver-drowsiness-detection\mouth_dataset\train\no_yawn\1561.jpg,no_yawn,train,SIM_0827,success,352,218,457,256
D:\driver-drowsiness-detection\dataset\train\no_yawn\1562.jpg,d:\driver-drowsiness-detection\mouth_dataset\train\no_yawn\1562.jpg,no_yawn,train,SIM_0828,success,349,224,450,266
D:\driver-drowsiness-detection\dataset\train\no_yawn\1566.jpg,d:\driver-drowsiness-detection\mouth_dataset\train\no_yawn\1566.jpg,no_yawn,train,SIM_0829,success,419,248,502,304
D:\driver-drowsiness-detection\dataset\train\no_yawn\1567.jpg,d:\driver-drowsiness-detection\mouth_dataset\train\no_yawn\1567.jpg,no_yawn,train,SIM_0830,success,384,253,483,291
D:\driver-drowsiness-detection\dataset\train\no_yawn\1570.jpg,d:\driver-drowsiness-detection\mouth_dataset\test\no_yawn\1570.jpg,no_yawn,test,SIM_0831,success,387,248,474,277
D:\driver-drowsiness-detection\dataset\train\no_yawn\1571.jpg,d:\driver-drowsiness-detection\mouth_dataset\train\no_yawn\1571.jpg,no_yawn,train,SIM_0832,success,399,269,488,301
D:\driver-drowsiness-detection\dataset\train\no_yawn\1572.jpg,d:\driver-drowsiness-detection\mouth_dataset\train\no_yawn\1572.jpg,no_yawn,train,SIM_0833,success,409,270,492,314
D:\driver-drowsiness-detection\dataset\train\no_yawn\1573.jpg,d:\driver-drowsiness-detection\mouth_dataset\test\no_yawn\1573.jpg,no_yawn,test,SIM_0834,success,400,258,489,299
D:\driver-drowsiness-detection\dataset\train\no_yawn\1574.jpg,d:\driver-drowsiness-detection\mouth_dataset\test\no_yawn\1574.jpg,no_yawn,test,SIM_0834,success,406,262,492,292
D:\driver-drowsiness-detection\dataset\train\no_yawn\1576.jpg,d:\driver-drowsiness-detection\mouth_dataset\train\no_yawn\1576.jpg,no_yawn,train,SIM_0835,success,398,257,488,292
D:\driver-drowsiness-detection\dataset\train\no_yawn\1592.jpg,d:\driver-drowsiness-detection\mouth_dataset\test\no_yawn\1592.jpg,no_yawn,test,SIM_0836,success,336,316,456,368
D:\driver-drowsiness-detection\dataset\train\no_yawn\1593.jpg,d:\driver-drowsiness-detection\mouth_dataset\train\no_yawn\1593.jpg,no_yawn,train,SIM_0837,success,354,313,455,374
D:\driver-drowsiness-detection\dataset\train\no_yawn\1594.jpg,d:\driver-drowsiness-detection\mouth_dataset\train\no_yawn\1594.jpg,no_yawn,train,SIM_0837,success,351,323,457,368
D:\driver-drowsiness-detection\dataset\train\no_yawn\1596.jpg,d:\driver-drowsiness-detection\mouth_dataset\test\no_yawn\1596.jpg,no_yawn,test,SIM_0838,success,290,328,420,374
D:\driver-drowsiness-detection\dataset\train\no_yawn\1597.jpg,d:\driver-drowsiness-detection\mouth_dataset\train\no_yawn\1597.jpg,no_yawn,train,SIM_0839,success,341,315,458,368
D:\driver-drowsiness-detection\dataset\train\no_yawn\1598.jpg,d:\driver-drowsiness-detection\mouth_dataset\train\no_yawn\1598.jpg,no_yawn,train,SIM_0840,success,349,320,460,370
D:\driver-drowsiness-detection\dataset\train\no_yawn\1599.jpg,d:\driver-drowsiness-detection\mouth_dataset\train\no_yawn\1599.jpg,no_yawn,train,SIM_0841,success,375,319,471,365
D:\driver-drowsiness-detection\dataset\train\no_yawn\1600.jpg,d:\driver-drowsiness-detection\mouth_dataset\train\no_yawn\1600.jpg,no_yawn,train,SIM_0842,success,344,316,459,373
D:\driver-drowsiness-detection\dataset\train\no_yawn\1611.jpg,d:\driver-drowsiness-detection\mouth_dataset\train\no_yawn\1611.jpg,no_yawn,train,SIM_0843,success,341,317,463,371
D:\driver-drowsiness-detection\dataset\train\no_yawn\1627.jpg,d:\driver-drowsiness-detection\mouth_dataset\validation\no_yawn\1627.jpg,no_yawn,validation,SIM_0844,success,311,287,403,321
D:\driver-drowsiness-detection\dataset\train\no_yawn\1629.jpg,d:\driver-drowsiness-detection\mouth_dataset\train\no_yawn\1629.jpg,no_yawn,train,SIM_0845,success,315,288,406,323
D:\driver-drowsiness-detection\dataset\train\no_yawn\1630.jpg,d:\driver-drowsiness-detection\mouth_dataset\train\no_yawn\1630.jpg,no_yawn,train,SIM_0846,success,312,288,402,324
D:\driver-drowsiness-detection\dataset\train\no_yawn\1641.jpg,d:\driver-drowsiness-detection\mouth_dataset\validation\no_yawn\1641.jpg,no_yawn,validation,SIM_0844,success,311,286,403,320
D:\driver-drowsiness-detection\dataset\train\no_yawn\1642.jpg,d:\driver-drowsiness-detection\mouth_dataset\train\no_yawn\1642.jpg,no_yawn,train,SIM_0846,success,310,287,400,323
D:\driver-drowsiness-detection\dataset\train\no_yawn\1643.jpg,d:\driver-drowsiness-detection\mouth_dataset\validation\no_yawn\1643.jpg,no_yawn,validation,SIM_0844,success,313,282,402,315
D:\driver-drowsiness-detection\dataset\train\no_yawn\1647.jpg,d:\driver-drowsiness-detection\mouth_dataset\validation\no_yawn\1647.jpg,no_yawn,validation,SIM_0847,success,287,286,384,325
D:\driver-drowsiness-detection\dataset\train\no_yawn\1648.jpg,d:\driver-drowsiness-detection\mouth_dataset\validation\no_yawn\1648.jpg,no_yawn,validation,SIM_0848,success,273,315,398,390
D:\driver-drowsiness-detection\dataset\train\no_yawn\1651.jpg,d:\driver-drowsiness-detection\mouth_dataset\train\no_yawn\1651.jpg,no_yawn,train,SIM_0849,success,298,280,407,317
D:\driver-drowsiness-detection\dataset\train\no_yawn\1652.jpg,d:\driver-drowsiness-detection\mouth_dataset\train\no_yawn\1652.jpg,no_yawn,train,SIM_0850,success,327,287,427,323
D:\driver-drowsiness-detection\dataset\train\no_yawn\1653.jpg,d:\driver-drowsiness-detection\mouth_dataset\train\no_yawn\1653.jpg,no_yawn,train,SIM_0851,success,339,300,433,339
D:\driver-drowsiness-detection\dataset\train\no_yawn\1686.jpg,d:\driver-drowsiness-detection\mouth_dataset\validation\no_yawn\1686.jpg,no_yawn,validation,SIM_0852,success,270,255,369,298
D:\driver-drowsiness-detection\dataset\train\no_yawn\1689.jpg,d:\driver-drowsiness-detection\mouth_dataset\validation\no_yawn\1689.jpg,no_yawn,validation,SIM_0852,success,263,243,367,293
D:\driver-drowsiness-detection\dataset\train\no_yawn\1690.jpg,d:\driver-drowsiness-detection\mouth_dataset\validation\no_yawn\1690.jpg,no_yawn,validation,SIM_0852,success,250,251,362,296
D:\driver-drowsiness-detection\dataset\train\no_yawn\1701.jpg,d:\driver-drowsiness-detection\mouth_dataset\train\no_yawn\1701.jpg,no_yawn,train,SIM_0853,success,216,246,334,294
D:\driver-drowsiness-detection\dataset\train\no_yawn\1703.jpg,d:\driver-drowsiness-detection\mouth_dataset\test\no_yawn\1703.jpg,no_yawn,test,SIM_0854,success,255,244,361,293
D:\driver-drowsiness-detection\dataset\train\no_yawn\1706.jpg,d:\driver-drowsiness-detection\mouth_dataset\test\no_yawn\1706.jpg,no_yawn,test,SIM_0855,success,312,285,438,360
D:\driver-drowsiness-detection\dataset\train\no_yawn\1707.jpg,d:\driver-drowsiness-detection\mouth_dataset\train\no_yawn\1707.jpg,no_yawn,train,SIM_0856,success,347,282,462,341
D:\driver-drowsiness-detection\dataset\train\no_yawn\1708.jpg,d:\driver-drowsiness-detection\mouth_dataset\train\no_yawn\1708.jpg,no_yawn,train,SIM_0857,success,343,285,454,346
D:\driver-drowsiness-detection\dataset\train\no_yawn\1711.jpg,d:\driver-drowsiness-detection\mouth_dataset\train\no_yawn\1711.jpg,no_yawn,train,SIM_0858,success,348,289,454,362
D:\driver-drowsiness-detection\dataset\train\no_yawn\1712.jpg,d:\driver-drowsiness-detection\mouth_dataset\train\no_yawn\1712.jpg,no_yawn,train,SIM_0858,success,345,288,451,361
D:\driver-drowsiness-detection\dataset\train\no_yawn\1714.jpg,d:\driver-drowsiness-detection\mouth_dataset\validation\no_yawn\1714.jpg,no_yawn,validation,SIM_0859,success,332,280,435,340
D:\driver-drowsiness-detection\dataset\train\no_yawn\1736.jpg,d:\driver-drowsiness-detection\mouth_dataset\train\no_yawn\1736.jpg,no_yawn,train,SIM_0860,success,428,324,505,369
D:\driver-drowsiness-detection\dataset\train\no_yawn\1738.jpg,d:\driver-drowsiness-detection\mouth_dataset\test\no_yawn\1738.jpg,no_yawn,test,SIM_0861,success,327,309,448,354
D:\driver-drowsiness-detection\dataset\train\no_yawn\174.jpg,d:\driver-drowsiness-detection\mouth_dataset\train\no_yawn\174.jpg,no_yawn,train,SIM_0862,success,212,213,316,261
D:\driver-drowsiness-detection\dataset\train\no_yawn\1740.jpg,d:\driver-drowsiness-detection\mouth_dataset\train\no_yawn\1740.jpg,no_yawn,train,SIM_0863,success,372,326,474,372
D:\driver-drowsiness-detection\dataset\train\no_yawn\175.jpg,d:\driver-drowsiness-detection\mouth_dataset\train\no_yawn\175.jpg,no_yawn,train,SIM_0862,success,214,213,320,263
D:\driver-drowsiness-detection\dataset\train\no_yawn\176.jpg,d:\driver-drowsiness-detection\mouth_dataset\test\no_yawn\176.jpg,no_yawn,test,SIM_0864,success,291,216,356,271
D:\driver-drowsiness-detection\dataset\train\no_yawn\1763.jpg,d:\driver-drowsiness-detection\mouth_dataset\validation\no_yawn\1763.jpg,no_yawn,validation,SIM_0865,success,328,290,435,347
D:\driver-drowsiness-detection\dataset\train\no_yawn\1764.jpg,d:\driver-drowsiness-detection\mouth_dataset\train\no_yawn\1764.jpg,no_yawn,train,SIM_0866,success,318,292,433,350
D:\driver-drowsiness-detection\dataset\train\no_yawn\1766.jpg,d:\driver-drowsiness-detection\mouth_dataset\train\no_yawn\1766.jpg,no_yawn,train,SIM_0866,success,315,296,429,349
D:\driver-drowsiness-detection\dataset\train\no_yawn\1767.jpg,d:\driver-drowsiness-detection\mouth_dataset\train\no_yawn\1767.jpg,no_yawn,train,SIM_0867,success,315,304,428,359
D:\driver-drowsiness-detection\dataset\train\no_yawn\1768.jpg,d:\driver-drowsiness-detection\mouth_dataset\train\no_yawn\1768.jpg,no_yawn,train,SIM_0868,success,313,301,430,357
D:\driver-drowsiness-detection\dataset\train\no_yawn\1769.jpg,d:\driver-drowsiness-detection\mouth_dataset\train\no_yawn\1769.jpg,no_yawn,train,SIM_0868,success,321,308,435,363
D:\driver-drowsiness-detection\dataset\train\no_yawn\177.jpg,d:\driver-drowsiness-detection\mouth_dataset\validation\no_yawn\177.jpg,no_yawn,validation,SIM_0869,success,289,213,357,271
D:\driver-drowsiness-detection\dataset\train\no_yawn\1771.jpg,d:\driver-drowsiness-detection\mouth_dataset\train\no_yawn\1771.jpg,no_yawn,train,SIM_0868,success,309,296,426,361
D:\driver-drowsiness-detection\dataset\train\no_yawn\1777.jpg,d:\driver-drowsiness-detection\mouth_dataset\train\no_yawn\1777.jpg,no_yawn,train,SIM_0868,success,326,294,439,364
D:\driver-drowsiness-detection\dataset\train\no_yawn\1778.jpg,d:\driver-drowsiness-detection\mouth_dataset\train\no_yawn\1778.jpg,no_yawn,train,SIM_0868,success,316,298,431,352
D:\driver-drowsiness-detection\dataset\train\no_yawn\1779.jpg,d:\driver-drowsiness-detection\mouth_dataset\train\no_yawn\1779.jpg,no_yawn,train,SIM_0868,success,324,308,431,358
D:\driver-drowsiness-detection\dataset\train\no_yawn\1780.jpg,d:\driver-drowsiness-detection\mouth_dataset\train\no_yawn\1780.jpg,no_yawn,train,SIM_0868,success,320,301,432,356
D:\driver-drowsiness-detection\dataset\train\no_yawn\1781.jpg,d:\driver-drowsiness-detection\mouth_dataset\train\no_yawn\1781.jpg,no_yawn,train,SIM_0868,success,317,304,432,358
D:\driver-drowsiness-detection\dataset\train\no_yawn\1782.jpg,d:\driver-drowsiness-detection\mouth_dataset\train\no_yawn\1782.jpg,no_yawn,train,SIM_0870,success,422,302,528,351
D:\driver-drowsiness-detection\dataset\train\no_yawn\1783.jpg,d:\driver-drowsiness-detection\mouth_dataset\test\no_yawn\1783.jpg,no_yawn,test,SIM_0871,success,411,297,519,361
D:\driver-drowsiness-detection\dataset\train\no_yawn\1784.jpg,d:\driver-drowsiness-detection\mouth_dataset\train\no_yawn\1784.jpg,no_yawn,train,SIM_0872,success,420,301,519,362
D:\driver-drowsiness-detection\dataset\train\no_yawn\1788.jpg,d:\driver-drowsiness-detection\mouth_dataset\train\no_yawn\1788.jpg,no_yawn,train,SIM_0873,success,481,281,564,334
D:\driver-drowsiness-detection\dataset\train\no_yawn\179.jpg,d:\driver-drowsiness-detection\mouth_dataset\train\no_yawn\179.jpg,no_yawn,train,SIM_0874,success,295,213,353,264
D:\driver-drowsiness-detection\dataset\train\no_yawn\1802.jpg,d:\driver-drowsiness-detection\mouth_dataset\train\no_yawn\1802.jpg,no_yawn,train,SIM_0875,success,510,286,585,333
D:\driver-drowsiness-detection\dataset\train\no_yawn\1803.jpg,d:\driver-drowsiness-detection\mouth_dataset\train\no_yawn\1803.jpg,no_yawn,train,SIM_0876,success,415,290,521,358
D:\driver-drowsiness-detection\dataset\train\no_yawn\1804.jpg,d:\driver-drowsiness-detection\mouth_dataset\test\no_yawn\1804.jpg,no_yawn,test,SIM_0877,success,419,291,523,353
D:\driver-drowsiness-detection\dataset\train\no_yawn\1816.jpg,d:\driver-drowsiness-detection\mouth_dataset\test\no_yawn\1816.jpg,no_yawn,test,SIM_0878,success,399,265,475,319
D:\driver-drowsiness-detection\dataset\train\no_yawn\1817.jpg,d:\driver-drowsiness-detection\mouth_dataset\test\no_yawn\1817.jpg,no_yawn,test,SIM_0879,success,333,241,439,298
D:\driver-drowsiness-detection\dataset\train\no_yawn\1820.jpg,d:\driver-drowsiness-detection\mouth_dataset\train\no_yawn\1820.jpg,no_yawn,train,SIM_0880,success,382,256,465,314
D:\driver-drowsiness-detection\dataset\train\no_yawn\1851.jpg,d:\driver-drowsiness-detection\mouth_dataset\test\no_yawn\1851.jpg,no_yawn,test,SIM_0881,success,340,254,443,307
D:\driver-drowsiness-detection\dataset\train\no_yawn\1852.jpg,d:\driver-drowsiness-detection\mouth_dataset\train\no_yawn\1852.jpg,no_yawn,train,SIM_0882,success,328,247,439,301
D:\driver-drowsiness-detection\dataset\train\no_yawn\1856.jpg,d:\driver-drowsiness-detection\mouth_dataset\train\no_yawn\1856.jpg,no_yawn,train,SIM_0883,success,336,248,435,300
D:\driver-drowsiness-detection\dataset\train\no_yawn\1857.jpg,d:\driver-drowsiness-detection\mouth_dataset\train\no_yawn\1857.jpg,no_yawn,train,SIM_0884,success,314,248,428,300
D:\driver-drowsiness-detection\dataset\train\no_yawn\1859.jpg,d:\driver-drowsiness-detection\mouth_dataset\validation\no_yawn\1859.jpg,no_yawn,validation,SIM_0885,success,339,252,437,325
D:\driver-drowsiness-detection\dataset\train\no_yawn\1862.jpg,d:\driver-drowsiness-detection\mouth_dataset\validation\no_yawn\1862.jpg,no_yawn,validation,SIM_0886,success,371,262,473,315
D:\driver-drowsiness-detection\dataset\train\no_yawn\1863.jpg,d:\driver-drowsiness-detection\mouth_dataset\train\no_yawn\1863.jpg,no_yawn,train,SIM_0887,success,375,273,471,324
D:\driver-drowsiness-detection\dataset\train\no_yawn\1864.jpg,d:\driver-drowsiness-detection\mouth_dataset\train\no_yawn\1864.jpg,no_yawn,train,SIM_0888,success,389,272,483,323
D:\driver-drowsiness-detection\dataset\train\no_yawn\1866.jpg,d:\driver-drowsiness-detection\mouth_dataset\train\no_yawn\1866.jpg,no_yawn,train,SIM_0889,success,442,249,512,298
D:\driver-drowsiness-detection\dataset\train\no_yawn\1867.jpg,d:\driver-drowsiness-detection\mouth_dataset\train\no_yawn\1867.jpg,no_yawn,train,SIM_0890,success,396,261,486,308
D:\driver-drowsiness-detection\dataset\train\no_yawn\1870.jpg,d:\driver-drowsiness-detection\mouth_dataset\train\no_yawn\1870.jpg,no_yawn,train,SIM_0891,success,385,272,482,323
D:\driver-drowsiness-detection\dataset\train\no_yawn\1871.jpg,d:\driver-drowsiness-detection\mouth_dataset\train\no_yawn\1871.jpg,no_yawn,train,SIM_0892,success,395,260,489,311
D:\driver-drowsiness-detection\dataset\train\no_yawn\1874.jpg,d:\driver-drowsiness-detection\mouth_dataset\train\no_yawn\1874.jpg,no_yawn,train,SIM_0893,success,374,264,472,313
D:\driver-drowsiness-detection\dataset\train\no_yawn\1876.jpg,d:\driver-drowsiness-detection\mouth_dataset\train\no_yawn\1876.jpg,no_yawn,train,SIM_0894,success,440,256,524,299
D:\driver-drowsiness-detection\dataset\train\no_yawn\1878.jpg,d:\driver-drowsiness-detection\mouth_dataset\validation\no_yawn\1878.jpg,no_yawn,validation,SIM_0895,success,396,261,493,307
D:\driver-drowsiness-detection\dataset\train\no_yawn\1879.jpg,d:\driver-drowsiness-detection\mouth_dataset\train\no_yawn\1879.jpg,no_yawn,train,SIM_0896,success,388,278,487,331
D:\driver-drowsiness-detection\dataset\train\no_yawn\1880.jpg,d:\driver-drowsiness-detection\mouth_dataset\test\no_yawn\1880.jpg,no_yawn,test,SIM_0897,success,381,273,482,324
D:\driver-drowsiness-detection\dataset\train\no_yawn\1891.jpg,d:\driver-drowsiness-detection\mouth_dataset\validation\no_yawn\1891.jpg,no_yawn,validation,SIM_0898,success,367,262,487,338
D:\driver-drowsiness-detection\dataset\train\no_yawn\1893.jpg,d:\driver-drowsiness-detection\mouth_dataset\train\no_yawn\1893.jpg,no_yawn,train,SIM_0899,success,340,282,475,367
D:\driver-drowsiness-detection\dataset\train\no_yawn\1897.jpg,d:\driver-drowsiness-detection\mouth_dataset\validation\no_yawn\1897.jpg,no_yawn,validation,SIM_0900,success,363,286,498,368
D:\driver-drowsiness-detection\dataset\train\no_yawn\1898.jpg,d:\driver-drowsiness-detection\mouth_dataset\train\no_yawn\1898.jpg,no_yawn,train,SIM_0901,success,359,265,489,350
D:\driver-drowsiness-detection\dataset\train\no_yawn\1899.jpg,d:\driver-drowsiness-detection\mouth_dataset\train\no_yawn\1899.jpg,no_yawn,train,SIM_0902,success,367,247,490,322
D:\driver-drowsiness-detection\dataset\train\no_yawn\1900.jpg,d:\driver-drowsiness-detection\mouth_dataset\train\no_yawn\1900.jpg,no_yawn,train,SIM_0903,success,372,256,498,337
D:\driver-drowsiness-detection\dataset\train\no_yawn\1911.jpg,d:\driver-drowsiness-detection\mouth_dataset\train\no_yawn\1911.jpg,no_yawn,train,SIM_0904,success,327,282,432,324
D:\driver-drowsiness-detection\dataset\train\no_yawn\1913.jpg,d:\driver-drowsiness-detection\mouth_dataset\train\no_yawn\1913.jpg,no_yawn,train,SIM_0905,success,303,267,419,310
D:\driver-drowsiness-detection\dataset\train\no_yawn\1914.jpg,d:\driver-drowsiness-detection\mouth_dataset\train\no_yawn\1914.jpg,no_yawn,train,SIM_0906,success,305,277,418,317
D:\driver-drowsiness-detection\dataset\train\no_yawn\1916.jpg,d:\driver-drowsiness-detection\mouth_dataset\train\no_yawn\1916.jpg,no_yawn,train,SIM_0907,success,327,292,433,329
D:\driver-drowsiness-detection\dataset\train\no_yawn\1931.jpg,d:\driver-drowsiness-detection\mouth_dataset\train\no_yawn\1931.jpg,no_yawn,train,SIM_0908,success,296,303,404,344
D:\driver-drowsiness-detection\dataset\train\no_yawn\1932.jpg,d:\driver-drowsiness-detection\mouth_dataset\train\no_yawn\1932.jpg,no_yawn,train,SIM_0909,success,339,251,477,300
D:\driver-drowsiness-detection\dataset\train\no_yawn\1933.jpg,d:\driver-drowsiness-detection\mouth_dataset\train\no_yawn\1933.jpg,no_yawn,train,SIM_0910,success,358,219,480,272
D:\driver-drowsiness-detection\dataset\train\no_yawn\1934.jpg,d:\driver-drowsiness-detection\mouth_dataset\train\no_yawn\1934.jpg,no_yawn,train,SIM_0911,success,369,232,484,281
D:\driver-drowsiness-detection\dataset\train\no_yawn\1936.jpg,d:\driver-drowsiness-detection\mouth_dataset\train\no_yawn\1936.jpg,no_yawn,train,SIM_0912,success,366,229,476,280
D:\driver-drowsiness-detection\dataset\train\no_yawn\1937.jpg,d:\driver-drowsiness-detection\mouth_dataset\train\no_yawn\1937.jpg,no_yawn,train,SIM_0913,success,367,215,475,273
D:\driver-drowsiness-detection\dataset\train\no_yawn\1938.jpg,d:\driver-drowsiness-detection\mouth_dataset\train\no_yawn\1938.jpg,no_yawn,train,SIM_0914,success,368,221,473,282
D:\driver-drowsiness-detection\dataset\train\no_yawn\1942.jpg,d:\driver-drowsiness-detection\mouth_dataset\train\no_yawn\1942.jpg,no_yawn,train,SIM_0915,success,374,230,486,282
D:\driver-drowsiness-detection\dataset\train\no_yawn\1946.jpg,d:\driver-drowsiness-detection\mouth_dataset\train\no_yawn\1946.jpg,no_yawn,train,SIM_0916,success,371,227,483,289
D:\driver-drowsiness-detection\dataset\train\no_yawn\1947.jpg,d:\driver-drowsiness-detection\mouth_dataset\train\no_yawn\1947.jpg,no_yawn,train,SIM_0916,success,373,228,487,286
D:\driver-drowsiness-detection\dataset\train\no_yawn\1948.jpg,d:\driver-drowsiness-detection\mouth_dataset\train\no_yawn\1948.jpg,no_yawn,train,SIM_0917,success,370,233,486,287
D:\driver-drowsiness-detection\dataset\train\no_yawn\1949.jpg,d:\driver-drowsiness-detection\mouth_dataset\validation\no_yawn\1949.jpg,no_yawn,validation,SIM_0918,success,374,217,486,278
D:\driver-drowsiness-detection\dataset\train\no_yawn\1950.jpg,d:\driver-drowsiness-detection\mouth_dataset\validation\no_yawn\1950.jpg,no_yawn,validation,SIM_0919,success,372,233,476,293
D:\driver-drowsiness-detection\dataset\train\no_yawn\1963.jpg,d:\driver-drowsiness-detection\mouth_dataset\train\no_yawn\1963.jpg,no_yawn,train,SIM_0920,success,466,272,535,314
D:\driver-drowsiness-detection\dataset\train\no_yawn\1964.jpg,d:\driver-drowsiness-detection\mouth_dataset\test\no_yawn\1964.jpg,no_yawn,test,SIM_0921,success,401,228,515,284
D:\driver-drowsiness-detection\dataset\train\no_yawn\1966.jpg,d:\driver-drowsiness-detection\mouth_dataset\train\no_yawn\1966.jpg,no_yawn,train,SIM_0922,success,403,229,513,276
D:\driver-drowsiness-detection\dataset\train\no_yawn\1967.jpg,d:\driver-drowsiness-detection\mouth_dataset\train\no_yawn\1967.jpg,no_yawn,train,SIM_0922,success,408,232,515,278
D:\driver-drowsiness-detection\dataset\train\no_yawn\1981.jpg,d:\driver-drowsiness-detection\mouth_dataset\train\no_yawn\1981.jpg,no_yawn,train,SIM_0923,success,377,298,472,374
D:\driver-drowsiness-detection\dataset\train\no_yawn\1982.jpg,d:\driver-drowsiness-detection\mouth_dataset\train\no_yawn\1982.jpg,no_yawn,train,SIM_0924,success,302,289,441,373
D:\driver-drowsiness-detection\dataset\train\no_yawn\1986.jpg,d:\driver-drowsiness-detection\mouth_dataset\validation\no_yawn\1986.jpg,no_yawn,validation,SIM_0925,success,318,287,451,367
D:\driver-drowsiness-detection\dataset\train\no_yawn\1987.jpg,d:\driver-drowsiness-detection\mouth_dataset\validation\no_yawn\1987.jpg,no_yawn,validation,SIM_0925,success,327,291,454,365
D:\driver-drowsiness-detection\dataset\train\no_yawn\1988.jpg,d:\driver-drowsiness-detection\mouth_dataset\validation\no_yawn\1988.jpg,no_yawn,validation,SIM_0925,success,317,283,451,366
D:\driver-drowsiness-detection\dataset\train\no_yawn\1989.jpg,d:\driver-drowsiness-detection\mouth_dataset\train\no_yawn\1989.jpg,no_yawn,train,SIM_0926,success,310,282,445,368
D:\driver-drowsiness-detection\dataset\train\no_yawn\1990.jpg,d:\driver-drowsiness-detection\mouth_dataset\train\no_yawn\1990.jpg,no_yawn,train,SIM_0924,success,307,282,444,368
D:\driver-drowsiness-detection\dataset\train\no_yawn\2.jpg,d:\driver-drowsiness-detection\mouth_dataset\train\no_yawn\2.jpg,no_yawn,train,SIM_0727,success,369,262,482,326
D:\driver-drowsiness-detection\dataset\train\no_yawn\2001.jpg,d:\driver-drowsiness-detection\mouth_dataset\train\no_yawn\2001.jpg,no_yawn,train,SIM_0927,success,297,262,452,362
D:\driver-drowsiness-detection\dataset\train\no_yawn\2004.jpg,d:\driver-drowsiness-detection\mouth_dataset\train\no_yawn\2004.jpg,no_yawn,train,SIM_0927,success,297,264,452,363
D:\driver-drowsiness-detection\dataset\train\no_yawn\2008.jpg,d:\driver-drowsiness-detection\mouth_dataset\train\no_yawn\2008.jpg,no_yawn,train,SIM_0928,success,364,250,481,312
D:\driver-drowsiness-detection\dataset\train\no_yawn\2009.jpg,d:\driver-drowsiness-detection\mouth_dataset\train\no_yawn\2009.jpg,no_yawn,train,SIM_0928,success,359,249,484,317
D:\driver-drowsiness-detection\dataset\train\no_yawn\201.jpg,d:\driver-drowsiness-detection\mouth_dataset\validation\no_yawn\201.jpg,no_yawn,validation,SIM_0929,success,281,277,358,310
D:\driver-drowsiness-detection\dataset\train\no_yawn\2010.jpg,d:\driver-drowsiness-detection\mouth_dataset\train\no_yawn\2010.jpg,no_yawn,train,SIM_0930,success,324,242,463,315
D:\driver-drowsiness-detection\dataset\train\no_yawn\2011.jpg,d:\driver-drowsiness-detection\mouth_dataset\train\no_yawn\2011.jpg,no_yawn,train,SIM_0931,success,361,258,482,317
D:\driver-drowsiness-detection\dataset\train\no_yawn\2012.jpg,d:\driver-drowsiness-detection\mouth_dataset\train\no_yawn\2012.jpg,no_yawn,train,SIM_0931,success,337,248,471,317
D:\driver-drowsiness-detection\dataset\train\no_yawn\2013.jpg,d:\driver-drowsiness-detection\mouth_dataset\train\no_yawn\2013.jpg,no_yawn,train,SIM_0931,success,367,249,482,314
D:\driver-drowsiness-detection\dataset\train\no_yawn\2014.jpg,d:\driver-drowsiness-detection\mouth_dataset\train\no_yawn\2014.jpg,no_yawn,train,SIM_0931,success,368,254,481,302
D:\driver-drowsiness-detection\dataset\train\no_yawn\2016.jpg,d:\driver-drowsiness-detection\mouth_dataset\train\no_yawn\2016.jpg,no_yawn,train,SIM_0931,success,370,257,487,318
D:\driver-drowsiness-detection\dataset\train\no_yawn\202.jpg,d:\driver-drowsiness-detection\mouth_dataset\validation\no_yawn\202.jpg,no_yawn,validation,SIM_0929,success,279,274,356,306
D:\driver-drowsiness-detection\dataset\train\no_yawn\2031.jpg,d:\driver-drowsiness-detection\mouth_dataset\train\no_yawn\2031.jpg,no_yawn,train,SIM_0931,success,369,255,485,327
D:\driver-drowsiness-detection\dataset\train\no_yawn\2032.jpg,d:\driver-drowsiness-detection\mouth_dataset\train\no_yawn\2032.jpg,no_yawn,train,SIM_0932,success,367,251,483,315
D:\driver-drowsiness-detection\dataset\train\no_yawn\2033.jpg,d:\driver-drowsiness-detection\mouth_dataset\train\no_yawn\2033.jpg,no_yawn,train,SIM_0932,success,387,244,492,303
D:\driver-drowsiness-detection\dataset\train\no_yawn\2034.jpg,d:\driver-drowsiness-detection\mouth_dataset\train\no_yawn\2034.jpg,no_yawn,train,SIM_0932,success,383,242,492,306
D:\driver-drowsiness-detection\dataset\train\no_yawn\205.jpg,d:\driver-drowsiness-detection\mouth_dataset\validation\no_yawn\205.jpg,no_yawn,validation,SIM_0929,success,283,272,360,305
D:\driver-drowsiness-detection\dataset\train\no_yawn\2056.jpg,d:\driver-drowsiness-detection\mouth_dataset\train\no_yawn\2056.jpg,no_yawn,train,SIM_0933,success,271,202,372,233
D:\driver-drowsiness-detection\dataset\train\no_yawn\2057.jpg,d:\driver-drowsiness-detection\mouth_dataset\train\no_yawn\2057.jpg,no_yawn,train,SIM_0933,success,272,200,374,236
D:\driver-drowsiness-detection\dataset\train\no_yawn\2058.jpg,d:\driver-drowsiness-detection\mouth_dataset\validation\no_yawn\2058.jpg,no_yawn,validation,SIM_0934,success,327,194,400,248
D:\driver-drowsiness-detection\dataset\train\no_yawn\2059.jpg,d:\driver-drowsiness-detection\mouth_dataset\train\no_yawn\2059.jpg,no_yawn,train,SIM_0935,success,314,192,399,246
D:\driver-drowsiness-detection\dataset\train\no_yawn\206.jpg,d:\driver-drowsiness-detection\mouth_dataset\validation\no_yawn\206.jpg,no_yawn,validation,SIM_0929,success,284,271,361,306
D:\driver-drowsiness-detection\dataset\train\no_yawn\2062.jpg,d:\driver-drowsiness-detection\mouth_dataset\train\no_yawn\2062.jpg,no_yawn,train,SIM_0936,success,274,201,372,230
D:\driver-drowsiness-detection\dataset\train\no_yawn\2066.jpg,d:\driver-drowsiness-detection\mouth_dataset\validation\no_yawn\2066.jpg,no_yawn,validation,SIM_0937,success,390,237,500,312
D:\driver-drowsiness-detection\dataset\train\no_yawn\2067.jpg,d:\driver-drowsiness-detection\mouth_dataset\validation\no_yawn\2067.jpg,no_yawn,validation,SIM_0937,success,391,236,502,313
D:\driver-drowsiness-detection\dataset\train\no_yawn\2068.jpg,d:\driver-drowsiness-detection\mouth_dataset\validation\no_yawn\2068.jpg,no_yawn,validation,SIM_0937,success,390,235,500,314
D:\driver-drowsiness-detection\dataset\train\no_yawn\2069.jpg,d:\driver-drowsiness-detection\mouth_dataset\validation\no_yawn\2069.jpg,no_yawn,validation,SIM_0937,success,392,236,500,312
D:\driver-drowsiness-detection\dataset\train\no_yawn\2070.jpg,d:\driver-drowsiness-detection\mouth_dataset\validation\no_yawn\2070.jpg,no_yawn,validation,SIM_0937,success,391,236,501,312
D:\driver-drowsiness-detection\dataset\train\no_yawn\2071.jpg,d:\driver-drowsiness-detection\mouth_dataset\validation\no_yawn\2071.jpg,no_yawn,validation,SIM_0937,success,389,238,499,313
D:\driver-drowsiness-detection\dataset\train\no_yawn\2074.jpg,d:\driver-drowsiness-detection\mouth_dataset\validation\no_yawn\2074.jpg,no_yawn,validation,SIM_0937,success,389,238,498,313
D:\driver-drowsiness-detection\dataset\train\no_yawn\208.jpg,d:\driver-drowsiness-detection\mouth_dataset\train\no_yawn\208.jpg,no_yawn,train,SIM_0938,success,294,268,363,301
D:\driver-drowsiness-detection\dataset\train\no_yawn\2086.jpg,d:\driver-drowsiness-detection\mouth_dataset\train\no_yawn\2086.jpg,no_yawn,train,SIM_0939,success,354,256,439,299
D:\driver-drowsiness-detection\dataset\train\no_yawn\2087.jpg,d:\driver-drowsiness-detection\mouth_dataset\train\no_yawn\2087.jpg,no_yawn,train,SIM_0940,success,349,256,439,299
D:\driver-drowsiness-detection\dataset\train\no_yawn\209.jpg,d:\driver-drowsiness-detection\mouth_dataset\train\no_yawn\209.jpg,no_yawn,train,SIM_0941,success,297,246,382,277
D:\driver-drowsiness-detection\dataset\train\no_yawn\2090.jpg,d:\driver-drowsiness-detection\mouth_dataset\train\no_yawn\2090.jpg,no_yawn,train,SIM_0940,success,341,254,434,301
D:\driver-drowsiness-detection\dataset\train\no_yawn\2091.jpg,d:\driver-drowsiness-detection\mouth_dataset\train\no_yawn\2091.jpg,no_yawn,train,SIM_0940,success,341,257,434,300
D:\driver-drowsiness-detection\dataset\train\no_yawn\2092.jpg,d:\driver-drowsiness-detection\mouth_dataset\train\no_yawn\2092.jpg,no_yawn,train,SIM_0942,success,341,254,435,298
D:\driver-drowsiness-detection\dataset\train\no_yawn\2093.jpg,d:\driver-drowsiness-detection\mouth_dataset\train\no_yawn\2093.jpg,no_yawn,train,SIM_0940,success,342,254,435,300
D:\driver-drowsiness-detection\dataset\train\no_yawn\2107.jpg,d:\driver-drowsiness-detection\mouth_dataset\train\no_yawn\2107.jpg,no_yawn,train,SIM_0943,success,239,283,364,343
D:\driver-drowsiness-detection\dataset\train\no_yawn\2108.jpg,d:\driver-drowsiness-detection\mouth_dataset\train\no_yawn\2108.jpg,no_yawn,train,SIM_0944,success,185,302,306,359
D:\driver-drowsiness-detection\dataset\train\no_yawn\2109.jpg,d:\driver-drowsiness-detection\mouth_dataset\train\no_yawn\2109.jpg,no_yawn,train,SIM_0945,success,179,301,303,363
D:\driver-drowsiness-detection\dataset\train\no_yawn\211.jpg,d:\driver-drowsiness-detection\mouth_dataset\train\no_yawn\211.jpg,no_yawn,train,SIM_0946,success,260,247,344,286
D:\driver-drowsiness-detection\dataset\train\no_yawn\2110.jpg,d:\driver-drowsiness-detection\mouth_dataset\validation\no_yawn\2110.jpg,no_yawn,validation,SIM_0947,success,207,287,334,353
D:\driver-drowsiness-detection\dataset\train\no_yawn\212.jpg,d:\driver-drowsiness-detection\mouth_dataset\train\no_yawn\212.jpg,no_yawn,train,SIM_0948,success,247,255,331,297
D:\driver-drowsiness-detection\dataset\train\no_yawn\2121.jpg,d:\driver-drowsiness-detection\mouth_dataset\train\no_yawn\2121.jpg,no_yawn,train,SIM_0949,success,341,290,418,354
D:\driver-drowsiness-detection\dataset\train\no_yawn\2124.jpg,d:\driver-drowsiness-detection\mouth_dataset\train\no_yawn\2124.jpg,no_yawn,train,SIM_0950,success,197,314,326,375
D:\driver-drowsiness-detection\dataset\train\no_yawn\2126.jpg,d:\driver-drowsiness-detection\mouth_dataset\validation\no_yawn\2126.jpg,no_yawn,validation,SIM_0951,success,200,304,329,370
D:\driver-drowsiness-detection\dataset\train\no_yawn\2129.jpg,d:\driver-drowsiness-detection\mouth_dataset\train\no_yawn\2129.jpg,no_yawn,train,SIM_0952,success,320,291,419,343
D:\driver-drowsiness-detection\dataset\train\no_yawn\213.jpg,d:\driver-drowsiness-detection\mouth_dataset\train\no_yawn\213.jpg,no_yawn,train,SIM_0953,success,261,266,345,304
D:\driver-drowsiness-detection\dataset\train\no_yawn\2130.jpg,d:\driver-drowsiness-detection\mouth_dataset\train\no_yawn\2130.jpg,no_yawn,train,SIM_0954,success,293,323,383,372
D:\driver-drowsiness-detection\dataset\train\no_yawn\2131.jpg,d:\driver-drowsiness-detection\mouth_dataset\test\no_yawn\2131.jpg,no_yawn,test,SIM_0955,success,293,313,384,367
D:\driver-drowsiness-detection\dataset\train\no_yawn\2132.jpg,d:\driver-drowsiness-detection\mouth_dataset\test\no_yawn\2132.jpg,no_yawn,test,SIM_0956,success,312,318,396,359
D:\driver-drowsiness-detection\dataset\train\no_yawn\2133.jpg,d:\driver-drowsiness-detection\mouth_dataset\test\no_yawn\2133.jpg,no_yawn,test,SIM_0957,success,322,317,404,361
D:\driver-drowsiness-detection\dataset\train\no_yawn\2134.jpg,d:\driver-drowsiness-detection\mouth_dataset\test\no_yawn\2134.jpg,no_yawn,test,SIM_0958,success,312,322,392,362
D:\driver-drowsiness-detection\dataset\train\no_yawn\2136.jpg,d:\driver-drowsiness-detection\mouth_dataset\train\no_yawn\2136.jpg,no_yawn,train,SIM_0959,success,322,307,399,346
D:\driver-drowsiness-detection\dataset\train\no_yawn\2151.jpg,d:\driver-drowsiness-detection\mouth_dataset\test\no_yawn\2151.jpg,no_yawn,test,SIM_0960,success,296,284,409,334
D:\driver-drowsiness-detection\dataset\train\no_yawn\2152.jpg,d:\driver-drowsiness-detection\mouth_dataset\test\no_yawn\2152.jpg,no_yawn,test,SIM_0961,success,306,279,419,332
D:\driver-drowsiness-detection\dataset\train\no_yawn\2153.jpg,d:\driver-drowsiness-detection\mouth_dataset\test\no_yawn\2153.jpg,no_yawn,test,SIM_0961,success,332,275,433,329
D:\driver-drowsiness-detection\dataset\train\no_yawn\2154.jpg,d:\driver-drowsiness-detection\mouth_dataset\train\no_yawn\2154.jpg,no_yawn,train,SIM_0962,success,344,283,441,333
D:\driver-drowsiness-detection\dataset\train\no_yawn\2156.jpg,d:\driver-drowsiness-detection\mouth_dataset\train\no_yawn\2156.jpg,no_yawn,train,SIM_0963,success,249,273,385,322
D:\driver-drowsiness-detection\dataset\train\no_yawn\2157.jpg,d:\driver-drowsiness-detection\mouth_dataset\train\no_yawn\2157.jpg,no_yawn,train,SIM_0963,success,292,274,410,321
D:\driver-drowsiness-detection\dataset\train\no_yawn\2158.jpg,d:\driver-drowsiness-detection\mouth_dataset\test\no_yawn\2158.jpg,no_yawn,test,SIM_0961,success,317,273,423,327
D:\driver-drowsiness-detection\dataset\train\no_yawn\2159.jpg,d:\driver-drowsiness-detection\mouth_dataset\train\no_yawn\2159.jpg,no_yawn,train,SIM_0964,success,313,281,417,332
D:\driver-drowsiness-detection\dataset\train\no_yawn\2160.jpg,d:\driver-drowsiness-detection\mouth_dataset\test\no_yawn\2160.jpg,no_yawn,test,SIM_0961,success,315,279,422,334
D:\driver-drowsiness-detection\dataset\train\no_yawn\217.jpg,d:\driver-drowsiness-detection\mouth_dataset\train\no_yawn\217.jpg,no_yawn,train,SIM_0965,success,157,205,278,277
D:\driver-drowsiness-detection\dataset\train\no_yawn\218.jpg,d:\driver-drowsiness-detection\mouth_dataset\train\no_yawn\218.jpg,no_yawn,train,SIM_0965,success,165,202,281,280
D:\driver-drowsiness-detection\dataset\train\no_yawn\219.jpg,d:\driver-drowsiness-detection\mouth_dataset\train\no_yawn\219.jpg,no_yawn,train,SIM_0966,success,220,205,317,273
D:\driver-drowsiness-detection\dataset\train\no_yawn\2196.jpg,d:\driver-drowsiness-detection\mouth_dataset\validation\no_yawn\2196.jpg,no_yawn,validation,SIM_0967,success,430,283,506,335
D:\driver-drowsiness-detection\dataset\train\no_yawn\2197.jpg,d:\driver-drowsiness-detection\mouth_dataset\validation\no_yawn\2197.jpg,no_yawn,validation,SIM_0968,success,393,272,486,335
D:\driver-drowsiness-detection\dataset\train\no_yawn\2198.jpg,d:\driver-drowsiness-detection\mouth_dataset\train\no_yawn\2198.jpg,no_yawn,train,SIM_0969,success,360,282,470,346
D:\driver-drowsiness-detection\dataset\train\no_yawn\2199.jpg,d:\driver-drowsiness-detection\mouth_dataset\train\no_yawn\2199.jpg,no_yawn,train,SIM_0970,success,342,296,457,348
D:\driver-drowsiness-detection\dataset\train\no_yawn\2200.jpg,d:\driver-drowsiness-detection\mouth_dataset\train\no_yawn\2200.jpg,no_yawn,train,SIM_0971,success,369,285,473,343
D:\driver-drowsiness-detection\dataset\train\no_yawn\2201.jpg,d:\driver-drowsiness-detection\mouth_dataset\test\no_yawn\2201.jpg,no_yawn,test,SIM_0972,success,381,265,479,333
D:\driver-drowsiness-detection\dataset\train\no_yawn\2202.jpg,d:\driver-drowsiness-detection\mouth_dataset\test\no_yawn\2202.jpg,no_yawn,test,SIM_0972,success,379,270,479,338
D:\driver-drowsiness-detection\dataset\train\no_yawn\221.jpg,d:\driver-drowsiness-detection\mouth_dataset\test\no_yawn\221.jpg,no_yawn,test,SIM_0973,success,205,204,311,280
D:\driver-drowsiness-detection\dataset\train\no_yawn\2216.jpg,d:\driver-drowsiness-detection\mouth_dataset\train\no_yawn\2216.jpg,no_yawn,train,SIM_0974,success,366,286,460,350
D:\driver-drowsiness-detection\dataset\train\no_yawn\2217.jpg,d:\driver-drowsiness-detection\mouth_dataset\train\no_yawn\2217.jpg,no_yawn,train,SIM_0975,success,390,287,470,347
D:\driver-drowsiness-detection\dataset\train\no_yawn\2220.jpg,d:\driver-drowsiness-detection\mouth_dataset\test\no_yawn\2220.jpg,no_yawn,test,SIM_0976,success,364,299,457,357
D:\driver-drowsiness-detection\dataset\train\no_yawn\2221.jpg,d:\driver-drowsiness-detection\mouth_dataset\train\no_yawn\2221.jpg,no_yawn,train,SIM_0977,success,378,302,461,359
D:\driver-drowsiness-detection\dataset\train\no_yawn\2222.jpg,d:\driver-drowsiness-detection\mouth_dataset\validation\no_yawn\2222.jpg,no_yawn,validation,SIM_0978,success,343,306,446,362
D:\driver-drowsiness-detection\dataset\train\no_yawn\2223.jpg,d:\driver-drowsiness-detection\mouth_dataset\train\no_yawn\2223.jpg,no_yawn,train,SIM_0979,success,353,306,449,363
D:\driver-drowsiness-detection\dataset\train\no_yawn\2224.jpg,d:\driver-drowsiness-detection\mouth_dataset\train\no_yawn\2224.jpg,no_yawn,train,SIM_0980,success,370,300,463,359
D:\driver-drowsiness-detection\dataset\train\no_yawn\2228.jpg,d:\driver-drowsiness-detection\mouth_dataset\test\no_yawn\2228.jpg,no_yawn,test,SIM_0981,success,374,293,471,344
D:\driver-drowsiness-detection\dataset\train\no_yawn\2229.jpg,d:\driver-drowsiness-detection\mouth_dataset\train\no_yawn\2229.jpg,no_yawn,train,SIM_0982,success,360,294,459,347
D:\driver-drowsiness-detection\dataset\train\no_yawn\223.jpg,d:\driver-drowsiness-detection\mouth_dataset\validation\no_yawn\223.jpg,no_yawn,validation,SIM_0983,success,178,203,293,280
D:\driver-drowsiness-detection\dataset\train\no_yawn\2230.jpg,d:\driver-drowsiness-detection\mouth_dataset\validation\no_yawn\2230.jpg,no_yawn,validation,SIM_0984,success,359,308,456,359
D:\driver-drowsiness-detection\dataset\train\no_yawn\224.jpg,d:\driver-drowsiness-detection\mouth_dataset\validation\no_yawn\224.jpg,no_yawn,validation,SIM_0983,success,177,203,293,280
D:\driver-drowsiness-detection\dataset\train\no_yawn\2241.jpg,d:\driver-drowsiness-detection\mouth_dataset\validation\no_yawn\2241.jpg,no_yawn,validation,SIM_0985,success,367,331,465,394
D:\driver-drowsiness-detection\dataset\train\no_yawn\2244.jpg,d:\driver-drowsiness-detection\mouth_dataset\train\no_yawn\2244.jpg,no_yawn,train,SIM_0986,success,342,291,460,359
D:\driver-drowsiness-detection\dataset\train\no_yawn\2246.jpg,d:\driver-drowsiness-detection\mouth_dataset\train\no_yawn\2246.jpg,no_yawn,train,SIM_0987,success,402,311,493,377
D:\driver-drowsiness-detection\dataset\train\no_yawn\2247.jpg,d:\driver-drowsiness-detection\mouth_dataset\train\no_yawn\2247.jpg,no_yawn,train,SIM_0988,success,408,315,490,383
D:\driver-drowsiness-detection\dataset\train\no_yawn\225.jpg,d:\driver-drowsiness-detection\mouth_dataset\validation\no_yawn\225.jpg,no_yawn,validation,SIM_0983,success,174,201,285,279
D:\driver-drowsiness-detection\dataset\train\no_yawn\2250.jpg,d:\driver-drowsiness-detection\mouth_dataset\train\no_yawn\2250.jpg,no_yawn,train,SIM_0989,success,353,326,468,383
D:\driver-drowsiness-detection\dataset\train\no_yawn\2251.jpg,d:\driver-drowsiness-detection\mouth_dataset\train\no_yawn\2251.jpg,no_yawn,train,SIM_0990,success,375,319,479,383
D:\driver-drowsiness-detection\dataset\train\no_yawn\2252.jpg,d:\driver-drowsiness-detection\mouth_dataset\train\no_yawn\2252.jpg,no_yawn,train,SIM_0991,success,361,315,462,382
D:\driver-drowsiness-detection\dataset\train\no_yawn\2253.jpg,d:\driver-drowsiness-detection\mouth_dataset\test\no_yawn\2253.jpg,no_yawn,test,SIM_0992,success,358,299,458,367
D:\driver-drowsiness-detection\dataset\train\no_yawn\2254.jpg,d:\driver-drowsiness-detection\mouth_dataset\test\no_yawn\2254.jpg,no_yawn,test,SIM_0993,success,402,289,500,358
D:\driver-drowsiness-detection\dataset\train\no_yawn\2256.jpg,d:\driver-drowsiness-detection\mouth_dataset\train\no_yawn\2256.jpg,no_yawn,train,SIM_0994,success,443,283,517,336
D:\driver-drowsiness-detection\dataset\train\no_yawn\2259.jpg,d:\driver-drowsiness-detection\mouth_dataset\train\no_yawn\2259.jpg,no_yawn,train,SIM_0995,success,349,311,459,369
D:\driver-drowsiness-detection\dataset\train\no_yawn\226.jpg,d:\driver-drowsiness-detection\mouth_dataset\validation\no_yawn\226.jpg,no_yawn,validation,SIM_0983,success,172,204,285,281
D:\driver-drowsiness-detection\dataset\train\no_yawn\2282.jpg,d:\driver-drowsiness-detection\mouth_dataset\test\no_yawn\2282.jpg,no_yawn,test,SIM_0996,success,333,277,443,324
D:\driver-drowsiness-detection\dataset\train\no_yawn\2283.jpg,d:\driver-drowsiness-detection\mouth_dataset\test\no_yawn\2283.jpg,no_yawn,test,SIM_0997,success,328,278,440,326
D:\driver-drowsiness-detection\dataset\train\no_yawn\2284.jpg,d:\driver-drowsiness-detection\mouth_dataset\train\no_yawn\2284.jpg,no_yawn,train,SIM_0998,success,297,265,421,314
D:\driver-drowsiness-detection\dataset\train\no_yawn\2286.jpg,d:\driver-drowsiness-detection\mouth_dataset\train\no_yawn\2286.jpg,no_yawn,train,SIM_0999,success,413,273,487,322
D:\driver-drowsiness-detection\dataset\train\no_yawn\2287.jpg,d:\driver-drowsiness-detection\mouth_dataset\train\no_yawn\2287.jpg,no_yawn,train,SIM_0999,success,402,276,482,321
D:\driver-drowsiness-detection\dataset\train\no_yawn\2288.jpg,d:\driver-drowsiness-detection\mouth_dataset\train\no_yawn\2288.jpg,no_yawn,train,SIM_0998,success,299,269,424,318
D:\driver-drowsiness-detection\dataset\train\no_yawn\2289.jpg,d:\driver-drowsiness-detection\mouth_dataset\train\no_yawn\2289.jpg,no_yawn,train,SIM_1000,success,286,265,416,316
D:\driver-drowsiness-detection\dataset\train\no_yawn\229.jpg,d:\driver-drowsiness-detection\mouth_dataset\validation\no_yawn\229.jpg,no_yawn,validation,SIM_0983,success,165,205,279,280
D:\driver-drowsiness-detection\dataset\train\no_yawn\2290.jpg,d:\driver-drowsiness-detection\mouth_dataset\train\no_yawn\2290.jpg,no_yawn,train,SIM_1000,success,283,276,413,323
D:\driver-drowsiness-detection\dataset\train\no_yawn\2296.jpg,d:\driver-drowsiness-detection\mouth_dataset\train\no_yawn\2296.jpg,no_yawn,train,SIM_1001,success,316,271,434,325
D:\driver-drowsiness-detection\dataset\train\no_yawn\2297.jpg,d:\driver-drowsiness-detection\mouth_dataset\train\no_yawn\2297.jpg,no_yawn,train,SIM_1002,success,341,272,450,318
D:\driver-drowsiness-detection\dataset\train\no_yawn\2298.jpg,d:\driver-drowsiness-detection\mouth_dataset\train\no_yawn\2298.jpg,no_yawn,train,SIM_1003,success,364,276,467,319
D:\driver-drowsiness-detection\dataset\train\no_yawn\2299.jpg,d:\driver-drowsiness-detection\mouth_dataset\validation\no_yawn\2299.jpg,no_yawn,validation,SIM_1004,success,341,274,449,323
D:\driver-drowsiness-detection\dataset\train\no_yawn\2300.jpg,d:\driver-drowsiness-detection\mouth_dataset\validation\no_yawn\2300.jpg,no_yawn,validation,SIM_1004,success,342,277,448,321
D:\driver-drowsiness-detection\dataset\train\no_yawn\231.jpg,d:\driver-drowsiness-detection\mouth_dataset\validation\no_yawn\231.jpg,no_yawn,validation,SIM_0983,success,171,220,287,298
D:\driver-drowsiness-detection\dataset\train\no_yawn\2311.jpg,d:\driver-drowsiness-detection\mouth_dataset\validation\no_yawn\2311.jpg,no_yawn,validation,SIM_1004,success,295,271,426,323
D:\driver-drowsiness-detection\dataset\train\no_yawn\2312.jpg,d:\driver-drowsiness-detection\mouth_dataset\train\no_yawn\2312.jpg,no_yawn,train,SIM_1005,success,358,307,455,353
D:\driver-drowsiness-detection\dataset\train\no_yawn\2313.jpg,d:\driver-drowsiness-detection\mouth_dataset\train\no_yawn\2313.jpg,no_yawn,train,SIM_1006,success,304,291,431,352
D:\driver-drowsiness-detection\dataset\train\no_yawn\2327.jpg,d:\driver-drowsiness-detection\mouth_dataset\train\no_yawn\2327.jpg,no_yawn,train,SIM_1007,success,347,271,459,328
D:\driver-drowsiness-detection\dataset\train\no_yawn\233.jpg,d:\driver-drowsiness-detection\mouth_dataset\validation\no_yawn\233.jpg,no_yawn,validation,SIM_0983,success,182,218,293,293
D:\driver-drowsiness-detection\dataset\train\no_yawn\2330.jpg,d:\driver-drowsiness-detection\mouth_dataset\validation\no_yawn\2330.jpg,no_yawn,validation,SIM_1008,success,367,265,494,316
D:\driver-drowsiness-detection\dataset\train\no_yawn\234.jpg,d:\driver-drowsiness-detection\mouth_dataset\validation\no_yawn\234.jpg,no_yawn,validation,SIM_0983,success,177,215,291,292
D:\driver-drowsiness-detection\dataset\train\no_yawn\2341.jpg,d:\driver-drowsiness-detection\mouth_dataset\test\no_yawn\2341.jpg,no_yawn,test,SIM_1009,success,304,266,431,319
D:\driver-drowsiness-detection\dataset\train\no_yawn\2342.jpg,d:\driver-drowsiness-detection\mouth_dataset\train\no_yawn\2342.jpg,no_yawn,train,SIM_1010,success,318,270,441,323
D:\driver-drowsiness-detection\dataset\train\no_yawn\2343.jpg,d:\driver-drowsiness-detection\mouth_dataset\train\no_yawn\2343.jpg,no_yawn,train,SIM_1010,success,321,265,441,320
D:\driver-drowsiness-detection\dataset\train\no_yawn\2344.jpg,d:\driver-drowsiness-detection\mouth_dataset\train\no_yawn\2344.jpg,no_yawn,train,SIM_1010,success,322,265,441,319
D:\driver-drowsiness-detection\dataset\train\no_yawn\2346.jpg,d:\driver-drowsiness-detection\mouth_dataset\train\no_yawn\2346.jpg,no_yawn,train,SIM_1011,success,334,280,444,330
D:\driver-drowsiness-detection\dataset\train\no_yawn\2349.jpg,d:\driver-drowsiness-detection\mouth_dataset\train\no_yawn\2349.jpg,no_yawn,train,SIM_1012,success,361,285,455,334
D:\driver-drowsiness-detection\dataset\train\no_yawn\235.jpg,d:\driver-drowsiness-detection\mouth_dataset\validation\no_yawn\235.jpg,no_yawn,validation,SIM_0983,success,171,218,285,292
D:\driver-drowsiness-detection\dataset\train\no_yawn\2350.jpg,d:\driver-drowsiness-detection\mouth_dataset\test\no_yawn\2350.jpg,no_yawn,test,SIM_1013,success,431,266,526,343
D:\driver-drowsiness-detection\dataset\train\no_yawn\2351.jpg,d:\driver-drowsiness-detection\mouth_dataset\train\no_yawn\2351.jpg,no_yawn,train,SIM_1014,success,442,293,538,363
D:\driver-drowsiness-detection\dataset\train\no_yawn\2354.jpg,d:\driver-drowsiness-detection\mouth_dataset\train\no_yawn\2354.jpg,no_yawn,train,SIM_1015,success,291,291,428,343
D:\driver-drowsiness-detection\dataset\train\no_yawn\2356.jpg,d:\driver-drowsiness-detection\mouth_dataset\test\no_yawn\2356.jpg,no_yawn,test,SIM_1016,success,402,271,510,341
D:\driver-drowsiness-detection\dataset\train\no_yawn\2357.jpg,d:\driver-drowsiness-detection\mouth_dataset\test\no_yawn\2357.jpg,no_yawn,test,SIM_1017,success,429,280,532,353
D:\driver-drowsiness-detection\dataset\train\no_yawn\2358.jpg,d:\driver-drowsiness-detection\mouth_dataset\train\no_yawn\2358.jpg,no_yawn,train,SIM_1018,success,484,300,545,360
D:\driver-drowsiness-detection\dataset\train\no_yawn\237.jpg,d:\driver-drowsiness-detection\mouth_dataset\train\no_yawn\237.jpg,no_yawn,train,SIM_1019,success,258,293,376,336
D:\driver-drowsiness-detection\dataset\train\no_yawn\2371.jpg,d:\driver-drowsiness-detection\mouth_dataset\validation\no_yawn\2371.jpg,no_yawn,validation,SIM_1020,success,339,284,462,348
D:\driver-drowsiness-detection\dataset\train\no_yawn\2372.jpg,d:\driver-drowsiness-detection\mouth_dataset\test\no_yawn\2372.jpg,no_yawn,test,SIM_1021,success,249,299,377,375
D:\driver-drowsiness-detection\dataset\train\no_yawn\2373.jpg,d:\driver-drowsiness-detection\mouth_dataset\test\no_yawn\2373.jpg,no_yawn,test,SIM_1022,success,354,292,466,367
D:\driver-drowsiness-detection\dataset\train\no_yawn\2374.jpg,d:\driver-drowsiness-detection\mouth_dataset\train\no_yawn\2374.jpg,no_yawn,train,SIM_1023,success,436,290,532,368
D:\driver-drowsiness-detection\dataset\train\no_yawn\238.jpg,d:\driver-drowsiness-detection\mouth_dataset\train\no_yawn\238.jpg,no_yawn,train,SIM_1024,success,277,300,383,350
D:\driver-drowsiness-detection\dataset\train\no_yawn\2396.jpg,d:\driver-drowsiness-detection\mouth_dataset\train\no_yawn\2396.jpg,no_yawn,train,SIM_1025,success,371,315,464,359
D:\driver-drowsiness-detection\dataset\train\no_yawn\2399.jpg,d:\driver-drowsiness-detection\mouth_dataset\train\no_yawn\2399.jpg,no_yawn,train,SIM_1026,success,382,313,477,365
D:\driver-drowsiness-detection\dataset\train\no_yawn\24.jpg,d:\driver-drowsiness-detection\mouth_dataset\validation\no_yawn\24.jpg,no_yawn,validation,SIM_1027,success,296,237,402,284
D:\driver-drowsiness-detection\dataset\train\no_yawn\2400.jpg,d:\driver-drowsiness-detection\mouth_dataset\train\no_yawn\2400.jpg,no_yawn,train,SIM_1028,success,371,307,472,367
D:\driver-drowsiness-detection\dataset\train\no_yawn\2403.jpg,d:\driver-drowsiness-detection\mouth_dataset\test\no_yawn\2403.jpg,no_yawn,test,SIM_1029,success,286,214,381,268
D:\driver-drowsiness-detection\dataset\train\no_yawn\2404.jpg,d:\driver-drowsiness-detection\mouth_dataset\train\no_yawn\2404.jpg,no_yawn,train,SIM_1030,success,282,216,375,271
D:\driver-drowsiness-detection\dataset\train\no_yawn\2406.jpg,d:\driver-drowsiness-detection\mouth_dataset\validation\no_yawn\2406.jpg,no_yawn,validation,SIM_1031,success,284,208,379,261
D:\driver-drowsiness-detection\dataset\train\no_yawn\2407.jpg,d:\driver-drowsiness-detection\mouth_dataset\validation\no_yawn\2407.jpg,no_yawn,validation,SIM_1031,success,288,208,380,262
D:\driver-drowsiness-detection\dataset\train\no_yawn\2408.jpg,d:\driver-drowsiness-detection\mouth_dataset\validation\no_yawn\2408.jpg,no_yawn,validation,SIM_1032,success,317,209,398,261
D:\driver-drowsiness-detection\dataset\train\no_yawn\2409.jpg,d:\driver-drowsiness-detection\mouth_dataset\train\no_yawn\2409.jpg,no_yawn,train,SIM_1033,success,279,212,374,266
D:\driver-drowsiness-detection\dataset\train\no_yawn\2410.jpg,d:\driver-drowsiness-detection\mouth_dataset\train\no_yawn\2410.jpg,no_yawn,train,SIM_1034,success,208,216,321,268
D:\driver-drowsiness-detection\dataset\train\no_yawn\2426.jpg,d:\driver-drowsiness-detection\mouth_dataset\train\no_yawn\2426.jpg,no_yawn,train,SIM_1035,success,287,210,375,264
D:\driver-drowsiness-detection\dataset\train\no_yawn\2427.jpg,d:\driver-drowsiness-detection\mouth_dataset\validation\no_yawn\2427.jpg,no_yawn,validation,SIM_1036,success,283,208,376,261
D:\driver-drowsiness-detection\dataset\train\no_yawn\2428.jpg,d:\driver-drowsiness-detection\mouth_dataset\train\no_yawn\2428.jpg,no_yawn,train,SIM_1037,success,283,207,373,260
D:\driver-drowsiness-detection\dataset\train\no_yawn\2429.jpg,d:\driver-drowsiness-detection\mouth_dataset\train\no_yawn\2429.jpg,no_yawn,train,SIM_1038,success,287,208,380,260
D:\driver-drowsiness-detection\dataset\train\no_yawn\2430.jpg,d:\driver-drowsiness-detection\mouth_dataset\test\no_yawn\2430.jpg,no_yawn,test,SIM_1039,success,326,270,450,324
D:\driver-drowsiness-detection\dataset\train\no_yawn\2431.jpg,d:\driver-drowsiness-detection\mouth_dataset\test\no_yawn\2431.jpg,no_yawn,test,SIM_1039,success,347,269,454,325
D:\driver-drowsiness-detection\dataset\train\no_yawn\2432.jpg,d:\driver-drowsiness-detection\mouth_dataset\train\no_yawn\2432.jpg,no_yawn,train,SIM_1040,success,310,275,436,336
D:\driver-drowsiness-detection\dataset\train\no_yawn\2433.jpg,d:\driver-drowsiness-detection\mouth_dataset\train\no_yawn\2433.jpg,no_yawn,train,SIM_1041,success,313,277,440,335
D:\driver-drowsiness-detection\dataset\train\no_yawn\2434.jpg,d:\driver-drowsiness-detection\mouth_dataset\train\no_yawn\2434.jpg,no_yawn,train,SIM_1042,success,332,274,448,327
D:\driver-drowsiness-detection\dataset\train\no_yawn\2440.jpg,d:\driver-drowsiness-detection\mouth_dataset\train\no_yawn\2440.jpg,no_yawn,train,SIM_1043,success,303,241,430,297
D:\driver-drowsiness-detection\dataset\train\no_yawn\2461.jpg,d:\driver-drowsiness-detection\mouth_dataset\train\no_yawn\2461.jpg,no_yawn,train,SIM_1044,success,219,276,357,348
D:\driver-drowsiness-detection\dataset\train\no_yawn\2462.jpg,d:\driver-drowsiness-detection\mouth_dataset\train\no_yawn\2462.jpg,no_yawn,train,SIM_1044,success,216,279,355,349
D:\driver-drowsiness-detection\dataset\train\no_yawn\2463.jpg,d:\driver-drowsiness-detection\mouth_dataset\train\no_yawn\2463.jpg,no_yawn,train,SIM_1044,success,220,281,355,348
D:\driver-drowsiness-detection\dataset\train\no_yawn\2464.jpg,d:\driver-drowsiness-detection\mouth_dataset\train\no_yawn\2464.jpg,no_yawn,train,SIM_1044,success,214,279,350,348
D:\driver-drowsiness-detection\dataset\train\no_yawn\2466.jpg,d:\driver-drowsiness-detection\mouth_dataset\train\no_yawn\2466.jpg,no_yawn,train,SIM_1045,success,171,301,323,363
D:\driver-drowsiness-detection\dataset\train\no_yawn\2467.jpg,d:\driver-drowsiness-detection\mouth_dataset\test\no_yawn\2467.jpg,no_yawn,test,SIM_1046,success,160,309,310,367
D:\driver-drowsiness-detection\dataset\train\no_yawn\2470.jpg,d:\driver-drowsiness-detection\mouth_dataset\validation\no_yawn\2470.jpg,no_yawn,validation,SIM_1047,success,275,295,381,355
D:\driver-drowsiness-detection\dataset\train\no_yawn\2471.jpg,d:\driver-drowsiness-detection\mouth_dataset\train\no_yawn\2471.jpg,no_yawn,train,SIM_1048,success,263,288,377,356
D:\driver-drowsiness-detection\dataset\train\no_yawn\2474.jpg,d:\driver-drowsiness-detection\mouth_dataset\train\no_yawn\2474.jpg,no_yawn,train,SIM_1049,success,232,211,359,279
D:\driver-drowsiness-detection\dataset\train\no_yawn\2476.jpg,d:\driver-drowsiness-detection\mouth_dataset\train\no_yawn\2476.jpg,no_yawn,train,SIM_1050,success,174,190,311,251
D:\driver-drowsiness-detection\dataset\train\no_yawn\2477.jpg,d:\driver-drowsiness-detection\mouth_dataset\train\no_yawn\2477.jpg,no_yawn,train,SIM_1051,success,267,205,389,263
D:\driver-drowsiness-detection\dataset\train\no_yawn\2478.jpg,d:\driver-drowsiness-detection\mouth_dataset\test\no_yawn\2478.jpg,no_yawn,test,SIM_1052,success,202,201,337,261
D:\driver-drowsiness-detection\dataset\train\no_yawn\2479.jpg,d:\driver-drowsiness-detection\mouth_dataset\train\no_yawn\2479.jpg,no_yawn,train,SIM_1053,success,292,204,394,266
D:\driver-drowsiness-detection\dataset\train\no_yawn\2482.jpg,d:\driver-drowsiness-detection\mouth_dataset\train\no_yawn\2482.jpg,no_yawn,train,SIM_1054,success,159,194,298,258
D:\driver-drowsiness-detection\dataset\train\no_yawn\2483.jpg,d:\driver-drowsiness-detection\mouth_dataset\train\no_yawn\2483.jpg,no_yawn,train,SIM_1055,success,249,205,371,263
D:\driver-drowsiness-detection\dataset\train\no_yawn\2484.jpg,d:\driver-drowsiness-detection\mouth_dataset\train\no_yawn\2484.jpg,no_yawn,train,SIM_1056,success,356,188,430,253
D:\driver-drowsiness-detection\dataset\train\no_yawn\2496.jpg,d:\driver-drowsiness-detection\mouth_dataset\train\no_yawn\2496.jpg,no_yawn,train,SIM_1057,success,152,206,280,269
D:\driver-drowsiness-detection\dataset\train\no_yawn\2499.jpg,d:\driver-drowsiness-detection\mouth_dataset\train\no_yawn\2499.jpg,no_yawn,train,SIM_1058,success,290,225,382,277
D:\driver-drowsiness-detection\dataset\train\no_yawn\25.jpg,d:\driver-drowsiness-detection\mouth_dataset\train\no_yawn\25.jpg,no_yawn,train,SIM_1059,success,280,240,401,288
D:\driver-drowsiness-detection\dataset\train\no_yawn\2500.jpg,,no_yawn,test,SIM_1060,mouth_landmarks_not_detected,,,,
D:\driver-drowsiness-detection\dataset\train\no_yawn\2511.jpg,d:\driver-drowsiness-detection\mouth_dataset\test\no_yawn\2511.jpg,no_yawn,test,SIM_1061,success,186,230,306,279
D:\driver-drowsiness-detection\dataset\train\no_yawn\2513.jpg,d:\driver-drowsiness-detection\mouth_dataset\train\no_yawn\2513.jpg,no_yawn,train,SIM_1062,success,153,233,281,292
D:\driver-drowsiness-detection\dataset\train\no_yawn\2514.jpg,d:\driver-drowsiness-detection\mouth_dataset\validation\no_yawn\2514.jpg,no_yawn,validation,SIM_1063,success,165,234,289,289
D:\driver-drowsiness-detection\dataset\train\no_yawn\2516.jpg,d:\driver-drowsiness-detection\mouth_dataset\validation\no_yawn\2516.jpg,no_yawn,validation,SIM_1064,success,210,227,333,279
D:\driver-drowsiness-detection\dataset\train\no_yawn\2517.jpg,d:\driver-drowsiness-detection\mouth_dataset\train\no_yawn\2517.jpg,no_yawn,train,SIM_1065,success,219,232,337,281
D:\driver-drowsiness-detection\dataset\train\no_yawn\2518.jpg,d:\driver-drowsiness-detection\mouth_dataset\train\no_yawn\2518.jpg,no_yawn,train,SIM_1065,success,214,232,333,281
D:\driver-drowsiness-detection\dataset\train\no_yawn\2519.jpg,d:\driver-drowsiness-detection\mouth_dataset\train\no_yawn\2519.jpg,no_yawn,train,SIM_1066,success,188,212,315,272
D:\driver-drowsiness-detection\dataset\train\no_yawn\253.jpg,d:\driver-drowsiness-detection\mouth_dataset\train\no_yawn\253.jpg,no_yawn,train,SIM_1067,success,267,305,375,355
D:\driver-drowsiness-detection\dataset\train\no_yawn\2532.jpg,d:\driver-drowsiness-detection\mouth_dataset\train\no_yawn\2532.jpg,no_yawn,train,SIM_1068,success,299,206,401,265
D:\driver-drowsiness-detection\dataset\train\no_yawn\2534.jpg,d:\driver-drowsiness-detection\mouth_dataset\train\no_yawn\2534.jpg,no_yawn,train,SIM_1069,success,295,205,399,266
D:\driver-drowsiness-detection\dataset\train\no_yawn\2536.jpg,d:\driver-drowsiness-detection\mouth_dataset\train\no_yawn\2536.jpg,no_yawn,train,SIM_1069,success,301,207,402,263
D:\driver-drowsiness-detection\dataset\train\no_yawn\2537.jpg,d:\driver-drowsiness-detection\mouth_dataset\train\no_yawn\2537.jpg,no_yawn,train,SIM_1069,success,306,206,404,264
D:\driver-drowsiness-detection\dataset\train\no_yawn\2538.jpg,d:\driver-drowsiness-detection\mouth_dataset\train\no_yawn\2538.jpg,no_yawn,train,SIM_1069,success,309,208,409,266
D:\driver-drowsiness-detection\dataset\train\no_yawn\2539.jpg,d:\driver-drowsiness-detection\mouth_dataset\train\no_yawn\2539.jpg,no_yawn,train,SIM_1069,success,305,207,404,267
D:\driver-drowsiness-detection\dataset\train\no_yawn\254.jpg,d:\driver-drowsiness-detection\mouth_dataset\train\no_yawn\254.jpg,no_yawn,train,SIM_1067,success,266,306,375,358
D:\driver-drowsiness-detection\dataset\train\no_yawn\2540.jpg,d:\driver-drowsiness-detection\mouth_dataset\test\no_yawn\2540.jpg,no_yawn,test,SIM_1070,success,297,208,404,269
D:\driver-drowsiness-detection\dataset\train\no_yawn\2541.jpg,d:\driver-drowsiness-detection\mouth_dataset\train\no_yawn\2541.jpg,no_yawn,train,SIM_1071,success,213,242,323,295
D:\driver-drowsiness-detection\dataset\train\no_yawn\2542.jpg,d:\driver-drowsiness-detection\mouth_dataset\train\no_yawn\2542.jpg,no_yawn,train,SIM_1072,success,219,240,330,297
D:\driver-drowsiness-detection\dataset\train\no_yawn\2547.jpg,d:\driver-drowsiness-detection\mouth_dataset\train\no_yawn\2547.jpg,no_yawn,train,SIM_1073,success,247,234,346,289
D:\driver-drowsiness-detection\dataset\train\no_yawn\2548.jpg,d:\driver-drowsiness-detection\mouth_dataset\train\no_yawn\2548.jpg,no_yawn,train,SIM_1072,success,224,237,332,289
D:\driver-drowsiness-detection\dataset\train\no_yawn\2549.jpg,d:\driver-drowsiness-detection\mouth_dataset\train\no_yawn\2549.jpg,no_yawn,train,SIM_1072,success,218,238,327,294
D:\driver-drowsiness-detection\dataset\train\no_yawn\255.jpg,d:\driver-drowsiness-detection\mouth_dataset\train\no_yawn\255.jpg,no_yawn,train,SIM_1067,success,264,306,372,358
D:\driver-drowsiness-detection\dataset\train\no_yawn\2550.jpg,d:\driver-drowsiness-detection\mouth_dataset\train\no_yawn\2550.jpg,no_yawn,train,SIM_1072,success,218,235,328,292
D:\driver-drowsiness-detection\dataset\train\no_yawn\256.jpg,d:\driver-drowsiness-detection\mouth_dataset\train\no_yawn\256.jpg,no_yawn,train,SIM_1067,success,265,304,372,357
D:\driver-drowsiness-detection\dataset\train\no_yawn\257.jpg,d:\driver-drowsiness-detection\mouth_dataset\train\no_yawn\257.jpg,no_yawn,train,SIM_1074,success,267,287,371,338
D:\driver-drowsiness-detection\dataset\train\no_yawn\2571.jpg,d:\driver-drowsiness-detection\mouth_dataset\train\no_yawn\2571.jpg,no_yawn,train,SIM_1075,success,293,304,396,361
D:\driver-drowsiness-detection\dataset\train\no_yawn\2572.jpg,d:\driver-drowsiness-detection\mouth_dataset\train\no_yawn\2572.jpg,no_yawn,train,SIM_1075,success,294,309,399,362
D:\driver-drowsiness-detection\dataset\train\no_yawn\2573.jpg,d:\driver-drowsiness-detection\mouth_dataset\train\no_yawn\2573.jpg,no_yawn,train,SIM_1076,success,348,296,423,349
D:\driver-drowsiness-detection\dataset\train\no_yawn\2574.jpg,d:\driver-drowsiness-detection\mouth_dataset\test\no_yawn\2574.jpg,no_yawn,test,SIM_1077,success,257,321,377,369
D:\driver-drowsiness-detection\dataset\train\no_yawn\2577.jpg,d:\driver-drowsiness-detection\mouth_dataset\test\no_yawn\2577.jpg,no_yawn,test,SIM_1078,success,318,308,408,356
D:\driver-drowsiness-detection\dataset\train\no_yawn\2580.jpg,d:\driver-drowsiness-detection\mouth_dataset\train\no_yawn\2580.jpg,no_yawn,train,SIM_1079,success,311,302,410,355
D:\driver-drowsiness-detection\dataset\train\no_yawn\2581.jpg,d:\driver-drowsiness-detection\mouth_dataset\validation\no_yawn\2581.jpg,no_yawn,validation,SIM_1080,success,300,298,407,355
D:\driver-drowsiness-detection\dataset\train\no_yawn\2582.jpg,d:\driver-drowsiness-detection\mouth_dataset\train\no_yawn\2582.jpg,no_yawn,train,SIM_1081,success,321,297,415,350
D:\driver-drowsiness-detection\dataset\train\no_yawn\2583.jpg,d:\driver-drowsiness-detection\mouth_dataset\test\no_yawn\2583.jpg,no_yawn,test,SIM_1082,success,326,296,414,350
D:\driver-drowsiness-detection\dataset\train\no_yawn\2584.jpg,d:\driver-drowsiness-detection\mouth_dataset\test\no_yawn\2584.jpg,no_yawn,test,SIM_1083,success,263,210,397,286
D:\driver-drowsiness-detection\dataset\train\no_yawn\2586.jpg,d:\driver-drowsiness-detection\mouth_dataset\train\no_yawn\2586.jpg,no_yawn,train,SIM_1084,success,289,196,409,273
D:\driver-drowsiness-detection\dataset\train\no_yawn\2588.jpg,d:\driver-drowsiness-detection\mouth_dataset\train\no_yawn\2588.jpg,no_yawn,train,SIM_1085,success,210,198,366,284
D:\driver-drowsiness-detection\dataset\train\no_yawn\2589.jpg,d:\driver-drowsiness-detection\mouth_dataset\train\no_yawn\2589.jpg,no_yawn,train,SIM_1086,success,270,209,401,289
D:\driver-drowsiness-detection\dataset\train\no_yawn\259.jpg,d:\driver-drowsiness-detection\mouth_dataset\train\no_yawn\259.jpg,no_yawn,train,SIM_1087,success,276,287,375,336
D:\driver-drowsiness-detection\dataset\train\no_yawn\2590.jpg,d:\driver-drowsiness-detection\mouth_dataset\train\no_yawn\2590.jpg,no_yawn,train,SIM_1086,success,278,201,406,283
D:\driver-drowsiness-detection\dataset\train\no_yawn\26.jpg,d:\driver-drowsiness-detection\mouth_dataset\train\no_yawn\26.jpg,no_yawn,train,SIM_1088,success,307,240,412,287
D:\driver-drowsiness-detection\dataset\train\no_yawn\2603.jpg,d:\driver-drowsiness-detection\mouth_dataset\train\no_yawn\2603.jpg,no_yawn,train,SIM_1089,success,257,208,397,288
D:\driver-drowsiness-detection\dataset\train\no_yawn\2604.jpg,d:\driver-drowsiness-detection\mouth_dataset\train\no_yawn\2604.jpg,no_yawn,train,SIM_1090,success,250,207,395,292
D:\driver-drowsiness-detection\dataset\train\no_yawn\2606.jpg,d:\driver-drowsiness-detection\mouth_dataset\train\no_yawn\2606.jpg,no_yawn,train,SIM_1091,success,286,134,393,191
D:\driver-drowsiness-detection\dataset\train\no_yawn\2607.jpg,d:\driver-drowsiness-detection\mouth_dataset\train\no_yawn\2607.jpg,no_yawn,train,SIM_1092,success,281,132,384,204
D:\driver-drowsiness-detection\dataset\train\no_yawn\2609.jpg,d:\driver-drowsiness-detection\mouth_dataset\test\no_yawn\2609.jpg,no_yawn,test,SIM_1093,success,267,134,386,195
D:\driver-drowsiness-detection\dataset\train\no_yawn\2610.jpg,d:\driver-drowsiness-detection\mouth_dataset\test\no_yawn\2610.jpg,no_yawn,test,SIM_1093,success,270,132,384,189
D:\driver-drowsiness-detection\dataset\train\no_yawn\2621.jpg,d:\driver-drowsiness-detection\mouth_dataset\train\no_yawn\2621.jpg,no_yawn,train,SIM_1094,success,310,202,439,271
D:\driver-drowsiness-detection\dataset\train\no_yawn\2622.jpg,d:\driver-drowsiness-detection\mouth_dataset\train\no_yawn\2622.jpg,no_yawn,train,SIM_1095,success,350,193,478,267
D:\driver-drowsiness-detection\dataset\train\no_yawn\2623.jpg,d:\driver-drowsiness-detection\mouth_dataset\test\no_yawn\2623.jpg,no_yawn,test,SIM_1096,success,382,181,509,250
D:\driver-drowsiness-detection\dataset\train\no_yawn\27.jpg,d:\driver-drowsiness-detection\mouth_dataset\validation\no_yawn\27.jpg,no_yawn,validation,SIM_1097,success,321,236,416,275
D:\driver-drowsiness-detection\dataset\train\no_yawn\271.jpg,d:\driver-drowsiness-detection\mouth_dataset\train\no_yawn\271.jpg,no_yawn,train,SIM_1098,success,154,146,285,189
D:\driver-drowsiness-detection\dataset\train\no_yawn\276.jpg,d:\driver-drowsiness-detection\mouth_dataset\train\no_yawn\276.jpg,no_yawn,train,SIM_1099,success,117,175,263,239
D:\driver-drowsiness-detection\dataset\train\no_yawn\277.jpg,d:\driver-drowsiness-detection\mouth_dataset\train\no_yawn\277.jpg,no_yawn,train,SIM_1100,success,107,162,249,220
D:\driver-drowsiness-detection\dataset\train\no_yawn\278.jpg,d:\driver-drowsiness-detection\mouth_dataset\train\no_yawn\278.jpg,no_yawn,train,SIM_1100,success,111,148,254,206
D:\driver-drowsiness-detection\dataset\train\no_yawn\279.jpg,d:\driver-drowsiness-detection\mouth_dataset\train\no_yawn\279.jpg,no_yawn,train,SIM_1100,success,109,155,254,209
D:\driver-drowsiness-detection\dataset\train\no_yawn\28.jpg,d:\driver-drowsiness-detection\mouth_dataset\train\no_yawn\28.jpg,no_yawn,train,SIM_1101,success,344,232,426,275
D:\driver-drowsiness-detection\dataset\train\no_yawn\29.jpg,d:\driver-drowsiness-detection\mouth_dataset\train\no_yawn\29.jpg,no_yawn,train,SIM_1102,success,339,239,424,282
D:\driver-drowsiness-detection\dataset\train\no_yawn\291.jpg,d:\driver-drowsiness-detection\mouth_dataset\train\no_yawn\291.jpg,no_yawn,train,SIM_1103,success,265,311,382,367
D:\driver-drowsiness-detection\dataset\train\no_yawn\292.jpg,d:\driver-drowsiness-detection\mouth_dataset\train\no_yawn\292.jpg,no_yawn,train,SIM_1104,success,286,310,390,363
D:\driver-drowsiness-detection\dataset\train\no_yawn\293.jpg,d:\driver-drowsiness-detection\mouth_dataset\train\no_yawn\293.jpg,no_yawn,train,SIM_1104,success,282,310,386,364
D:\driver-drowsiness-detection\dataset\train\no_yawn\295.jpg,d:\driver-drowsiness-detection\mouth_dataset\train\no_yawn\295.jpg,no_yawn,train,SIM_1104,success,270,322,378,376
D:\driver-drowsiness-detection\dataset\train\no_yawn\299.jpg,d:\driver-drowsiness-detection\mouth_dataset\train\no_yawn\299.jpg,no_yawn,train,SIM_1105,success,351,304,435,352
D:\driver-drowsiness-detection\dataset\train\no_yawn\3.jpg,d:\driver-drowsiness-detection\mouth_dataset\train\no_yawn\3.jpg,no_yawn,train,SIM_0727,success,372,261,482,324
D:\driver-drowsiness-detection\dataset\train\no_yawn\312.jpg,d:\driver-drowsiness-detection\mouth_dataset\train\no_yawn\312.jpg,no_yawn,train,SIM_1106,success,350,283,432,329
D:\driver-drowsiness-detection\dataset\train\no_yawn\313.jpg,d:\driver-drowsiness-detection\mouth_dataset\train\no_yawn\313.jpg,no_yawn,train,SIM_1107,success,296,294,393,346
D:\driver-drowsiness-detection\dataset\train\no_yawn\314.jpg,d:\driver-drowsiness-detection\mouth_dataset\validation\no_yawn\314.jpg,no_yawn,validation,SIM_1108,success,243,283,371,334
D:\driver-drowsiness-detection\dataset\train\no_yawn\315.jpg,d:\driver-drowsiness-detection\mouth_dataset\validation\no_yawn\315.jpg,no_yawn,validation,SIM_1109,success,272,298,384,350
D:\driver-drowsiness-detection\dataset\train\no_yawn\316.jpg,d:\driver-drowsiness-detection\mouth_dataset\train\no_yawn\316.jpg,no_yawn,train,SIM_1110,success,293,299,391,350
D:\driver-drowsiness-detection\dataset\train\no_yawn\317.jpg,d:\driver-drowsiness-detection\mouth_dataset\train\no_yawn\317.jpg,no_yawn,train,SIM_1111,success,322,292,409,341
D:\driver-drowsiness-detection\dataset\train\no_yawn\318.jpg,d:\driver-drowsiness-detection\mouth_dataset\train\no_yawn\318.jpg,no_yawn,train,SIM_1112,success,343,281,428,321
D:\driver-drowsiness-detection\dataset\train\no_yawn\332.jpg,d:\driver-drowsiness-detection\mouth_dataset\train\no_yawn\332.jpg,no_yawn,train,SIM_1113,success,310,303,403,351
D:\driver-drowsiness-detection\dataset\train\no_yawn\333.jpg,d:\driver-drowsiness-detection\mouth_dataset\train\no_yawn\333.jpg,no_yawn,train,SIM_1114,success,271,323,380,371
D:\driver-drowsiness-detection\dataset\train\no_yawn\336.jpg,d:\driver-drowsiness-detection\mouth_dataset\train\no_yawn\336.jpg,no_yawn,train,SIM_1115,success,293,298,390,345
D:\driver-drowsiness-detection\dataset\train\no_yawn\371.jpg,d:\driver-drowsiness-detection\mouth_dataset\test\no_yawn\371.jpg,no_yawn,test,SIM_1116,success,265,277,361,325
D:\driver-drowsiness-detection\dataset\train\no_yawn\372.jpg,d:\driver-drowsiness-detection\mouth_dataset\test\no_yawn\372.jpg,no_yawn,test,SIM_1116,success,265,275,360,326
D:\driver-drowsiness-detection\dataset\train\no_yawn\373.jpg,d:\driver-drowsiness-detection\mouth_dataset\test\no_yawn\373.jpg,no_yawn,test,SIM_1116,success,265,276,360,324
D:\driver-drowsiness-detection\dataset\train\no_yawn\375.jpg,d:\driver-drowsiness-detection\mouth_dataset\train\no_yawn\375.jpg,no_yawn,train,SIM_1117,success,264,276,359,325
D:\driver-drowsiness-detection\dataset\train\no_yawn\378.jpg,d:\driver-drowsiness-detection\mouth_dataset\test\no_yawn\378.jpg,no_yawn,test,SIM_1116,success,266,275,361,324
D:\driver-drowsiness-detection\dataset\train\no_yawn\379.jpg,d:\driver-drowsiness-detection\mouth_dataset\test\no_yawn\379.jpg,no_yawn,test,SIM_1116,success,267,275,361,324
D:\driver-drowsiness-detection\dataset\train\no_yawn\380.jpg,d:\driver-drowsiness-detection\mouth_dataset\test\no_yawn\380.jpg,no_yawn,test,SIM_1116,success,265,275,362,323
D:\driver-drowsiness-detection\dataset\train\no_yawn\4.jpg,d:\driver-drowsiness-detection\mouth_dataset\train\no_yawn\4.jpg,no_yawn,train,SIM_0727,success,370,261,482,325
D:\driver-drowsiness-detection\dataset\train\no_yawn\411.jpg,d:\driver-drowsiness-detection\mouth_dataset\train\no_yawn\411.jpg,no_yawn,train,SIM_1118,success,244,307,356,370
D:\driver-drowsiness-detection\dataset\train\no_yawn\412.jpg,d:\driver-drowsiness-detection\mouth_dataset\train\no_yawn\412.jpg,no_yawn,train,SIM_1118,success,246,310,359,372
D:\driver-drowsiness-detection\dataset\train\no_yawn\416.jpg,d:\driver-drowsiness-detection\mouth_dataset\train\no_yawn\416.jpg,no_yawn,train,SIM_1118,success,250,311,361,373
D:\driver-drowsiness-detection\dataset\train\no_yawn\417.jpg,d:\driver-drowsiness-detection\mouth_dataset\train\no_yawn\417.jpg,no_yawn,train,SIM_1118,success,221,312,348,369
D:\driver-drowsiness-detection\dataset\train\no_yawn\420.jpg,d:\driver-drowsiness-detection\mouth_dataset\train\no_yawn\420.jpg,no_yawn,train,SIM_1118,success,249,306,361,368
D:\driver-drowsiness-detection\dataset\train\no_yawn\431.jpg,d:\driver-drowsiness-detection\mouth_dataset\train\no_yawn\431.jpg,no_yawn,train,SIM_1118,success,233,307,359,371
D:\driver-drowsiness-detection\dataset\train\no_yawn\432.jpg,d:\driver-drowsiness-detection\mouth_dataset\train\no_yawn\432.jpg,no_yawn,train,SIM_1118,success,253,304,369,368
D:\driver-drowsiness-detection\dataset\train\no_yawn\433.jpg,d:\driver-drowsiness-detection\mouth_dataset\train\no_yawn\433.jpg,no_yawn,train,SIM_1118,success,251,305,367,370
D:\driver-drowsiness-detection\dataset\train\no_yawn\435.jpg,d:\driver-drowsiness-detection\mouth_dataset\train\no_yawn\435.jpg,no_yawn,train,SIM_1118,success,233,307,357,371
D:\driver-drowsiness-detection\dataset\train\no_yawn\436.jpg,d:\driver-drowsiness-detection\mouth_dataset\train\no_yawn\436.jpg,no_yawn,train,SIM_1119,success,265,310,372,375
D:\driver-drowsiness-detection\dataset\train\no_yawn\437.jpg,d:\driver-drowsiness-detection\mouth_dataset\test\no_yawn\437.jpg,no_yawn,test,SIM_1120,success,268,310,368,376
D:\driver-drowsiness-detection\dataset\train\no_yawn\439.jpg,d:\driver-drowsiness-detection\mouth_dataset\validation\no_yawn\439.jpg,no_yawn,validation,SIM_1121,success,216,330,339,391
D:\driver-drowsiness-detection\dataset\train\no_yawn\443.jpg,d:\driver-drowsiness-detection\mouth_dataset\test\no_yawn\443.jpg,no_yawn,test,SIM_1120,success,262,320,366,387
D:\driver-drowsiness-detection\dataset\train\no_yawn\445.jpg,d:\driver-drowsiness-detection\mouth_dataset\test\no_yawn\445.jpg,no_yawn,test,SIM_1120,success,242,319,362,386
D:\driver-drowsiness-detection\dataset\train\no_yawn\446.jpg,d:\driver-drowsiness-detection\mouth_dataset\train\no_yawn\446.jpg,no_yawn,train,SIM_1122,success,198,333,332,399
D:\driver-drowsiness-detection\dataset\train\no_yawn\447.jpg,d:\driver-drowsiness-detection\mouth_dataset\train\no_yawn\447.jpg,no_yawn,train,SIM_1122,success,199,332,332,393
D:\driver-drowsiness-detection\dataset\train\no_yawn\448.jpg,d:\driver-drowsiness-detection\mouth_dataset\test\no_yawn\448.jpg,no_yawn,test,SIM_1120,success,246,322,362,396
D:\driver-drowsiness-detection\dataset\train\no_yawn\449.jpg,d:\driver-drowsiness-detection\mouth_dataset\test\no_yawn\449.jpg,no_yawn,test,SIM_1120,success,251,317,366,384
D:\driver-drowsiness-detection\dataset\train\no_yawn\450.jpg,d:\driver-drowsiness-detection\mouth_dataset\test\no_yawn\450.jpg,no_yawn,test,SIM_1120,success,260,313,368,384
D:\driver-drowsiness-detection\dataset\train\no_yawn\461.jpg,d:\driver-drowsiness-detection\mouth_dataset\validation\no_yawn\461.jpg,no_yawn,validation,SIM_1123,success,245,264,363,320
D:\driver-drowsiness-detection\dataset\train\no_yawn\466.jpg,d:\driver-drowsiness-detection\mouth_dataset\train\no_yawn\466.jpg,no_yawn,train,SIM_1124,success,229,274,357,329
D:\driver-drowsiness-detection\dataset\train\no_yawn\467.jpg,d:\driver-drowsiness-detection\mouth_dataset\train\no_yawn\467.jpg,no_yawn,train,SIM_1125,success,252,268,372,323
D:\driver-drowsiness-detection\dataset\train\no_yawn\469.jpg,d:\driver-drowsiness-detection\mouth_dataset\train\no_yawn\469.jpg,no_yawn,train,SIM_1125,success,252,268,370,334
D:\driver-drowsiness-detection\dataset\train\no_yawn\470.jpg,d:\driver-drowsiness-detection\mouth_dataset\train\no_yawn\470.jpg,no_yawn,train,SIM_1125,success,252,269,367,340
D:\driver-drowsiness-detection\dataset\train\no_yawn\481.jpg,d:\driver-drowsiness-detection\mouth_dataset\train\no_yawn\481.jpg,no_yawn,train,SIM_1126,success,266,284,363,333
D:\driver-drowsiness-detection\dataset\train\no_yawn\482.jpg,d:\driver-drowsiness-detection\mouth_dataset\test\no_yawn\482.jpg,no_yawn,test,SIM_1127,success,288,286,374,335
D:\driver-drowsiness-detection\dataset\train\no_yawn\483.jpg,d:\driver-drowsiness-detection\mouth_dataset\train\no_yawn\483.jpg,no_yawn,train,SIM_1128,success,275,286,371,336
D:\driver-drowsiness-detection\dataset\train\no_yawn\487.jpg,d:\driver-drowsiness-detection\mouth_dataset\train\no_yawn\487.jpg,no_yawn,train,SIM_1126,success,261,283,361,336
D:\driver-drowsiness-detection\dataset\train\no_yawn\488.jpg,d:\driver-drowsiness-detection\mouth_dataset\train\no_yawn\488.jpg,no_yawn,train,SIM_1129,success,256,263,358,324
D:\driver-drowsiness-detection\dataset\train\no_yawn\490.jpg,d:\driver-drowsiness-detection\mouth_dataset\test\no_yawn\490.jpg,no_yawn,test,SIM_1130,success,267,262,367,318
D:\driver-drowsiness-detection\dataset\train\no_yawn\5.jpg,d:\driver-drowsiness-detection\mouth_dataset\test\no_yawn\5.jpg,no_yawn,test,SIM_1131,success,421,253,510,317
D:\driver-drowsiness-detection\dataset\train\no_yawn\501.jpg,d:\driver-drowsiness-detection\mouth_dataset\train\no_yawn\501.jpg,no_yawn,train,SIM_1132,success,288,268,380,326
D:\driver-drowsiness-detection\dataset\train\no_yawn\502.jpg,d:\driver-drowsiness-detection\mouth_dataset\train\no_yawn\502.jpg,no_yawn,train,SIM_1132,success,280,274,374,328
D:\driver-drowsiness-detection\dataset\train\no_yawn\505.jpg,d:\driver-drowsiness-detection\mouth_dataset\train\no_yawn\505.jpg,no_yawn,train,SIM_1133,success,279,258,379,318
D:\driver-drowsiness-detection\dataset\train\no_yawn\507.jpg,d:\driver-drowsiness-detection\mouth_dataset\train\no_yawn\507.jpg,no_yawn,train,SIM_1134,success,272,266,370,325
D:\driver-drowsiness-detection\dataset\train\no_yawn\509.jpg,d:\driver-drowsiness-detection\mouth_dataset\train\no_yawn\509.jpg,no_yawn,train,SIM_1135,success,246,267,350,326
D:\driver-drowsiness-detection\dataset\train\no_yawn\51.jpg,d:\driver-drowsiness-detection\mouth_dataset\train\no_yawn\51.jpg,no_yawn,train,SIM_1136,success,248,211,354,278
D:\driver-drowsiness-detection\dataset\train\no_yawn\510.jpg,d:\driver-drowsiness-detection\mouth_dataset\test\no_yawn\510.jpg,no_yawn,test,SIM_1137,success,260,257,361,316
D:\driver-drowsiness-detection\dataset\train\no_yawn\521.jpg,d:\driver-drowsiness-detection\mouth_dataset\train\no_yawn\521.jpg,no_yawn,train,SIM_1138,success,284,226,379,287
D:\driver-drowsiness-detection\dataset\train\no_yawn\522.jpg,d:\driver-drowsiness-detection\mouth_dataset\train\no_yawn\522.jpg,no_yawn,train,SIM_1139,success,289,240,384,299
D:\driver-drowsiness-detection\dataset\train\no_yawn\525.jpg,d:\driver-drowsiness-detection\mouth_dataset\test\no_yawn\525.jpg,no_yawn,test,SIM_1140,success,327,267,395,319
D:\driver-drowsiness-detection\dataset\train\no_yawn\526.jpg,d:\driver-drowsiness-detection\mouth_dataset\train\no_yawn\526.jpg,no_yawn,train,SIM_1141,success,283,271,377,324
D:\driver-drowsiness-detection\dataset\train\no_yawn\528.jpg,d:\driver-drowsiness-detection\mouth_dataset\train\no_yawn\528.jpg,no_yawn,train,SIM_1141,success,274,269,375,326
D:\driver-drowsiness-detection\dataset\train\no_yawn\529.jpg,d:\driver-drowsiness-detection\mouth_dataset\test\no_yawn\529.jpg,no_yawn,test,SIM_1142,success,236,279,351,333
D:\driver-drowsiness-detection\dataset\train\no_yawn\54.jpg,d:\driver-drowsiness-detection\mouth_dataset\train\no_yawn\54.jpg,no_yawn,train,SIM_1143,success,224,215,342,277
D:\driver-drowsiness-detection\dataset\train\no_yawn\542.jpg,d:\driver-drowsiness-detection\mouth_dataset\train\no_yawn\542.jpg,no_yawn,train,SIM_1144,success,256,254,360,316
D:\driver-drowsiness-detection\dataset\train\no_yawn\543.jpg,d:\driver-drowsiness-detection\mouth_dataset\train\no_yawn\543.jpg,no_yawn,train,SIM_1144,success,258,253,361,316
D:\driver-drowsiness-detection\dataset\train\no_yawn\546.jpg,d:\driver-drowsiness-detection\mouth_dataset\train\no_yawn\546.jpg,no_yawn,train,SIM_1144,success,262,252,365,314
D:\driver-drowsiness-detection\dataset\train\no_yawn\547.jpg,d:\driver-drowsiness-detection\mouth_dataset\train\no_yawn\547.jpg,no_yawn,train,SIM_1144,success,260,252,364,313
D:\driver-drowsiness-detection\dataset\train\no_yawn\548.jpg,d:\driver-drowsiness-detection\mouth_dataset\train\no_yawn\548.jpg,no_yawn,train,SIM_1144,success,264,251,368,314
D:\driver-drowsiness-detection\dataset\train\no_yawn\551.jpg,d:\driver-drowsiness-detection\mouth_dataset\train\no_yawn\551.jpg,no_yawn,train,SIM_1144,success,256,255,359,317
D:\driver-drowsiness-detection\dataset\train\no_yawn\552.jpg,d:\driver-drowsiness-detection\mouth_dataset\train\no_yawn\552.jpg,no_yawn,train,SIM_1144,success,248,255,354,317
D:\driver-drowsiness-detection\dataset\train\no_yawn\555.jpg,d:\driver-drowsiness-detection\mouth_dataset\train\no_yawn\555.jpg,no_yawn,train,SIM_1144,success,268,244,369,304
D:\driver-drowsiness-detection\dataset\train\no_yawn\557.jpg,d:\driver-drowsiness-detection\mouth_dataset\train\no_yawn\557.jpg,no_yawn,train,SIM_1145,success,299,307,408,360
D:\driver-drowsiness-detection\dataset\train\no_yawn\558.jpg,d:\driver-drowsiness-detection\mouth_dataset\train\no_yawn\558.jpg,no_yawn,train,SIM_1145,success,310,301,416,353
D:\driver-drowsiness-detection\dataset\train\no_yawn\56.jpg,d:\driver-drowsiness-detection\mouth_dataset\train\no_yawn\56.jpg,no_yawn,train,SIM_1146,success,190,222,310,278
D:\driver-drowsiness-detection\dataset\train\no_yawn\560.jpg,d:\driver-drowsiness-detection\mouth_dataset\train\no_yawn\560.jpg,no_yawn,train,SIM_1147,success,311,303,413,353
D:\driver-drowsiness-detection\dataset\train\no_yawn\571.jpg,d:\driver-drowsiness-detection\mouth_dataset\train\no_yawn\571.jpg,no_yawn,train,SIM_1145,success,295,301,410,352
D:\driver-drowsiness-detection\dataset\train\no_yawn\572.jpg,d:\driver-drowsiness-detection\mouth_dataset\train\no_yawn\572.jpg,no_yawn,train,SIM_1145,success,322,306,419,357
D:\driver-drowsiness-detection\dataset\train\no_yawn\573.jpg,d:\driver-drowsiness-detection\mouth_dataset\train\no_yawn\573.jpg,no_yawn,train,SIM_1145,success,329,297,425,346
D:\driver-drowsiness-detection\dataset\train\no_yawn\578.jpg,d:\driver-drowsiness-detection\mouth_dataset\train\no_yawn\578.jpg,no_yawn,train,SIM_1145,success,312,299,415,349
D:\driver-drowsiness-detection\dataset\train\no_yawn\579.jpg,d:\driver-drowsiness-detection\mouth_dataset\train\no_yawn\579.jpg,no_yawn,train,SIM_1145,success,306,298,415,349
D:\driver-drowsiness-detection\dataset\train\no_yawn\58.jpg,d:\driver-drowsiness-detection\mouth_dataset\test\no_yawn\58.jpg,no_yawn,test,SIM_1148,success,296,220,388,274
D:\driver-drowsiness-detection\dataset\train\no_yawn\580.jpg,d:\driver-drowsiness-detection\mouth_dataset\train\no_yawn\580.jpg,no_yawn,train,SIM_1145,success,300,295,410,347
D:\driver-drowsiness-detection\dataset\train\no_yawn\6.jpg,d:\driver-drowsiness-detection\mouth_dataset\test\no_yawn\6.jpg,no_yawn,test,SIM_1149,success,443,251,524,313
D:\driver-drowsiness-detection\dataset\train\no_yawn\601.jpg,d:\driver-drowsiness-detection\mouth_dataset\train\no_yawn\601.jpg,no_yawn,train,SIM_1150,success,301,284,410,336
D:\driver-drowsiness-detection\dataset\train\no_yawn\602.jpg,d:\driver-drowsiness-detection\mouth_dataset\test\no_yawn\602.jpg,no_yawn,test,SIM_1151,success,302,289,412,339
D:\driver-drowsiness-detection\dataset\train\no_yawn\603.jpg,d:\driver-drowsiness-detection\mouth_dataset\train\no_yawn\603.jpg,no_yawn,train,SIM_1152,success,300,287,408,338
D:\driver-drowsiness-detection\dataset\train\no_yawn\606.jpg,d:\driver-drowsiness-detection\mouth_dataset\test\no_yawn\606.jpg,no_yawn,test,SIM_1153,success,286,285,394,340
D:\driver-drowsiness-detection\dataset\train\no_yawn\607.jpg,d:\driver-drowsiness-detection\mouth_dataset\test\no_yawn\607.jpg,no_yawn,test,SIM_1153,success,297,288,403,339
D:\driver-drowsiness-detection\dataset\train\no_yawn\610.jpg,d:\driver-drowsiness-detection\mouth_dataset\test\no_yawn\610.jpg,no_yawn,test,SIM_1154,success,192,285,327,345
D:\driver-drowsiness-detection\dataset\train\no_yawn\612.jpg,d:\driver-drowsiness-detection\mouth_dataset\test\no_yawn\612.jpg,no_yawn,test,SIM_1155,success,283,295,402,350
D:\driver-drowsiness-detection\dataset\train\no_yawn\613.jpg,d:\driver-drowsiness-detection\mouth_dataset\train\no_yawn\613.jpg,no_yawn,train,SIM_1156,success,253,285,372,364
D:\driver-drowsiness-detection\dataset\train\no_yawn\615.jpg,d:\driver-drowsiness-detection\mouth_dataset\validation\no_yawn\615.jpg,no_yawn,validation,SIM_1157,success,255,292,371,360
D:\driver-drowsiness-detection\dataset\train\no_yawn\616.jpg,d:\driver-drowsiness-detection\mouth_dataset\train\no_yawn\616.jpg,no_yawn,train,SIM_1158,success,316,293,405,347
D:\driver-drowsiness-detection\dataset\train\no_yawn\617.jpg,d:\driver-drowsiness-detection\mouth_dataset\test\no_yawn\617.jpg,no_yawn,test,SIM_1159,success,280,304,387,362
D:\driver-drowsiness-detection\dataset\train\no_yawn\618.jpg,d:\driver-drowsiness-detection\mouth_dataset\train\no_yawn\618.jpg,no_yawn,train,SIM_1160,success,252,311,365,374
D:\driver-drowsiness-detection\dataset\train\no_yawn\619.jpg,d:\driver-drowsiness-detection\mouth_dataset\train\no_yawn\619.jpg,no_yawn,train,SIM_1160,success,252,310,363,369
D:\driver-drowsiness-detection\dataset\train\no_yawn\623.jpg,d:\driver-drowsiness-detection\mouth_dataset\train\no_yawn\623.jpg,no_yawn,train,SIM_1161,success,275,305,386,366
D:\driver-drowsiness-detection\dataset\train\no_yawn\635.jpg,d:\driver-drowsiness-detection\mouth_dataset\train\no_yawn\635.jpg,no_yawn,train,SIM_1162,success,344,264,447,331
D:\driver-drowsiness-detection\dataset\train\no_yawn\638.jpg,d:\driver-drowsiness-detection\mouth_dataset\test\no_yawn\638.jpg,no_yawn,test,SIM_1163,success,401,288,496,346
D:\driver-drowsiness-detection\dataset\train\no_yawn\639.jpg,d:\driver-drowsiness-detection\mouth_dataset\train\no_yawn\639.jpg,no_yawn,train,SIM_1164,success,369,310,468,379
D:\driver-drowsiness-detection\dataset\train\no_yawn\640.jpg,d:\driver-drowsiness-detection\mouth_dataset\train\no_yawn\640.jpg,no_yawn,train,SIM_1165,success,350,303,454,380
D:\driver-drowsiness-detection\dataset\train\no_yawn\641.jpg,d:\driver-drowsiness-detection\mouth_dataset\train\no_yawn\641.jpg,no_yawn,train,SIM_1166,success,353,296,455,371
D:\driver-drowsiness-detection\dataset\train\no_yawn\645.jpg,d:\driver-drowsiness-detection\mouth_dataset\test\no_yawn\645.jpg,no_yawn,test,SIM_1167,success,325,256,425,322
D:\driver-drowsiness-detection\dataset\train\no_yawn\646.jpg,d:\driver-drowsiness-detection\mouth_dataset\train\no_yawn\646.jpg,no_yawn,train,SIM_1168,success,337,255,443,324
D:\driver-drowsiness-detection\dataset\train\no_yawn\647.jpg,d:\driver-drowsiness-detection\mouth_dataset\test\no_yawn\647.jpg,no_yawn,test,SIM_1167,success,333,262,435,332
D:\driver-drowsiness-detection\dataset\train\no_yawn\648.jpg,d:\driver-drowsiness-detection\mouth_dataset\train\no_yawn\648.jpg,no_yawn,train,SIM_1162,success,333,270,437,340
D:\driver-drowsiness-detection\dataset\train\no_yawn\652.jpg,d:\driver-drowsiness-detection\mouth_dataset\train\no_yawn\652.jpg,no_yawn,train,SIM_1169,success,315,285,422,330
D:\driver-drowsiness-detection\dataset\train\no_yawn\653.jpg,d:\driver-drowsiness-detection\mouth_dataset\validation\no_yawn\653.jpg,no_yawn,validation,SIM_1170,success,267,302,384,356
D:\driver-drowsiness-detection\dataset\train\no_yawn\657.jpg,d:\driver-drowsiness-detection\mouth_dataset\train\no_yawn\657.jpg,no_yawn,train,SIM_1171,success,301,287,417,330
D:\driver-drowsiness-detection\dataset\train\no_yawn\658.jpg,d:\driver-drowsiness-detection\mouth_dataset\train\no_yawn\658.jpg,no_yawn,train,SIM_1172,success,294,286,411,329
D:\driver-drowsiness-detection\dataset\train\no_yawn\659.jpg,d:\driver-drowsiness-detection\mouth_dataset\validation\no_yawn\659.jpg,no_yawn,validation,SIM_1173,success,380,294,481,357
D:\driver-drowsiness-detection\dataset\train\no_yawn\660.jpg,d:\driver-drowsiness-detection\mouth_dataset\train\no_yawn\660.jpg,no_yawn,train,SIM_1174,success,391,301,490,368
D:\driver-drowsiness-detection\dataset\train\no_yawn\681.jpg,d:\driver-drowsiness-detection\mouth_dataset\train\no_yawn\681.jpg,no_yawn,train,SIM_1175,success,271,294,396,353
D:\driver-drowsiness-detection\dataset\train\no_yawn\682.jpg,d:\driver-drowsiness-detection\mouth_dataset\train\no_yawn\682.jpg,no_yawn,train,SIM_1176,success,302,289,425,343
D:\driver-drowsiness-detection\dataset\train\no_yawn\683.jpg,d:\driver-drowsiness-detection\mouth_dataset\train\no_yawn\683.jpg,no_yawn,train,SIM_1177,success,197,241,325,280
D:\driver-drowsiness-detection\dataset\train\no_yawn\689.jpg,d:\driver-drowsiness-detection\mouth_dataset\train\no_yawn\689.jpg,no_yawn,train,SIM_1178,success,279,249,368,314
D:\driver-drowsiness-detection\dataset\train\no_yawn\7.jpg,d:\driver-drowsiness-detection\mouth_dataset\train\no_yawn\7.jpg,no_yawn,train,SIM_1179,success,389,264,493,325
D:\driver-drowsiness-detection\dataset\train\no_yawn\701.jpg,d:\driver-drowsiness-detection\mouth_dataset\train\no_yawn\701.jpg,no_yawn,train,SIM_1180,success,155,280,280,326
D:\driver-drowsiness-detection\dataset\train\no_yawn\702.jpg,d:\driver-drowsiness-detection\mouth_dataset\test\no_yawn\702.jpg,no_yawn,test,SIM_1181,success,157,278,285,324
D:\driver-drowsiness-detection\dataset\train\no_yawn\703.jpg,d:\driver-drowsiness-detection\mouth_dataset\train\no_yawn\703.jpg,no_yawn,train,SIM_1182,success,211,265,333,315
D:\driver-drowsiness-detection\dataset\train\no_yawn\71.jpg,d:\driver-drowsiness-detection\mouth_dataset\train\no_yawn\71.jpg,no_yawn,train,SIM_1183,success,175,249,284,308
D:\driver-drowsiness-detection\dataset\train\no_yawn\72.jpg,d:\driver-drowsiness-detection\mouth_dataset\train\no_yawn\72.jpg,no_yawn,train,SIM_1183,success,173,251,284,307
D:\driver-drowsiness-detection\dataset\train\no_yawn\725.jpg,d:\driver-drowsiness-detection\mouth_dataset\test\no_yawn\725.jpg,no_yawn,test,SIM_1184,success,324,281,425,339
D:\driver-drowsiness-detection\dataset\train\no_yawn\726.jpg,d:\driver-drowsiness-detection\mouth_dataset\test\no_yawn\726.jpg,no_yawn,test,SIM_1185,success,315,281,423,337
D:\driver-drowsiness-detection\dataset\train\no_yawn\728.jpg,d:\driver-drowsiness-detection\mouth_dataset\train\no_yawn\728.jpg,no_yawn,train,SIM_1186,success,335,284,430,340
D:\driver-drowsiness-detection\dataset\train\no_yawn\729.jpg,d:\driver-drowsiness-detection\mouth_dataset\train\no_yawn\729.jpg,no_yawn,train,SIM_1187,success,328,280,431,339
D:\driver-drowsiness-detection\dataset\train\no_yawn\73.jpg,d:\driver-drowsiness-detection\mouth_dataset\train\no_yawn\73.jpg,no_yawn,train,SIM_1183,success,172,250,283,307
D:\driver-drowsiness-detection\dataset\train\no_yawn\733.jpg,d:\driver-drowsiness-detection\mouth_dataset\train\no_yawn\733.jpg,no_yawn,train,SIM_1188,success,352,273,445,332
D:\driver-drowsiness-detection\dataset\train\no_yawn\755.jpg,d:\driver-drowsiness-detection\mouth_dataset\train\no_yawn\755.jpg,no_yawn,train,SIM_1189,success,302,286,413,351
D:\driver-drowsiness-detection\dataset\train\no_yawn\756.jpg,d:\driver-drowsiness-detection\mouth_dataset\train\no_yawn\756.jpg,no_yawn,train,SIM_1189,success,300,285,413,352
D:\driver-drowsiness-detection\dataset\train\no_yawn\758.jpg,d:\driver-drowsiness-detection\mouth_dataset\train\no_yawn\758.jpg,no_yawn,train,SIM_1189,success,289,286,409,349
D:\driver-drowsiness-detection\dataset\train\no_yawn\76.jpg,d:\driver-drowsiness-detection\mouth_dataset\train\no_yawn\76.jpg,no_yawn,train,SIM_1183,success,189,246,294,299
D:\driver-drowsiness-detection\dataset\train\no_yawn\760.jpg,d:\driver-drowsiness-detection\mouth_dataset\train\no_yawn\760.jpg,no_yawn,train,SIM_1190,success,293,282,408,349
D:\driver-drowsiness-detection\dataset\train\no_yawn\77.jpg,d:\driver-drowsiness-detection\mouth_dataset\train\no_yawn\77.jpg,no_yawn,train,SIM_1183,success,189,246,294,300
D:\driver-drowsiness-detection\dataset\train\no_yawn\771.jpg,d:\driver-drowsiness-detection\mouth_dataset\train\no_yawn\771.jpg,no_yawn,train,SIM_1191,success,310,258,408,313
D:\driver-drowsiness-detection\dataset\train\no_yawn\773.jpg,d:\driver-drowsiness-detection\mouth_dataset\validation\no_yawn\773.jpg,no_yawn,validation,SIM_1192,success,309,261,404,318
D:\driver-drowsiness-detection\dataset\train\no_yawn\775.jpg,d:\driver-drowsiness-detection\mouth_dataset\train\no_yawn\775.jpg,no_yawn,train,SIM_1193,success,312,254,406,303
D:\driver-drowsiness-detection\dataset\train\no_yawn\778.jpg,d:\driver-drowsiness-detection\mouth_dataset\train\no_yawn\778.jpg,no_yawn,train,SIM_1194,success,341,263,423,317
D:\driver-drowsiness-detection\dataset\train\no_yawn\779.jpg,d:\driver-drowsiness-detection\mouth_dataset\validation\no_yawn\779.jpg,no_yawn,validation,SIM_1192,success,313,259,408,318
D:\driver-drowsiness-detection\dataset\train\no_yawn\78.jpg,d:\driver-drowsiness-detection\mouth_dataset\train\no_yawn\78.jpg,no_yawn,train,SIM_1183,success,191,246,294,299
D:\driver-drowsiness-detection\dataset\train\no_yawn\780.jpg,d:\driver-drowsiness-detection\mouth_dataset\train\no_yawn\780.jpg,no_yawn,train,SIM_1195,success,294,272,398,328
D:\driver-drowsiness-detection\dataset\train\no_yawn\781.jpg,d:\driver-drowsiness-detection\mouth_dataset\train\no_yawn\781.jpg,no_yawn,train,SIM_1195,success,308,276,406,331
D:\driver-drowsiness-detection\dataset\train\no_yawn\782.jpg,d:\driver-drowsiness-detection\mouth_dataset\train\no_yawn\782.jpg,no_yawn,train,SIM_1196,success,315,280,409,333
D:\driver-drowsiness-detection\dataset\train\no_yawn\786.jpg,d:\driver-drowsiness-detection\mouth_dataset\train\no_yawn\786.jpg,no_yawn,train,SIM_1197,success,296,256,400,320
D:\driver-drowsiness-detection\dataset\train\no_yawn\787.jpg,d:\driver-drowsiness-detection\mouth_dataset\train\no_yawn\787.jpg,no_yawn,train,SIM_1198,success,308,260,410,317
D:\driver-drowsiness-detection\dataset\train\no_yawn\788.jpg,d:\driver-drowsiness-detection\mouth_dataset\train\no_yawn\788.jpg,no_yawn,train,SIM_1199,success,273,293,379,356
D:\driver-drowsiness-detection\dataset\train\no_yawn\79.jpg,d:\driver-drowsiness-detection\mouth_dataset\train\no_yawn\79.jpg,no_yawn,train,SIM_1183,success,193,247,296,298
D:\driver-drowsiness-detection\dataset\train\no_yawn\791.jpg,d:\driver-drowsiness-detection\mouth_dataset\train\no_yawn\791.jpg,no_yawn,train,SIM_1200,success,291,296,389,352
D:\driver-drowsiness-detection\dataset\train\no_yawn\792.jpg,d:\driver-drowsiness-detection\mouth_dataset\train\no_yawn\792.jpg,no_yawn,train,SIM_1201,success,334,303,411,351
D:\driver-drowsiness-detection\dataset\train\no_yawn\793.jpg,d:\driver-drowsiness-detection\mouth_dataset\train\no_yawn\793.jpg,no_yawn,train,SIM_1202,success,280,303,385,358
D:\driver-drowsiness-detection\dataset\train\no_yawn\8.jpg,d:\driver-drowsiness-detection\mouth_dataset\train\no_yawn\8.jpg,no_yawn,train,SIM_0727,success,377,258,483,324
D:\driver-drowsiness-detection\dataset\train\no_yawn\828.jpg,d:\driver-drowsiness-detection\mouth_dataset\validation\no_yawn\828.jpg,no_yawn,validation,SIM_1203,success,302,274,419,314
D:\driver-drowsiness-detection\dataset\train\no_yawn\829.jpg,d:\driver-drowsiness-detection\mouth_dataset\validation\no_yawn\829.jpg,no_yawn,validation,SIM_1203,success,302,269,418,312
D:\driver-drowsiness-detection\dataset\train\no_yawn\830.jpg,d:\driver-drowsiness-detection\mouth_dataset\validation\no_yawn\830.jpg,no_yawn,validation,SIM_1203,success,307,268,419,310
D:\driver-drowsiness-detection\dataset\train\no_yawn\831.jpg,d:\driver-drowsiness-detection\mouth_dataset\validation\no_yawn\831.jpg,no_yawn,validation,SIM_1203,success,306,268,418,307
D:\driver-drowsiness-detection\dataset\train\no_yawn\833.jpg,d:\driver-drowsiness-detection\mouth_dataset\validation\no_yawn\833.jpg,no_yawn,validation,SIM_1203,success,305,268,417,310
D:\driver-drowsiness-detection\dataset\train\no_yawn\837.jpg,d:\driver-drowsiness-detection\mouth_dataset\train\no_yawn\837.jpg,no_yawn,train,SIM_1204,success,350,252,453,308
D:\driver-drowsiness-detection\dataset\train\no_yawn\840.jpg,d:\driver-drowsiness-detection\mouth_dataset\train\no_yawn\840.jpg,no_yawn,train,SIM_1205,success,320,244,432,306
D:\driver-drowsiness-detection\dataset\train\no_yawn\851.jpg,d:\driver-drowsiness-detection\mouth_dataset\validation\no_yawn\851.jpg,no_yawn,validation,SIM_1206,success,320,256,440,321
D:\driver-drowsiness-detection\dataset\train\no_yawn\852.jpg,d:\driver-drowsiness-detection\mouth_dataset\validation\no_yawn\852.jpg,no_yawn,validation,SIM_1206,success,320,257,440,321
D:\driver-drowsiness-detection\dataset\train\no_yawn\853.jpg,d:\driver-drowsiness-detection\mouth_dataset\validation\no_yawn\853.jpg,no_yawn,validation,SIM_1206,success,320,257,440,322
D:\driver-drowsiness-detection\dataset\train\no_yawn\854.jpg,d:\driver-drowsiness-detection\mouth_dataset\validation\no_yawn\854.jpg,no_yawn,validation,SIM_1206,success,319,257,443,322
D:\driver-drowsiness-detection\dataset\train\no_yawn\866.jpg,d:\driver-drowsiness-detection\mouth_dataset\train\no_yawn\866.jpg,no_yawn,train,SIM_1207,success,351,226,469,259
D:\driver-drowsiness-detection\dataset\train\no_yawn\867.jpg,d:\driver-drowsiness-detection\mouth_dataset\train\no_yawn\867.jpg,no_yawn,train,SIM_1208,success,368,217,481,249
D:\driver-drowsiness-detection\dataset\train\no_yawn\868.jpg,d:\driver-drowsiness-detection\mouth_dataset\train\no_yawn\868.jpg,no_yawn,train,SIM_1209,success,396,191,490,239
D:\driver-drowsiness-detection\dataset\train\no_yawn\884.jpg,d:\driver-drowsiness-detection\mouth_dataset\validation\no_yawn\884.jpg,no_yawn,validation,SIM_1210,success,327,191,438,222
D:\driver-drowsiness-detection\dataset\train\no_yawn\896.jpg,d:\driver-drowsiness-detection\mouth_dataset\train\no_yawn\896.jpg,no_yawn,train,SIM_1211,success,338,240,439,307
D:\driver-drowsiness-detection\dataset\train\no_yawn\897.jpg,d:\driver-drowsiness-detection\mouth_dataset\train\no_yawn\897.jpg,no_yawn,train,SIM_1212,success,354,264,451,309
D:\driver-drowsiness-detection\dataset\train\no_yawn\898.jpg,d:\driver-drowsiness-detection\mouth_dataset\test\no_yawn\898.jpg,no_yawn,test,SIM_1213,success,353,286,457,346
D:\driver-drowsiness-detection\dataset\train\no_yawn\899.jpg,d:\driver-drowsiness-detection\mouth_dataset\train\no_yawn\899.jpg,no_yawn,train,SIM_1214,success,361,308,465,358
D:\driver-drowsiness-detection\dataset\train\no_yawn\9.jpg,d:\driver-drowsiness-detection\mouth_dataset\validation\no_yawn\9.jpg,no_yawn,validation,SIM_1215,success,301,235,437,311
D:\driver-drowsiness-detection\dataset\train\no_yawn\900.jpg,d:\driver-drowsiness-detection\mouth_dataset\test\no_yawn\900.jpg,no_yawn,test,SIM_1216,success,380,345,487,398
D:\driver-drowsiness-detection\dataset\train\no_yawn\91.jpg,d:\driver-drowsiness-detection\mouth_dataset\train\no_yawn\91.jpg,no_yawn,train,SIM_1217,success,195,259,311,317
D:\driver-drowsiness-detection\dataset\train\no_yawn\911.jpg,d:\driver-drowsiness-detection\mouth_dataset\validation\no_yawn\911.jpg,no_yawn,validation,SIM_1218,success,363,251,454,302
D:\driver-drowsiness-detection\dataset\train\no_yawn\914.jpg,d:\driver-drowsiness-detection\mouth_dataset\test\no_yawn\914.jpg,no_yawn,test,SIM_1219,success,294,257,417,294
D:\driver-drowsiness-detection\dataset\train\no_yawn\918.jpg,d:\driver-drowsiness-detection\mouth_dataset\test\no_yawn\918.jpg,no_yawn,test,SIM_1220,success,281,297,380,345
D:\driver-drowsiness-detection\dataset\train\no_yawn\919.jpg,d:\driver-drowsiness-detection\mouth_dataset\train\no_yawn\919.jpg,no_yawn,train,SIM_1221,success,285,296,383,343
D:\driver-drowsiness-detection\dataset\train\no_yawn\93.jpg,d:\driver-drowsiness-detection\mouth_dataset\train\no_yawn\93.jpg,no_yawn,train,SIM_1222,success,189,250,303,314
D:\driver-drowsiness-detection\dataset\train\no_yawn\931.jpg,d:\driver-drowsiness-detection\mouth_dataset\train\no_yawn\931.jpg,no_yawn,train,SIM_1223,success,375,269,451,316
D:\driver-drowsiness-detection\dataset\train\no_yawn\932.jpg,d:\driver-drowsiness-detection\mouth_dataset\train\no_yawn\932.jpg,no_yawn,train,SIM_1224,success,303,305,400,350
D:\driver-drowsiness-detection\dataset\train\no_yawn\933.jpg,d:\driver-drowsiness-detection\mouth_dataset\validation\no_yawn\933.jpg,no_yawn,validation,SIM_1225,success,279,295,385,344
D:\driver-drowsiness-detection\dataset\train\no_yawn\94.jpg,,no_yawn,train,SIM_1226,mouth_landmarks_not_detected,,,,
D:\driver-drowsiness-detection\dataset\train\no_yawn\957.jpg,d:\driver-drowsiness-detection\mouth_dataset\train\no_yawn\957.jpg,no_yawn,train,SIM_1227,success,155,323,295,404
D:\driver-drowsiness-detection\dataset\train\no_yawn\958.jpg,d:\driver-drowsiness-detection\mouth_dataset\test\no_yawn\958.jpg,no_yawn,test,SIM_1228,success,181,322,330,384
D:\driver-drowsiness-detection\dataset\train\no_yawn\959.jpg,d:\driver-drowsiness-detection\mouth_dataset\train\no_yawn\959.jpg,no_yawn,train,SIM_1229,success,277,270,398,314
D:\driver-drowsiness-detection\dataset\train\no_yawn\962.jpg,d:\driver-drowsiness-detection\mouth_dataset\train\no_yawn\962.jpg,no_yawn,train,SIM_1230,success,278,253,394,297
D:\driver-drowsiness-detection\dataset\train\no_yawn\963.jpg,d:\driver-drowsiness-detection\mouth_dataset\train\no_yawn\963.jpg,no_yawn,train,SIM_1231,success,267,269,386,316
D:\driver-drowsiness-detection\dataset\train\no_yawn\964.jpg,d:\driver-drowsiness-detection\mouth_dataset\train\no_yawn\964.jpg,no_yawn,train,SIM_1232,success,303,273,415,317
D:\driver-drowsiness-detection\dataset\train\no_yawn\976.jpg,d:\driver-drowsiness-detection\mouth_dataset\train\no_yawn\976.jpg,no_yawn,train,SIM_1233,success,296,285,407,326
D:\driver-drowsiness-detection\dataset\train\no_yawn\98.jpg,d:\driver-drowsiness-detection\mouth_dataset\train\no_yawn\98.jpg,no_yawn,train,SIM_1234,success,276,250,360,311
D:\driver-drowsiness-detection\dataset\train\no_yawn\980.jpg,d:\driver-drowsiness-detection\mouth_dataset\train\no_yawn\980.jpg,no_yawn,train,SIM_1235,success,338,295,426,327
D:\driver-drowsiness-detection\dataset\train\no_yawn\981.jpg,d:\driver-drowsiness-detection\mouth_dataset\validation\no_yawn\981.jpg,no_yawn,validation,SIM_1236,success,301,284,410,324
D:\driver-drowsiness-detection\dataset\train\no_yawn\982.jpg,d:\driver-drowsiness-detection\mouth_dataset\train\no_yawn\982.jpg,no_yawn,train,SIM_1237,success,293,284,405,316
D:\driver-drowsiness-detection\dataset\train\no_yawn\983.jpg,d:\driver-drowsiness-detection\mouth_dataset\train\no_yawn\983.jpg,no_yawn,train,SIM_1235,success,335,288,428,330
D:\driver-drowsiness-detection\dataset\train\no_yawn\987.jpg,d:\driver-drowsiness-detection\mouth_dataset\train\no_yawn\987.jpg,no_yawn,train,SIM_1238,success,320,262,427,297
D:\driver-drowsiness-detection\dataset\train\no_yawn\988.jpg,d:\driver-drowsiness-detection\mouth_dataset\test\no_yawn\988.jpg,no_yawn,test,SIM_1239,success,306,257,421,297
D:\driver-drowsiness-detection\dataset\train\no_yawn\99.jpg,d:\driver-drowsiness-detection\mouth_dataset\validation\no_yawn\99.jpg,no_yawn,validation,SIM_1240,success,230,246,336,308
D:\driver-drowsiness-detection\dataset\train\no_yawn\991.jpg,d:\driver-drowsiness-detection\mouth_dataset\train\no_yawn\991.jpg,no_yawn,train,SIM_1241,success,295,273,421,311
D:\driver-drowsiness-detection\dataset\train\no_yawn\992.jpg,d:\driver-drowsiness-detection\mouth_dataset\train\no_yawn\992.jpg,no_yawn,train,SIM_1242,success,326,283,433,310
D:\driver-drowsiness-detection\dataset\train\no_yawn\993.jpg,d:\driver-drowsiness-detection\mouth_dataset\train\no_yawn\993.jpg,no_yawn,train,SIM_1243,success,376,275,454,308
D:\driver-drowsiness-detection\dataset\train\no_yawn\994.jpg,d:\driver-drowsiness-detection\mouth_dataset\test\no_yawn\994.jpg,no_yawn,test,SIM_1244,success,348,282,442,309
D:\driver-drowsiness-detection\dataset\train\no_yawn\997.jpg,d:\driver-drowsiness-detection\mouth_dataset\train\no_yawn\997.jpg,no_yawn,train,SIM_1245,success,317,287,425,316
D:\driver-drowsiness-detection\dataset\train\no_yawn\998.jpg,d:\driver-drowsiness-detection\mouth_dataset\train\no_yawn\998.jpg,no_yawn,train,SIM_1246,success,310,287,417,314
D:\driver-drowsiness-detection\dataset\train\yawn\1.jpg,d:\driver-drowsiness-detection\mouth_dataset\train\yawn\1.jpg,yawn,train,SIM_1972,success,423,212,537,368
D:\driver-drowsiness-detection\dataset\train\yawn\10.jpg,d:\driver-drowsiness-detection\mouth_dataset\train\yawn\10.jpg,yawn,train,SIM_1973,success,272,248,354,332
D:\driver-drowsiness-detection\dataset\train\yawn\100.jpg,d:\driver-drowsiness-detection\mouth_dataset\train\yawn\100.jpg,yawn,train,SIM_1974,success,168,203,294,350
D:\driver-drowsiness-detection\dataset\train\yawn\101.jpg,d:\driver-drowsiness-detection\mouth_dataset\train\yawn\101.jpg,yawn,train,SIM_1974,success,165,204,294,349
D:\driver-drowsiness-detection\dataset\train\yawn\102.jpg,d:\driver-drowsiness-detection\mouth_dataset\train\yawn\102.jpg,yawn,train,SIM_1974,success,165,205,294,353
D:\driver-drowsiness-detection\dataset\train\yawn\103.jpg,d:\driver-drowsiness-detection\mouth_dataset\train\yawn\103.jpg,yawn,train,SIM_1974,success,165,205,291,352
D:\driver-drowsiness-detection\dataset\train\yawn\104.jpg,d:\driver-drowsiness-detection\mouth_dataset\train\yawn\104.jpg,yawn,train,SIM_1974,success,165,209,290,346
D:\driver-drowsiness-detection\dataset\train\yawn\105.jpg,d:\driver-drowsiness-detection\mouth_dataset\train\yawn\105.jpg,yawn,train,SIM_1974,success,191,221,290,363
D:\driver-drowsiness-detection\dataset\train\yawn\106.jpg,d:\driver-drowsiness-detection\mouth_dataset\train\yawn\106.jpg,yawn,train,SIM_1974,success,183,210,289,367
D:\driver-drowsiness-detection\dataset\train\yawn\107.jpg,d:\driver-drowsiness-detection\mouth_dataset\train\yawn\107.jpg,yawn,train,SIM_1974,success,182,209,288,364
D:\driver-drowsiness-detection\dataset\train\yawn\108.jpg,d:\driver-drowsiness-detection\mouth_dataset\train\yawn\108.jpg,yawn,train,SIM_1974,success,183,209,287,361
D:\driver-drowsiness-detection\dataset\train\yawn\109.jpg,d:\driver-drowsiness-detection\mouth_dataset\train\yawn\109.jpg,yawn,train,SIM_1974,success,183,205,288,360
D:\driver-drowsiness-detection\dataset\train\yawn\11.jpg,d:\driver-drowsiness-detection\mouth_dataset\train\yawn\11.jpg,yawn,train,SIM_1973,success,265,233,354,325
D:\driver-drowsiness-detection\dataset\train\yawn\110.jpg,d:\driver-drowsiness-detection\mouth_dataset\test\yawn\110.jpg,yawn,test,SIM_1975,success,305,178,404,304
D:\driver-drowsiness-detection\dataset\train\yawn\111.jpg,d:\driver-drowsiness-detection\mouth_dataset\train\yawn\111.jpg,yawn,train,SIM_1976,success,318,194,421,308
D:\driver-drowsiness-detection\dataset\train\yawn\112.jpg,d:\driver-drowsiness-detection\mouth_dataset\train\yawn\112.jpg,yawn,train,SIM_1976,success,304,198,414,308
D:\driver-drowsiness-detection\dataset\train\yawn\113.jpg,d:\driver-drowsiness-detection\mouth_dataset\train\yawn\113.jpg,yawn,train,SIM_1976,success,303,187,413,307
D:\driver-drowsiness-detection\dataset\train\yawn\114.jpg,d:\driver-drowsiness-detection\mouth_dataset\train\yawn\114.jpg,yawn,train,SIM_1976,success,302,188,412,303
D:\driver-drowsiness-detection\dataset\train\yawn\115.jpg,d:\driver-drowsiness-detection\mouth_dataset\train\yawn\115.jpg,yawn,train,SIM_1976,success,309,175,412,295
D:\driver-drowsiness-detection\dataset\train\yawn\116.jpg,d:\driver-drowsiness-detection\mouth_dataset\train\yawn\116.jpg,yawn,train,SIM_1976,success,311,183,416,307
D:\driver-drowsiness-detection\dataset\train\yawn\117.jpg,d:\driver-drowsiness-detection\mouth_dataset\train\yawn\117.jpg,yawn,train,SIM_1976,success,311,182,416,305
D:\driver-drowsiness-detection\dataset\train\yawn\118.jpg,d:\driver-drowsiness-detection\mouth_dataset\train\yawn\118.jpg,yawn,train,SIM_1976,success,312,182,417,304
D:\driver-drowsiness-detection\dataset\train\yawn\119.jpg,d:\driver-drowsiness-detection\mouth_dataset\train\yawn\119.jpg,yawn,train,SIM_1976,success,308,181,411,300
D:\driver-drowsiness-detection\dataset\train\yawn\12.jpg,d:\driver-drowsiness-detection\mouth_dataset\train\yawn\12.jpg,yawn,train,SIM_1973,success,267,235,353,326
D:\driver-drowsiness-detection\dataset\train\yawn\120.jpg,d:\driver-drowsiness-detection\mouth_dataset\train\yawn\120.jpg,yawn,train,SIM_1976,success,313,189,423,317
D:\driver-drowsiness-detection\dataset\train\yawn\121.jpg,d:\driver-drowsiness-detection\mouth_dataset\train\yawn\121.jpg,yawn,train,SIM_1976,success,292,183,405,303
D:\driver-drowsiness-detection\dataset\train\yawn\122.jpg,d:\driver-drowsiness-detection\mouth_dataset\train\yawn\122.jpg,yawn,train,SIM_1977,success,261,188,343,276
D:\driver-drowsiness-detection\dataset\train\yawn\123.jpg,d:\driver-drowsiness-detection\mouth_dataset\train\yawn\123.jpg,yawn,train,SIM_1977,success,255,185,337,284
D:\driver-drowsiness-detection\dataset\train\yawn\124.jpg,d:\driver-drowsiness-detection\mouth_dataset\train\yawn\124.jpg,yawn,train,SIM_1977,success,246,181,330,281
D:\driver-drowsiness-detection\dataset\train\yawn\125.jpg,d:\driver-drowsiness-detection\mouth_dataset\train\yawn\125.jpg,yawn,train,SIM_1978,success,245,193,326,280
D:\driver-drowsiness-detection\dataset\train\yawn\126.jpg,d:\driver-drowsiness-detection\mouth_dataset\train\yawn\126.jpg,yawn,train,SIM_1979,success,235,186,314,284
D:\driver-drowsiness-detection\dataset\train\yawn\127.jpg,d:\driver-drowsiness-detection\mouth_dataset\train\yawn\127.jpg,yawn,train,SIM_1980,success,222,178,300,283
D:\driver-drowsiness-detection\dataset\train\yawn\128.jpg,d:\driver-drowsiness-detection\mouth_dataset\train\yawn\128.jpg,yawn,train,SIM_1981,success,219,184,297,285
D:\driver-drowsiness-detection\dataset\train\yawn\129.jpg,d:\driver-drowsiness-detection\mouth_dataset\test\yawn\129.jpg,yawn,test,SIM_1982,success,241,184,319,284
D:\driver-drowsiness-detection\dataset\train\yawn\13.jpg,d:\driver-drowsiness-detection\mouth_dataset\train\yawn\13.jpg,yawn,train,SIM_1973,success,267,243,351,328
D:\driver-drowsiness-detection\dataset\train\yawn\130.jpg,d:\driver-drowsiness-detection\mouth_dataset\test\yawn\130.jpg,yawn,test,SIM_1983,success,251,181,330,285
D:\driver-drowsiness-detection\dataset\train\yawn\131.jpg,d:\driver-drowsiness-detection\mouth_dataset\train\yawn\131.jpg,yawn,train,SIM_1984,success,207,214,285,333
D:\driver-drowsiness-detection\dataset\train\yawn\132.jpg,d:\driver-drowsiness-detection\mouth_dataset\train\yawn\132.jpg,yawn,train,SIM_1984,success,203,215,284,319
D:\driver-drowsiness-detection\dataset\train\yawn\133.jpg,d:\driver-drowsiness-detection\mouth_dataset\train\yawn\133.jpg,yawn,train,SIM_1985,success,274,242,354,338
D:\driver-drowsiness-detection\dataset\train\yawn\134.jpg,d:\driver-drowsiness-detection\mouth_dataset\train\yawn\134.jpg,yawn,train,SIM_1986,success,274,224,354,337
D:\driver-drowsiness-detection\dataset\train\yawn\135.jpg,d:\driver-drowsiness-detection\mouth_dataset\test\yawn\135.jpg,yawn,test,SIM_1987,success,275,229,355,334
D:\driver-drowsiness-detection\dataset\train\yawn\136.jpg,d:\driver-drowsiness-detection\mouth_dataset\validation\yawn\136.jpg,yawn,validation,SIM_0983,success,143,183,266,307
D:\driver-drowsiness-detection\dataset\train\yawn\137.jpg,d:\driver-drowsiness-detection\mouth_dataset\validation\yawn\137.jpg,yawn,validation,SIM_0983,success,139,177,262,300
D:\driver-drowsiness-detection\dataset\train\yawn\138.jpg,d:\driver-drowsiness-detection\mouth_dataset\validation\yawn\138.jpg,yawn,validation,SIM_0983,success,140,163,262,292
D:\driver-drowsiness-detection\dataset\train\yawn\139.jpg,d:\driver-drowsiness-detection\mouth_dataset\validation\yawn\139.jpg,yawn,validation,SIM_1988,success,206,208,306,321
D:\driver-drowsiness-detection\dataset\train\yawn\14.jpg,d:\driver-drowsiness-detection\mouth_dataset\train\yawn\14.jpg,yawn,train,SIM_1973,success,263,243,348,330
D:\driver-drowsiness-detection\dataset\train\yawn\140.jpg,d:\driver-drowsiness-detection\mouth_dataset\train\yawn\140.jpg,yawn,train,SIM_1989,success,206,208,306,314
D:\driver-drowsiness-detection\dataset\train\yawn\141.jpg,d:\driver-drowsiness-detection\mouth_dataset\train\yawn\141.jpg,yawn,train,SIM_1990,success,194,203,296,325
D:\driver-drowsiness-detection\dataset\train\yawn\142.jpg,d:\driver-drowsiness-detection\mouth_dataset\train\yawn\142.jpg,yawn,train,SIM_1991,success,187,213,296,332
D:\driver-drowsiness-detection\dataset\train\yawn\143.jpg,d:\driver-drowsiness-detection\mouth_dataset\train\yawn\143.jpg,yawn,train,SIM_1992,success,188,215,297,331
D:\driver-drowsiness-detection\dataset\train\yawn\144.jpg,d:\driver-drowsiness-detection\mouth_dataset\train\yawn\144.jpg,yawn,train,SIM_1993,success,158,240,279,350
D:\driver-drowsiness-detection\dataset\train\yawn\145.jpg,d:\driver-drowsiness-detection\mouth_dataset\train\yawn\145.jpg,yawn,train,SIM_1993,success,157,242,279,348
D:\driver-drowsiness-detection\dataset\train\yawn\146.jpg,d:\driver-drowsiness-detection\mouth_dataset\validation\yawn\146.jpg,yawn,validation,SIM_1994,success,239,260,356,370
D:\driver-drowsiness-detection\dataset\train\yawn\147.jpg,d:\driver-drowsiness-detection\mouth_dataset\validation\yawn\147.jpg,yawn,validation,SIM_1995,success,239,254,358,354
D:\driver-drowsiness-detection\dataset\train\yawn\148.jpg,d:\driver-drowsiness-detection\mouth_dataset\validation\yawn\148.jpg,yawn,validation,SIM_1995,success,257,245,372,336
D:\driver-drowsiness-detection\dataset\train\yawn\149.jpg,d:\driver-drowsiness-detection\mouth_dataset\train\yawn\149.jpg,yawn,train,SIM_1996,success,274,256,380,324
D:\driver-drowsiness-detection\dataset\train\yawn\15.jpg,d:\driver-drowsiness-detection\mouth_dataset\train\yawn\15.jpg,yawn,train,SIM_1973,success,265,244,350,330
D:\driver-drowsiness-detection\dataset\train\yawn\150.jpg,d:\driver-drowsiness-detection\mouth_dataset\train\yawn\150.jpg,yawn,train,SIM_1997,success,259,261,375,334
D:\driver-drowsiness-detection\dataset\train\yawn\151.jpg,d:\driver-drowsiness-detection\mouth_dataset\train\yawn\151.jpg,yawn,train,SIM_1998,success,265,257,376,348
D:\driver-drowsiness-detection\dataset\train\yawn\152.jpg,d:\driver-drowsiness-detection\mouth_dataset\train\yawn\152.jpg,yawn,train,SIM_1998,success,270,260,375,351
D:\driver-drowsiness-detection\dataset\train\yawn\153.jpg,d:\driver-drowsiness-detection\mouth_dataset\test\yawn\153.jpg,yawn,test,SIM_1999,success,293,188,367,285
D:\driver-drowsiness-detection\dataset\train\yawn\154.jpg,d:\driver-drowsiness-detection\mouth_dataset\train\yawn\154.jpg,yawn,train,SIM_2000,success,300,166,374,297
D:\driver-drowsiness-detection\dataset\train\yawn\155.jpg,d:\driver-drowsiness-detection\mouth_dataset\train\yawn\155.jpg,yawn,train,SIM_2001,success,308,155,378,285
D:\driver-drowsiness-detection\dataset\train\yawn\156.jpg,d:\driver-drowsiness-detection\mouth_dataset\train\yawn\156.jpg,yawn,train,SIM_2001,success,319,146,396,291
D:\driver-drowsiness-detection\dataset\train\yawn\157.jpg,d:\driver-drowsiness-detection\mouth_dataset\train\yawn\157.jpg,yawn,train,SIM_2002,success,319,146,405,286
D:\driver-drowsiness-detection\dataset\train\yawn\158.jpg,d:\driver-drowsiness-detection\mouth_dataset\train\yawn\158.jpg,yawn,train,SIM_2003,success,329,173,399,255
D:\driver-drowsiness-detection\dataset\train\yawn\159.jpg,d:\driver-drowsiness-detection\mouth_dataset\train\yawn\159.jpg,yawn,train,SIM_2004,success,287,182,360,297
D:\driver-drowsiness-detection\dataset\train\yawn\16.jpg,d:\driver-drowsiness-detection\mouth_dataset\train\yawn\16.jpg,yawn,train,SIM_1973,success,267,246,351,332
D:\driver-drowsiness-detection\dataset\train\yawn\160.jpg,d:\driver-drowsiness-detection\mouth_dataset\train\yawn\160.jpg,yawn,train,SIM_2005,success,303,158,378,284
D:\driver-drowsiness-detection\dataset\train\yawn\161.jpg,d:\driver-drowsiness-detection\mouth_dataset\train\yawn\161.jpg,yawn,train,SIM_2001,success,310,148,389,278
D:\driver-drowsiness-detection\dataset\train\yawn\162.jpg,d:\driver-drowsiness-detection\mouth_dataset\train\yawn\162.jpg,yawn,train,SIM_2006,success,320,172,380,266
D:\driver-drowsiness-detection\dataset\train\yawn\163.jpg,d:\driver-drowsiness-detection\mouth_dataset\test\yawn\163.jpg,yawn,test,SIM_2007,success,317,152,403,288
D:\driver-drowsiness-detection\dataset\train\yawn\164.jpg,d:\driver-drowsiness-detection\mouth_dataset\train\yawn\164.jpg,yawn,train,SIM_2008,success,293,168,383,303
D:\driver-drowsiness-detection\dataset\train\yawn\165.jpg,d:\driver-drowsiness-detection\mouth_dataset\train\yawn\165.jpg,yawn,train,SIM_2009,success,278,267,408,364
D:\driver-drowsiness-detection\dataset\train\yawn\166.jpg,d:\driver-drowsiness-detection\mouth_dataset\train\yawn\166.jpg,yawn,train,SIM_2009,success,279,256,411,366
D:\driver-drowsiness-detection\dataset\train\yawn\167.jpg,d:\driver-drowsiness-detection\mouth_dataset\train\yawn\167.jpg,yawn,train,SIM_2010,success,270,256,405,357
D:\driver-drowsiness-detection\dataset\train\yawn\168.jpg,d:\driver-drowsiness-detection\mouth_dataset\train\yawn\168.jpg,yawn,train,SIM_2011,success,281,254,400,371
D:\driver-drowsiness-detection\dataset\train\yawn\169.jpg,d:\driver-drowsiness-detection\mouth_dataset\train\yawn\169.jpg,yawn,train,SIM_2012,success,284,237,406,363
D:\driver-drowsiness-detection\dataset\train\yawn\17.jpg,d:\driver-drowsiness-detection\mouth_dataset\train\yawn\17.jpg,yawn,train,SIM_1973,success,270,246,352,340
D:\driver-drowsiness-detection\dataset\train\yawn\170.jpg,d:\driver-drowsiness-detection\mouth_dataset\train\yawn\170.jpg,yawn,train,SIM_2013,success,271,246,401,350
D:\driver-drowsiness-detection\dataset\train\yawn\171.jpg,d:\driver-drowsiness-detection\mouth_dataset\validation\yawn\171.jpg,yawn,validation,SIM_2014,success,220,145,323,257
D:\driver-drowsiness-detection\dataset\train\yawn\172.jpg,d:\driver-drowsiness-detection\mouth_dataset\train\yawn\172.jpg,yawn,train,SIM_2015,success,228,122,333,251
D:\driver-drowsiness-detection\dataset\train\yawn\173.jpg,d:\driver-drowsiness-detection\mouth_dataset\train\yawn\173.jpg,yawn,train,SIM_2016,success,234,130,344,239
D:\driver-drowsiness-detection\dataset\train\yawn\174.jpg,d:\driver-drowsiness-detection\mouth_dataset\train\yawn\174.jpg,yawn,train,SIM_2017,success,237,154,345,256
D:\driver-drowsiness-detection\dataset\train\yawn\175.jpg,d:\driver-drowsiness-detection\mouth_dataset\train\yawn\175.jpg,yawn,train,SIM_2018,success,230,142,335,250
D:\driver-drowsiness-detection\dataset\train\yawn\176.jpg,d:\driver-drowsiness-detection\mouth_dataset\train\yawn\176.jpg,yawn,train,SIM_2019,success,224,141,329,248
D:\driver-drowsiness-detection\dataset\train\yawn\177.jpg,d:\driver-drowsiness-detection\mouth_dataset\train\yawn\177.jpg,yawn,train,SIM_2020,success,109,175,230,324
D:\driver-drowsiness-detection\dataset\train\yawn\178.jpg,d:\driver-drowsiness-detection\mouth_dataset\train\yawn\178.jpg,yawn,train,SIM_2021,success,112,180,231,333
D:\driver-drowsiness-detection\dataset\train\yawn\179.jpg,d:\driver-drowsiness-detection\mouth_dataset\train\yawn\179.jpg,yawn,train,SIM_2022,success,114,174,232,331
D:\driver-drowsiness-detection\dataset\train\yawn\18.jpg,d:\driver-drowsiness-detection\mouth_dataset\train\yawn\18.jpg,yawn,train,SIM_1973,success,272,245,351,330
D:\driver-drowsiness-detection\dataset\train\yawn\180.jpg,d:\driver-drowsiness-detection\mouth_dataset\train\yawn\180.jpg,yawn,train,SIM_2023,success,115,179,239,317
D:\driver-drowsiness-detection\dataset\train\yawn\181.jpg,d:\driver-drowsiness-detection\mouth_dataset\train\yawn\181.jpg,yawn,train,SIM_2024,success,120,165,244,320
D:\driver-drowsiness-detection\dataset\train\yawn\182.jpg,d:\driver-drowsiness-detection\mouth_dataset\train\yawn\182.jpg,yawn,train,SIM_2025,success,120,168,249,322
D:\driver-drowsiness-detection\dataset\train\yawn\183.jpg,d:\driver-drowsiness-detection\mouth_dataset\train\yawn\183.jpg,yawn,train,SIM_2026,success,113,178,240,321
D:\driver-drowsiness-detection\dataset\train\yawn\184.jpg,d:\driver-drowsiness-detection\mouth_dataset\train\yawn\184.jpg,yawn,train,SIM_2026,success,116,184,244,310
D:\driver-drowsiness-detection\dataset\train\yawn\185.jpg,d:\driver-drowsiness-detection\mouth_dataset\train\yawn\185.jpg,yawn,train,SIM_2027,success,262,257,370,368
D:\driver-drowsiness-detection\dataset\train\yawn\186.jpg,d:\driver-drowsiness-detection\mouth_dataset\test\yawn\186.jpg,yawn,test,SIM_2028,success,253,245,389,390
D:\driver-drowsiness-detection\dataset\train\yawn\187.jpg,d:\driver-drowsiness-detection\mouth_dataset\train\yawn\187.jpg,yawn,train,SIM_2027,success,250,246,395,390
D:\driver-drowsiness-detection\dataset\train\yawn\188.jpg,d:\driver-drowsiness-detection\mouth_dataset\train\yawn\188.jpg,yawn,train,SIM_2027,success,264,255,381,374
D:\driver-drowsiness-detection\dataset\train\yawn\189.jpg,d:\driver-drowsiness-detection\mouth_dataset\train\yawn\189.jpg,yawn,train,SIM_2027,success,260,249,395,384
D:\driver-drowsiness-detection\dataset\train\yawn\19.jpg,d:\driver-drowsiness-detection\mouth_dataset\train\yawn\19.jpg,yawn,train,SIM_1973,success,269,246,352,320
D:\driver-drowsiness-detection\dataset\train\yawn\190.jpg,d:\driver-drowsiness-detection\mouth_dataset\validation\yawn\190.jpg,yawn,validation,SIM_2029,success,260,253,396,392
D:\driver-drowsiness-detection\dataset\train\yawn\191.jpg,d:\driver-drowsiness-detection\mouth_dataset\validation\yawn\191.jpg,yawn,validation,SIM_2029,success,264,259,393,373
D:\driver-drowsiness-detection\dataset\train\yawn\192.jpg,d:\driver-drowsiness-detection\mouth_dataset\train\yawn\192.jpg,yawn,train,SIM_2030,success,256,119,330,208
D:\driver-drowsiness-detection\dataset\train\yawn\193.jpg,d:\driver-drowsiness-detection\mouth_dataset\validation\yawn\193.jpg,yawn,validation,SIM_2031,success,222,141,289,214
D:\driver-drowsiness-detection\dataset\train\yawn\194.jpg,d:\driver-drowsiness-detection\mouth_dataset\train\yawn\194.jpg,yawn,train,SIM_2032,success,231,120,314,211
D:\driver-drowsiness-detection\dataset\train\yawn\195.jpg,d:\driver-drowsiness-detection\mouth_dataset\train\yawn\195.jpg,yawn,train,SIM_2033,success,231,134,315,225
D:\driver-drowsiness-detection\dataset\train\yawn\196.jpg,d:\driver-drowsiness-detection\mouth_dataset\train\yawn\196.jpg,yawn,train,SIM_2034,success,231,136,312,226
D:\driver-drowsiness-detection\dataset\train\yawn\197.jpg,d:\driver-drowsiness-detection\mouth_dataset\train\yawn\197.jpg,yawn,train,SIM_2035,success,237,141,314,208
D:\driver-drowsiness-detection\dataset\train\yawn\198.jpg,d:\driver-drowsiness-detection\mouth_dataset\validation\yawn\198.jpg,yawn,validation,SIM_2036,success,235,269,350,431
D:\driver-drowsiness-detection\dataset\train\yawn\199.jpg,d:\driver-drowsiness-detection\mouth_dataset\train\yawn\199.jpg,yawn,train,SIM_2037,success,237,248,352,428
D:\driver-drowsiness-detection\dataset\train\yawn\2.jpg,d:\driver-drowsiness-detection\mouth_dataset\train\yawn\2.jpg,yawn,train,SIM_2038,success,410,212,529,361
D:\driver-drowsiness-detection\dataset\train\yawn\20.jpg,d:\driver-drowsiness-detection\mouth_dataset\train\yawn\20.jpg,yawn,train,SIM_1973,success,269,235,353,332
D:\driver-drowsiness-detection\dataset\train\yawn\200.jpg,d:\driver-drowsiness-detection\mouth_dataset\test\yawn\200.jpg,yawn,test,SIM_2039,success,227,246,362,391
D:\driver-drowsiness-detection\dataset\train\yawn\201.jpg,d:\driver-drowsiness-detection\mouth_dataset\train\yawn\201.jpg,yawn,train,SIM_2040,success,260,261,361,440
D:\driver-drowsiness-detection\dataset\train\yawn\202.jpg,d:\driver-drowsiness-detection\mouth_dataset\train\yawn\202.jpg,yawn,train,SIM_2041,success,256,240,368,411
D:\driver-drowsiness-detection\dataset\train\yawn\203.jpg,d:\driver-drowsiness-detection\mouth_dataset\train\yawn\203.jpg,yawn,train,SIM_2041,success,242,236,367,421
D:\driver-drowsiness-detection\dataset\train\yawn\204.jpg,d:\driver-drowsiness-detection\mouth_dataset\test\yawn\204.jpg,yawn,test,SIM_2042,success,268,299,366,438
D:\driver-drowsiness-detection\dataset\train\yawn\205.jpg,d:\driver-drowsiness-detection\mouth_dataset\train\yawn\205.jpg,yawn,train,SIM_2043,success,255,270,364,448
D:\driver-drowsiness-detection\dataset\train\yawn\206.jpg,d:\driver-drowsiness-detection\mouth_dataset\train\yawn\206.jpg,yawn,train,SIM_2043,success,255,253,371,449
D:\driver-drowsiness-detection\dataset\train\yawn\207.jpg,d:\driver-drowsiness-detection\mouth_dataset\train\yawn\207.jpg,yawn,train,SIM_2044,success,254,278,374,404
D:\driver-drowsiness-detection\dataset\train\yawn\208.jpg,d:\driver-drowsiness-detection\mouth_dataset\train\yawn\208.jpg,yawn,train,SIM_2045,success,263,282,356,440
D:\driver-drowsiness-detection\dataset\train\yawn\209.jpg,d:\driver-drowsiness-detection\mouth_dataset\validation\yawn\209.jpg,yawn,validation,SIM_2046,success,265,284,358,433
D:\driver-drowsiness-detection\dataset\train\yawn\21.jpg,d:\driver-drowsiness-detection\mouth_dataset\train\yawn\21.jpg,yawn,train,SIM_1973,success,270,228,355,333
D:\driver-drowsiness-detection\dataset\train\yawn\210.jpg,d:\driver-drowsiness-detection\mouth_dataset\train\yawn\210.jpg,yawn,train,SIM_2047,success,244,201,400,383
D:\driver-drowsiness-detection\dataset\train\yawn\211.jpg,d:\driver-drowsiness-detection\mouth_dataset\test\yawn\211.jpg,yawn,test,SIM_2048,success,238,190,398,401
D:\driver-drowsiness-detection\dataset\train\yawn\212.jpg,d:\driver-drowsiness-detection\mouth_dataset\train\yawn\212.jpg,yawn,train,SIM_2049,success,254,197,405,407
D:\driver-drowsiness-detection\dataset\train\yawn\213.jpg,d:\driver-drowsiness-detection\mouth_dataset\test\yawn\213.jpg,yawn,test,SIM_2050,success,231,285,335,390
D:\driver-drowsiness-detection\dataset\train\yawn\214.jpg,d:\driver-drowsiness-detection\mouth_dataset\train\yawn\214.jpg,yawn,train,SIM_2051,success,228,290,338,401
D:\driver-drowsiness-detection\dataset\train\yawn\215.jpg,d:\driver-drowsiness-detection\mouth_dataset\train\yawn\215.jpg,yawn,train,SIM_2052,success,255,302,357,407
D:\driver-drowsiness-detection\dataset\train\yawn\216.jpg,d:\driver-drowsiness-detection\mouth_dataset\train\yawn\216.jpg,yawn,train,SIM_2053,success,265,281,377,391
D:\driver-drowsiness-detection\dataset\train\yawn\217.jpg,d:\driver-drowsiness-detection\mouth_dataset\validation\yawn\217.jpg,yawn,validation,SIM_2054,success,228,273,332,405
D:\driver-drowsiness-detection\dataset\train\yawn\218.jpg,d:\driver-drowsiness-detection\mouth_dataset\train\yawn\218.jpg,yawn,train,SIM_2055,success,242,276,355,425
D:\driver-drowsiness-detection\dataset\train\yawn\219.jpg,d:\driver-drowsiness-detection\mouth_dataset\train\yawn\219.jpg,yawn,train,SIM_2056,success,319,287,428,426
D:\driver-drowsiness-detection\dataset\train\yawn\22.jpg,d:\driver-drowsiness-detection\mouth_dataset\train\yawn\22.jpg,yawn,train,SIM_1973,success,271,225,355,335
D:\driver-drowsiness-detection\dataset\train\yawn\220.jpg,d:\driver-drowsiness-detection\mouth_dataset\test\yawn\220.jpg,yawn,test,SIM_2057,success,330,294,452,428
D:\driver-drowsiness-detection\dataset\train\yawn\221.jpg,d:\driver-drowsiness-detection\mouth_dataset\validation\yawn\221.jpg,yawn,validation,SIM_2058,success,254,187,381,358
D:\driver-drowsiness-detection\dataset\train\yawn\222.jpg,d:\driver-drowsiness-detection\mouth_dataset\validation\yawn\222.jpg,yawn,validation,SIM_2058,success,250,191,380,361
D:\driver-drowsiness-detection\dataset\train\yawn\223.jpg,d:\driver-drowsiness-detection\mouth_dataset\validation\yawn\223.jpg,yawn,validation,SIM_2058,success,251,193,378,360
D:\driver-drowsiness-detection\dataset\train\yawn\224.jpg,d:\driver-drowsiness-detection\mouth_dataset\validation\yawn\224.jpg,yawn,validation,SIM_2058,success,248,198,382,348
D:\driver-drowsiness-detection\dataset\train\yawn\225.jpg,d:\driver-drowsiness-detection\mouth_dataset\validation\yawn\225.jpg,yawn,validation,SIM_2058,success,247,208,379,334
D:\driver-drowsiness-detection\dataset\train\yawn\226.jpg,d:\driver-drowsiness-detection\mouth_dataset\train\yawn\226.jpg,yawn,train,SIM_2059,success,309,265,412,388
D:\driver-drowsiness-detection\dataset\train\yawn\227.jpg,d:\driver-drowsiness-detection\mouth_dataset\train\yawn\227.jpg,yawn,train,SIM_2059,success,305,259,418,391
D:\driver-drowsiness-detection\dataset\train\yawn\228.jpg,d:\driver-drowsiness-detection\mouth_dataset\train\yawn\228.jpg,yawn,train,SIM_2059,success,307,263,415,384
D:\driver-drowsiness-detection\dataset\train\yawn\229.jpg,d:\driver-drowsiness-detection\mouth_dataset\train\yawn\229.jpg,yawn,train,SIM_2060,success,311,269,410,391
D:\driver-drowsiness-detection\dataset\train\yawn\23.jpg,d:\driver-drowsiness-detection\mouth_dataset\train\yawn\23.jpg,yawn,train,SIM_1973,success,271,233,354,334
D:\driver-drowsiness-detection\dataset\train\yawn\230.jpg,d:\driver-drowsiness-detection\mouth_dataset\train\yawn\230.jpg,yawn,train,SIM_2060,success,311,259,414,392
D:\driver-drowsiness-detection\dataset\train\yawn\231.jpg,d:\driver-drowsiness-detection\mouth_dataset\train\yawn\231.jpg,yawn,train,SIM_2060,success,308,259,419,396
D:\driver-drowsiness-detection\dataset\train\yawn\232.jpg,d:\driver-drowsiness-detection\mouth_dataset\train\yawn\232.jpg,yawn,train,SIM_2060,success,311,259,417,387
D:\driver-drowsiness-detection\dataset\train\yawn\233.jpg,d:\driver-drowsiness-detection\mouth_dataset\train\yawn\233.jpg,yawn,train,SIM_2060,success,322,268,411,372
D:\driver-drowsiness-detection\dataset\train\yawn\234.jpg,d:\driver-drowsiness-detection\mouth_dataset\train\yawn\234.jpg,yawn,train,SIM_2061,success,257,168,397,348
D:\driver-drowsiness-detection\dataset\train\yawn\235.jpg,d:\driver-drowsiness-detection\mouth_dataset\test\yawn\235.jpg,yawn,test,SIM_2062,success,267,185,415,365
D:\driver-drowsiness-detection\dataset\train\yawn\236.jpg,d:\driver-drowsiness-detection\mouth_dataset\test\yawn\236.jpg,yawn,test,SIM_2063,success,275,285,379,386
D:\driver-drowsiness-detection\dataset\train\yawn\237.jpg,d:\driver-drowsiness-detection\mouth_dataset\train\yawn\237.jpg,yawn,train,SIM_2064,success,273,275,376,382
D:\driver-drowsiness-detection\dataset\train\yawn\238.jpg,d:\driver-drowsiness-detection\mouth_dataset\train\yawn\238.jpg,yawn,train,SIM_2064,success,273,267,377,390
D:\driver-drowsiness-detection\dataset\train\yawn\239.jpg,d:\driver-drowsiness-detection\mouth_dataset\train\yawn\239.jpg,yawn,train,SIM_2064,success,270,270,376,386
D:\driver-drowsiness-detection\dataset\train\yawn\24.jpg,d:\driver-drowsiness-detection\mouth_dataset\train\yawn\24.jpg,yawn,train,SIM_1973,success,267,240,353,330
D:\driver-drowsiness-detection\dataset\train\yawn\240.jpg,d:\driver-drowsiness-detection\mouth_dataset\train\yawn\240.jpg,yawn,train,SIM_2065,success,249,226,342,303
D:\driver-drowsiness-detection\dataset\train\yawn\241.jpg,d:\driver-drowsiness-detection\mouth_dataset\test\yawn\241.jpg,yawn,test,SIM_2066,success,264,209,349,298
D:\driver-drowsiness-detection\dataset\train\yawn\242.jpg,d:\driver-drowsiness-detection\mouth_dataset\test\yawn\242.jpg,yawn,test,SIM_2066,success,263,192,352,317
D:\driver-drowsiness-detection\dataset\train\yawn\243.jpg,d:\driver-drowsiness-detection\mouth_dataset\test\yawn\243.jpg,yawn,test,SIM_2066,success,259,191,349,317
D:\driver-drowsiness-detection\dataset\train\yawn\244.jpg,d:\driver-drowsiness-detection\mouth_dataset\test\yawn\244.jpg,yawn,test,SIM_2066,success,257,203,348,299
D:\driver-drowsiness-detection\dataset\train\yawn\245.jpg,d:\driver-drowsiness-detection\mouth_dataset\train\yawn\245.jpg,yawn,train,SIM_2067,success,264,187,348,305
D:\driver-drowsiness-detection\dataset\train\yawn\246.jpg,d:\driver-drowsiness-detection\mouth_dataset\train\yawn\246.jpg,yawn,train,SIM_2068,success,266,189,353,310
D:\driver-drowsiness-detection\dataset\train\yawn\247.jpg,d:\driver-drowsiness-detection\mouth_dataset\test\yawn\247.jpg,yawn,test,SIM_2069,success,334,183,448,370
D:\driver-drowsiness-detection\dataset\train\yawn\248.jpg,d:\driver-drowsiness-detection\mouth_dataset\train\yawn\248.jpg,yawn,train,SIM_2070,success,327,162,451,370
D:\driver-drowsiness-detection\dataset\train\yawn\249.jpg,d:\driver-drowsiness-detection\mouth_dataset\test\yawn\249.jpg,yawn,test,SIM_2071,success,329,160,452,365
D:\driver-drowsiness-detection\dataset\train\yawn\25.jpg,d:\driver-drowsiness-detection\mouth_dataset\train\yawn\25.jpg,yawn,train,SIM_1973,success,269,241,354,327
D:\driver-drowsiness-detection\dataset\train\yawn\250.jpg,d:\driver-drowsiness-detection\mouth_dataset\test\yawn\250.jpg,yawn,test,SIM_2069,success,336,166,445,357
D:\driver-drowsiness-detection\dataset\train\yawn\251.jpg,d:\driver-drowsiness-detection\mouth_dataset\train\yawn\251.jpg,yawn,train,SIM_2072,success,311,174,430,369
D:\driver-drowsiness-detection\dataset\train\yawn\252.jpg,d:\driver-drowsiness-detection\mouth_dataset\train\yawn\252.jpg,yawn,train,SIM_2073,success,249,140,321,195
D:\driver-drowsiness-detection\dataset\train\yawn\253.jpg,d:\driver-drowsiness-detection\mouth_dataset\validation\yawn\253.jpg,yawn,validation,SIM_2074,success,248,126,322,202
D:\driver-drowsiness-detection\dataset\train\yawn\254.jpg,d:\driver-drowsiness-detection\mouth_dataset\test\yawn\254.jpg,yawn,test,SIM_2075,success,250,123,320,208
D:\driver-drowsiness-detection\dataset\train\yawn\255.jpg,d:\driver-drowsiness-detection\mouth_dataset\test\yawn\255.jpg,yawn,test,SIM_2075,success,246,125,316,204
D:\driver-drowsiness-detection\dataset\train\yawn\256.jpg,d:\driver-drowsiness-detection\mouth_dataset\train\yawn\256.jpg,yawn,train,SIM_2076,success,230,120,307,198
D:\driver-drowsiness-detection\dataset\train\yawn\257.jpg,d:\driver-drowsiness-detection\mouth_dataset\train\yawn\257.jpg,yawn,train,SIM_2077,success,233,113,309,204
D:\driver-drowsiness-detection\dataset\train\yawn\258.jpg,d:\driver-drowsiness-detection\mouth_dataset\train\yawn\258.jpg,yawn,train,SIM_2077,success,230,109,303,207
D:\driver-drowsiness-detection\dataset\train\yawn\259.jpg,d:\driver-drowsiness-detection\mouth_dataset\train\yawn\259.jpg,yawn,train,SIM_2077,success,230,112,306,198
D:\driver-drowsiness-detection\dataset\train\yawn\26.jpg,d:\driver-drowsiness-detection\mouth_dataset\train\yawn\26.jpg,yawn,train,SIM_2078,success,248,158,358,284
D:\driver-drowsiness-detection\dataset\train\yawn\260.jpg,d:\driver-drowsiness-detection\mouth_dataset\train\yawn\260.jpg,yawn,train,SIM_2079,success,235,124,306,205
D:\driver-drowsiness-detection\dataset\train\yawn\261.jpg,d:\driver-drowsiness-detection\mouth_dataset\train\yawn\261.jpg,yawn,train,SIM_2080,success,241,121,315,200
D:\driver-drowsiness-detection\dataset\train\yawn\262.jpg,d:\driver-drowsiness-detection\mouth_dataset\train\yawn\262.jpg,yawn,train,SIM_2080,success,236,129,311,195
D:\driver-drowsiness-detection\dataset\train\yawn\263.jpg,d:\driver-drowsiness-detection\mouth_dataset\train\yawn\263.jpg,yawn,train,SIM_2080,success,240,128,315,188
D:\driver-drowsiness-detection\dataset\train\yawn\264.jpg,d:\driver-drowsiness-detection\mouth_dataset\train\yawn\264.jpg,yawn,train,SIM_2081,success,318,191,423,337
D:\driver-drowsiness-detection\dataset\train\yawn\265.jpg,d:\driver-drowsiness-detection\mouth_dataset\train\yawn\265.jpg,yawn,train,SIM_2082,success,305,232,408,345
D:\driver-drowsiness-detection\dataset\train\yawn\266.jpg,d:\driver-drowsiness-detection\mouth_dataset\validation\yawn\266.jpg,yawn,validation,SIM_2083,success,300,187,408,358
D:\driver-drowsiness-detection\dataset\train\yawn\267.jpg,d:\driver-drowsiness-detection\mouth_dataset\validation\yawn\267.jpg,yawn,validation,SIM_2084,success,288,225,424,368
D:\driver-drowsiness-detection\dataset\train\yawn\268.jpg,d:\driver-drowsiness-detection\mouth_dataset\train\yawn\268.jpg,yawn,train,SIM_2085,success,215,229,334,357
D:\driver-drowsiness-detection\dataset\train\yawn\269.jpg,d:\driver-drowsiness-detection\mouth_dataset\test\yawn\269.jpg,yawn,test,SIM_2086,success,200,205,326,350
D:\driver-drowsiness-detection\dataset\train\yawn\27.jpg,d:\driver-drowsiness-detection\mouth_dataset\validation\yawn\27.jpg,yawn,validation,SIM_2087,success,246,127,366,277
D:\driver-drowsiness-detection\dataset\train\yawn\270.jpg,d:\driver-drowsiness-detection\mouth_dataset\train\yawn\270.jpg,yawn,train,SIM_2088,success,339,240,451,370
D:\driver-drowsiness-detection\dataset\train\yawn\271.jpg,d:\driver-drowsiness-detection\mouth_dataset\test\yawn\271.jpg,yawn,test,SIM_2089,success,339,223,458,387
D:\driver-drowsiness-detection\dataset\train\yawn\272.jpg,d:\driver-drowsiness-detection\mouth_dataset\validation\yawn\272.jpg,yawn,validation,SIM_2090,success,353,241,456,344
D:\driver-drowsiness-detection\dataset\train\yawn\273.jpg,d:\driver-drowsiness-detection\mouth_dataset\train\yawn\273.jpg,yawn,train,SIM_2091,success,305,240,408,399
D:\driver-drowsiness-detection\dataset\train\yawn\274.jpg,d:\driver-drowsiness-detection\mouth_dataset\train\yawn\274.jpg,yawn,train,SIM_2092,success,314,237,419,407
D:\driver-drowsiness-detection\dataset\train\yawn\275.jpg,d:\driver-drowsiness-detection\mouth_dataset\train\yawn\275.jpg,yawn,train,SIM_2093,success,309,239,413,408
D:\driver-drowsiness-detection\dataset\train\yawn\276.jpg,d:\driver-drowsiness-detection\mouth_dataset\train\yawn\276.jpg,yawn,train,SIM_2094,success,308,218,409,376
D:\driver-drowsiness-detection\dataset\train\yawn\277.jpg,d:\driver-drowsiness-detection\mouth_dataset\train\yawn\277.jpg,yawn,train,SIM_2095,success,313,207,412,374
D:\driver-drowsiness-detection\dataset\train\yawn\278.jpg,d:\driver-drowsiness-detection\mouth_dataset\train\yawn\278.jpg,yawn,train,SIM_2096,success,305,213,410,379
D:\driver-drowsiness-detection\dataset\train\yawn\279.jpg,d:\driver-drowsiness-detection\mouth_dataset\validation\yawn\279.jpg,yawn,validation,SIM_2097,success,322,246,437,381
D:\driver-drowsiness-detection\dataset\train\yawn\28.jpg,d:\driver-drowsiness-detection\mouth_dataset\train\yawn\28.jpg,yawn,train,SIM_2098,success,249,107,362,280
D:\driver-drowsiness-detection\dataset\train\yawn\280.jpg,d:\driver-drowsiness-detection\mouth_dataset\train\yawn\280.jpg,yawn,train,SIM_2099,success,347,233,450,402
D:\driver-drowsiness-detection\dataset\train\yawn\281.jpg,d:\driver-drowsiness-detection\mouth_dataset\train\yawn\281.jpg,yawn,train,SIM_2099,success,345,226,468,397
D:\driver-drowsiness-detection\dataset\train\yawn\282.jpg,,yawn,train,SIM_2100,mouth_landmarks_not_detected,,,,
D:\driver-drowsiness-detection\dataset\train\yawn\283.jpg,d:\driver-drowsiness-detection\mouth_dataset\train\yawn\283.jpg,yawn,train,SIM_2101,success,366,255,467,376
D:\driver-drowsiness-detection\dataset\train\yawn\284.jpg,d:\driver-drowsiness-detection\mouth_dataset\test\yawn\284.jpg,yawn,test,SIM_2102,success,321,205,429,376
D:\driver-drowsiness-detection\dataset\train\yawn\285.jpg,d:\driver-drowsiness-detection\mouth_dataset\train\yawn\285.jpg,yawn,train,SIM_2103,success,330,226,428,357
D:\driver-drowsiness-detection\dataset\train\yawn\286.jpg,d:\driver-drowsiness-detection\mouth_dataset\train\yawn\286.jpg,yawn,train,SIM_2104,success,334,236,434,366
D:\driver-drowsiness-detection\dataset\train\yawn\287.jpg,d:\driver-drowsiness-detection\mouth_dataset\train\yawn\287.jpg,yawn,train,SIM_2104,success,327,226,435,379
D:\driver-drowsiness-detection\dataset\train\yawn\288.jpg,d:\driver-drowsiness-detection\mouth_dataset\train\yawn\288.jpg,yawn,train,SIM_2103,success,329,223,435,373
D:\driver-drowsiness-detection\dataset\train\yawn\289.jpg,d:\driver-drowsiness-detection\mouth_dataset\train\yawn\289.jpg,yawn,train,SIM_2105,success,332,229,453,393
D:\driver-drowsiness-detection\dataset\train\yawn\29.jpg,d:\driver-drowsiness-detection\mouth_dataset\validation\yawn\29.jpg,yawn,validation,SIM_2087,success,243,134,365,288
D:\driver-drowsiness-detection\dataset\train\yawn\290.jpg,d:\driver-drowsiness-detection\mouth_dataset\train\yawn\290.jpg,yawn,train,SIM_2106,success,319,234,430,380
D:\driver-drowsiness-detection\dataset\train\yawn\291.jpg,d:\driver-drowsiness-detection\mouth_dataset\train\yawn\291.jpg,yawn,train,SIM_2107,success,326,226,434,394
D:\driver-drowsiness-detection\dataset\train\yawn\292.jpg,d:\driver-drowsiness-detection\mouth_dataset\train\yawn\292.jpg,yawn,train,SIM_2104,success,327,228,437,394
D:\driver-drowsiness-detection\dataset\train\yawn\293.jpg,d:\driver-drowsiness-detection\mouth_dataset\train\yawn\293.jpg,yawn,train,SIM_2108,success,325,231,450,394
D:\driver-drowsiness-detection\dataset\train\yawn\294.jpg,d:\driver-drowsiness-detection\mouth_dataset\train\yawn\294.jpg,yawn,train,SIM_2109,success,327,235,445,396
D:\driver-drowsiness-detection\dataset\train\yawn\295.jpg,d:\driver-drowsiness-detection\mouth_dataset\train\yawn\295.jpg,yawn,train,SIM_2110,success,325,225,451,393
D:\driver-drowsiness-detection\dataset\train\yawn\296.jpg,d:\driver-drowsiness-detection\mouth_dataset\train\yawn\296.jpg,yawn,train,SIM_2111,success,320,220,431,379
D:\driver-drowsiness-detection\dataset\train\yawn\297.jpg,d:\driver-drowsiness-detection\mouth_dataset\train\yawn\297.jpg,yawn,train,SIM_2112,success,297,243,439,380
D:\driver-drowsiness-detection\dataset\train\yawn\298.jpg,d:\driver-drowsiness-detection\mouth_dataset\train\yawn\298.jpg,yawn,train,SIM_2113,success,323,204,459,385
D:\driver-drowsiness-detection\dataset\train\yawn\299.jpg,d:\driver-drowsiness-detection\mouth_dataset\validation\yawn\299.jpg,yawn,validation,SIM_2114,success,298,252,441,390
D:\driver-drowsiness-detection\dataset\train\yawn\3.jpg,d:\driver-drowsiness-detection\mouth_dataset\train\yawn\3.jpg,yawn,train,SIM_2115,success,407,197,530,372
D:\driver-drowsiness-detection\dataset\train\yawn\30.jpg,d:\driver-drowsiness-detection\mouth_dataset\train\yawn\30.jpg,yawn,train,SIM_2116,success,220,170,341,275
D:\driver-drowsiness-detection\dataset\train\yawn\300.jpg,d:\driver-drowsiness-detection\mouth_dataset\train\yawn\300.jpg,yawn,train,SIM_2117,success,334,228,470,389
D:\driver-drowsiness-detection\dataset\train\yawn\301.jpg,d:\driver-drowsiness-detection\mouth_dataset\train\yawn\301.jpg,yawn,train,SIM_2118,success,284,188,413,304
D:\driver-drowsiness-detection\dataset\train\yawn\302.jpg,d:\driver-drowsiness-detection\mouth_dataset\train\yawn\302.jpg,yawn,train,SIM_2119,success,297,178,413,316
D:\driver-drowsiness-detection\dataset\train\yawn\303.jpg,d:\driver-drowsiness-detection\mouth_dataset\train\yawn\303.jpg,yawn,train,SIM_2120,success,298,191,416,313
D:\driver-drowsiness-detection\dataset\train\yawn\304.jpg,d:\driver-drowsiness-detection\mouth_dataset\train\yawn\304.jpg,yawn,train,SIM_2121,success,299,190,417,337
D:\driver-drowsiness-detection\dataset\train\yawn\305.jpg,d:\driver-drowsiness-detection\mouth_dataset\validation\yawn\305.jpg,yawn,validation,SIM_2122,success,300,167,412,310
D:\driver-drowsiness-detection\dataset\train\yawn\306.jpg,d:\driver-drowsiness-detection\mouth_dataset\validation\yawn\306.jpg,yawn,validation,SIM_2123,success,317,179,430,311
D:\driver-drowsiness-detection\dataset\train\yawn\307.jpg,d:\driver-drowsiness-detection\mouth_dataset\train\yawn\307.jpg,yawn,train,SIM_2124,success,292,187,424,329
D:\driver-drowsiness-detection\dataset\train\yawn\308.jpg,d:\driver-drowsiness-detection\mouth_dataset\train\yawn\308.jpg,yawn,train,SIM_2125,success,279,188,414,296
D:\driver-drowsiness-detection\dataset\train\yawn\309.jpg,d:\driver-drowsiness-detection\mouth_dataset\train\yawn\309.jpg,yawn,train,SIM_2126,success,294,194,410,314
D:\driver-drowsiness-detection\dataset\train\yawn\31.jpg,d:\driver-drowsiness-detection\mouth_dataset\train\yawn\31.jpg,yawn,train,SIM_2127,success,238,161,352,286
D:\driver-drowsiness-detection\dataset\train\yawn\310.jpg,d:\driver-drowsiness-detection\mouth_dataset\validation\yawn\310.jpg,yawn,validation,SIM_2128,success,278,188,419,305
D:\driver-drowsiness-detection\dataset\train\yawn\311.jpg,d:\driver-drowsiness-detection\mouth_dataset\validation\yawn\311.jpg,yawn,validation,SIM_2129,success,306,220,415,381
D:\driver-drowsiness-detection\dataset\train\yawn\312.jpg,d:\driver-drowsiness-detection\mouth_dataset\train\yawn\312.jpg,yawn,train,SIM_2130,success,297,210,418,366
D:\driver-drowsiness-detection\dataset\train\yawn\313.jpg,d:\driver-drowsiness-detection\mouth_dataset\train\yawn\313.jpg,yawn,train,SIM_2131,success,290,224,406,369
D:\driver-drowsiness-detection\dataset\train\yawn\314.jpg,d:\driver-drowsiness-detection\mouth_dataset\validation\yawn\314.jpg,yawn,validation,SIM_1225,success,287,283,380,373
D:\driver-drowsiness-detection\dataset\train\yawn\315.jpg,d:\driver-drowsiness-detection\mouth_dataset\train\yawn\315.jpg,yawn,train,SIM_2132,success,300,247,383,370
D:\driver-drowsiness-detection\dataset\train\yawn\316.jpg,d:\driver-drowsiness-detection\mouth_dataset\train\yawn\316.jpg,yawn,train,SIM_2133,success,307,259,394,369
D:\driver-drowsiness-detection\dataset\train\yawn\317.jpg,d:\driver-drowsiness-detection\mouth_dataset\validation\yawn\317.jpg,yawn,validation,SIM_2134,success,308,245,391,367
D:\driver-drowsiness-detection\dataset\train\yawn\318.jpg,d:\driver-drowsiness-detection\mouth_dataset\train\yawn\318.jpg,yawn,train,SIM_2135,success,315,226,399,372
D:\driver-drowsiness-detection\dataset\train\yawn\319.jpg,d:\driver-drowsiness-detection\mouth_dataset\test\yawn\319.jpg,yawn,test,SIM_2136,success,314,239,391,367
D:\driver-drowsiness-detection\dataset\train\yawn\32.jpg,d:\driver-drowsiness-detection\mouth_dataset\validation\yawn\32.jpg,yawn,validation,SIM_2087,success,240,129,355,284
D:\driver-drowsiness-detection\dataset\train\yawn\320.jpg,d:\driver-drowsiness-detection\mouth_dataset\train\yawn\320.jpg,yawn,train,SIM_2137,success,255,203,378,355
D:\driver-drowsiness-detection\dataset\train\yawn\321.jpg,d:\driver-drowsiness-detection\mouth_dataset\train\yawn\321.jpg,yawn,train,SIM_2138,success,242,239,364,337
D:\driver-drowsiness-detection\dataset\train\yawn\322.jpg,d:\driver-drowsiness-detection\mouth_dataset\train\yawn\322.jpg,yawn,train,SIM_2138,success,242,222,362,343
D:\driver-drowsiness-detection\dataset\train\yawn\323.jpg,d:\driver-drowsiness-detection\mouth_dataset\train\yawn\323.jpg,yawn,train,SIM_2139,success,307,259,410,370
D:\driver-drowsiness-detection\dataset\train\yawn\324.jpg,d:\driver-drowsiness-detection\mouth_dataset\train\yawn\324.jpg,yawn,train,SIM_2139,success,267,263,406,363
D:\driver-drowsiness-detection\dataset\train\yawn\325.jpg,d:\driver-drowsiness-detection\mouth_dataset\test\yawn\325.jpg,yawn,test,SIM_2140,success,271,254,406,389
D:\driver-drowsiness-detection\dataset\train\yawn\326.jpg,d:\driver-drowsiness-detection\mouth_dataset\validation\yawn\326.jpg,yawn,validation,SIM_2141,success,248,266,385,406
D:\driver-drowsiness-detection\dataset\train\yawn\327.jpg,d:\driver-drowsiness-detection\mouth_dataset\train\yawn\327.jpg,yawn,train,SIM_2142,success,249,265,388,405
D:\driver-drowsiness-detection\dataset\train\yawn\328.jpg,d:\driver-drowsiness-detection\mouth_dataset\train\yawn\328.jpg,yawn,train,SIM_2143,success,304,256,435,367
D:\driver-drowsiness-detection\dataset\train\yawn\329.jpg,d:\driver-drowsiness-detection\mouth_dataset\train\yawn\329.jpg,yawn,train,SIM_2144,success,299,263,440,359
D:\driver-drowsiness-detection\dataset\train\yawn\33.jpg,d:\driver-drowsiness-detection\mouth_dataset\validation\yawn\33.jpg,yawn,validation,SIM_2087,success,244,117,362,289
D:\driver-drowsiness-detection\dataset\train\yawn\330.jpg,,yawn,train,SIM_2143,mouth_landmarks_not_detected,,,,
D:\driver-drowsiness-detection\dataset\train\yawn\331.jpg,d:\driver-drowsiness-detection\mouth_dataset\train\yawn\331.jpg,yawn,train,SIM_2145,success,314,274,422,373
D:\driver-drowsiness-detection\dataset\train\yawn\332.jpg,,yawn,train,SIM_2143,mouth_landmarks_not_detected,,,,
D:\driver-drowsiness-detection\dataset\train\yawn\333.jpg,d:\driver-drowsiness-detection\mouth_dataset\train\yawn\333.jpg,yawn,train,SIM_2145,success,304,279,428,363
D:\driver-drowsiness-detection\dataset\train\yawn\334.jpg,d:\driver-drowsiness-detection\mouth_dataset\train\yawn\334.jpg,yawn,train,SIM_2146,success,308,303,421,373
D:\driver-drowsiness-detection\dataset\train\yawn\335.jpg,,yawn,test,SIM_2147,mouth_landmarks_not_detected,,,,
D:\driver-drowsiness-detection\dataset\train\yawn\336.jpg,d:\driver-drowsiness-detection\mouth_dataset\train\yawn\336.jpg,yawn,train,SIM_2148,success,307,260,397,354
D:\driver-drowsiness-detection\dataset\train\yawn\337.jpg,d:\driver-drowsiness-detection\mouth_dataset\validation\yawn\337.jpg,yawn,validation,SIM_2149,success,315,236,403,380
D:\driver-drowsiness-detection\dataset\train\yawn\338.jpg,d:\driver-drowsiness-detection\mouth_dataset\train\yawn\338.jpg,yawn,train,SIM_2150,success,308,228,401,380
D:\driver-drowsiness-detection\dataset\train\yawn\339.jpg,d:\driver-drowsiness-detection\mouth_dataset\train\yawn\339.jpg,yawn,train,SIM_2151,success,301,241,405,363
D:\driver-drowsiness-detection\dataset\train\yawn\34.jpg,d:\driver-drowsiness-detection\mouth_dataset\validation\yawn\34.jpg,yawn,validation,SIM_2087,success,245,122,363,293
D:\driver-drowsiness-detection\dataset\train\yawn\340.jpg,d:\driver-drowsiness-detection\mouth_dataset\train\yawn\340.jpg,yawn,train,SIM_2152,success,293,222,410,381
D:\driver-drowsiness-detection\dataset\train\yawn\341.jpg,d:\driver-drowsiness-detection\mouth_dataset\train\yawn\341.jpg,yawn,train,SIM_2153,success,280,222,410,358
D:\driver-drowsiness-detection\dataset\train\yawn\342.jpg,d:\driver-drowsiness-detection\mouth_dataset\train\yawn\342.jpg,yawn,train,SIM_2153,success,292,219,416,372
D:\driver-drowsiness-detection\dataset\train\yawn\343.jpg,d:\driver-drowsiness-detection\mouth_dataset\train\yawn\343.jpg,yawn,train,SIM_2153,success,279,219,411,358
D:\driver-drowsiness-detection\dataset\train\yawn\344.jpg,d:\driver-drowsiness-detection\mouth_dataset\train\yawn\344.jpg,yawn,train,SIM_2154,success,335,232,465,411
D:\driver-drowsiness-detection\dataset\train\yawn\345.jpg,d:\driver-drowsiness-detection\mouth_dataset\train\yawn\345.jpg,yawn,train,SIM_2155,success,332,226,471,422
D:\driver-drowsiness-detection\dataset\train\yawn\346.jpg,d:\driver-drowsiness-detection\mouth_dataset\validation\yawn\346.jpg,yawn,validation,SIM_2156,success,330,224,482,413
D:\driver-drowsiness-detection\dataset\train\yawn\347.jpg,d:\driver-drowsiness-detection\mouth_dataset\train\yawn\347.jpg,yawn,train,SIM_2157,success,317,208,484,410
D:\driver-drowsiness-detection\dataset\train\yawn\348.jpg,d:\driver-drowsiness-detection\mouth_dataset\validation\yawn\348.jpg,yawn,validation,SIM_2158,success,320,209,488,399
D:\driver-drowsiness-detection\dataset\train\yawn\349.jpg,d:\driver-drowsiness-detection\mouth_dataset\train\yawn\349.jpg,yawn,train,SIM_2159,success,339,232,473,415
D:\driver-drowsiness-detection\dataset\train\yawn\35.jpg,d:\driver-drowsiness-detection\mouth_dataset\train\yawn\35.jpg,yawn,train,SIM_2078,success,236,156,355,294
D:\driver-drowsiness-detection\dataset\train\yawn\350.jpg,d:\driver-drowsiness-detection\mouth_dataset\train\yawn\350.jpg,yawn,train,SIM_2160,success,328,226,496,407
D:\driver-drowsiness-detection\dataset\train\yawn\351.jpg,,yawn,test,SIM_2161,mouth_landmarks_not_detected,,,,
D:\driver-drowsiness-detection\dataset\train\yawn\352.jpg,,yawn,train,SIM_2162,mouth_landmarks_not_detected,,,,
D:\driver-drowsiness-detection\dataset\train\yawn\353.jpg,d:\driver-drowsiness-detection\mouth_dataset\test\yawn\353.jpg,yawn,test,SIM_2163,success,317,227,484,395
D:\driver-drowsiness-detection\dataset\train\yawn\354.jpg,d:\driver-drowsiness-detection\mouth_dataset\train\yawn\354.jpg,yawn,train,SIM_2164,success,346,215,475,413
D:\driver-drowsiness-detection\dataset\train\yawn\355.jpg,d:\driver-drowsiness-detection\mouth_dataset\train\yawn\355.jpg,yawn,train,SIM_2165,success,309,225,472,407
D:\driver-drowsiness-detection\dataset\train\yawn\356.jpg,d:\driver-drowsiness-detection\mouth_dataset\train\yawn\356.jpg,yawn,train,SIM_2166,success,314,244,474,386
D:\driver-drowsiness-detection\dataset\train\yawn\357.jpg,d:\driver-drowsiness-detection\mouth_dataset\train\yawn\357.jpg,yawn,train,SIM_2167,success,306,224,420,365
D:\driver-drowsiness-detection\dataset\train\yawn\358.jpg,d:\driver-drowsiness-detection\mouth_dataset\train\yawn\358.jpg,yawn,train,SIM_2168,success,302,223,411,373
D:\driver-drowsiness-detection\dataset\train\yawn\359.jpg,d:\driver-drowsiness-detection\mouth_dataset\train\yawn\359.jpg,yawn,train,SIM_2169,success,297,209,411,376
D:\driver-drowsiness-detection\dataset\train\yawn\36.jpg,d:\driver-drowsiness-detection\mouth_dataset\train\yawn\36.jpg,yawn,train,SIM_2078,success,235,181,356,290
D:\driver-drowsiness-detection\dataset\train\yawn\360.jpg,d:\driver-drowsiness-detection\mouth_dataset\test\yawn\360.jpg,yawn,test,SIM_2170,success,364,254,442,358
D:\driver-drowsiness-detection\dataset\train\yawn\361.jpg,d:\driver-drowsiness-detection\mouth_dataset\train\yawn\361.jpg,yawn,train,SIM_2171,success,346,250,427,371
D:\driver-drowsiness-detection\dataset\train\yawn\362.jpg,d:\driver-drowsiness-detection\mouth_dataset\train\yawn\362.jpg,yawn,train,SIM_2172,success,370,261,444,366
D:\driver-drowsiness-detection\dataset\train\yawn\363.jpg,d:\driver-drowsiness-detection\mouth_dataset\train\yawn\363.jpg,yawn,train,SIM_2173,success,358,255,438,363
D:\driver-drowsiness-detection\dataset\train\yawn\364.jpg,d:\driver-drowsiness-detection\mouth_dataset\train\yawn\364.jpg,yawn,train,SIM_2174,success,331,248,424,362
D:\driver-drowsiness-detection\dataset\train\yawn\365.jpg,d:\driver-drowsiness-detection\mouth_dataset\train\yawn\365.jpg,yawn,train,SIM_2175,success,355,249,439,361
D:\driver-drowsiness-detection\dataset\train\yawn\366.jpg,d:\driver-drowsiness-detection\mouth_dataset\train\yawn\366.jpg,yawn,train,SIM_2176,success,406,196,506,374
D:\driver-drowsiness-detection\dataset\train\yawn\367.jpg,d:\driver-drowsiness-detection\mouth_dataset\train\yawn\367.jpg,yawn,train,SIM_2177,success,402,201,501,371
D:\driver-drowsiness-detection\dataset\train\yawn\368.jpg,d:\driver-drowsiness-detection\mouth_dataset\train\yawn\368.jpg,yawn,train,SIM_2178,success,385,221,478,372
D:\driver-drowsiness-detection\dataset\train\yawn\369.jpg,d:\driver-drowsiness-detection\mouth_dataset\train\yawn\369.jpg,yawn,train,SIM_2179,success,378,201,474,358
D:\driver-drowsiness-detection\dataset\train\yawn\37.jpg,d:\driver-drowsiness-detection\mouth_dataset\validation\yawn\37.jpg,yawn,validation,SIM_2087,success,246,142,363,289
D:\driver-drowsiness-detection\dataset\train\yawn\370.jpg,d:\driver-drowsiness-detection\mouth_dataset\validation\yawn\370.jpg,yawn,validation,SIM_2180,success,406,259,497,376
D:\driver-drowsiness-detection\dataset\train\yawn\371.jpg,d:\driver-drowsiness-detection\mouth_dataset\train\yawn\371.jpg,yawn,train,SIM_2181,success,410,235,503,370
D:\driver-drowsiness-detection\dataset\train\yawn\372.jpg,d:\driver-drowsiness-detection\mouth_dataset\validation\yawn\372.jpg,yawn,validation,SIM_2182,success,403,210,502,346
D:\driver-drowsiness-detection\dataset\train\yawn\373.jpg,d:\driver-drowsiness-detection\mouth_dataset\test\yawn\373.jpg,yawn,test,SIM_2183,success,409,233,523,371
D:\driver-drowsiness-detection\dataset\train\yawn\374.jpg,d:\driver-drowsiness-detection\mouth_dataset\validation\yawn\374.jpg,yawn,validation,SIM_2184,success,390,206,502,368
D:\driver-drowsiness-detection\dataset\train\yawn\375.jpg,d:\driver-drowsiness-detection\mouth_dataset\train\yawn\375.jpg,yawn,train,SIM_2185,success,387,252,493,354
D:\driver-drowsiness-detection\dataset\train\yawn\376.jpg,d:\driver-drowsiness-detection\mouth_dataset\train\yawn\376.jpg,yawn,train,SIM_2186,success,372,157,483,344
D:\driver-drowsiness-detection\dataset\train\yawn\377.jpg,d:\driver-drowsiness-detection\mouth_dataset\train\yawn\377.jpg,yawn,train,SIM_2187,success,351,188,470,347
D:\driver-drowsiness-detection\dataset\train\yawn\378.jpg,d:\driver-drowsiness-detection\mouth_dataset\validation\yawn\378.jpg,yawn,validation,SIM_2188,success,365,192,489,344
D:\driver-drowsiness-detection\dataset\train\yawn\379.jpg,d:\driver-drowsiness-detection\mouth_dataset\train\yawn\379.jpg,yawn,train,SIM_2189,success,372,189,491,339
D:\driver-drowsiness-detection\dataset\train\yawn\38.jpg,d:\driver-drowsiness-detection\mouth_dataset\validation\yawn\38.jpg,yawn,validation,SIM_2087,success,245,119,368,282
D:\driver-drowsiness-detection\dataset\train\yawn\380.jpg,d:\driver-drowsiness-detection\mouth_dataset\train\yawn\380.jpg,yawn,train,SIM_2190,success,385,189,516,372
D:\driver-drowsiness-detection\dataset\train\yawn\381.jpg,d:\driver-drowsiness-detection\mouth_dataset\train\yawn\381.jpg,yawn,train,SIM_2191,success,372,199,500,364
D:\driver-drowsiness-detection\dataset\train\yawn\382.jpg,d:\driver-drowsiness-detection\mouth_dataset\test\yawn\382.jpg,yawn,test,SIM_2192,success,403,161,540,359
D:\driver-drowsiness-detection\dataset\train\yawn\383.jpg,d:\driver-drowsiness-detection\mouth_dataset\train\yawn\383.jpg,yawn,train,SIM_2193,success,304,258,408,362
D:\driver-drowsiness-detection\dataset\train\yawn\384.jpg,d:\driver-drowsiness-detection\mouth_dataset\train\yawn\384.jpg,yawn,train,SIM_2194,success,301,243,395,350
D:\driver-drowsiness-detection\dataset\train\yawn\385.jpg,d:\driver-drowsiness-detection\mouth_dataset\train\yawn\385.jpg,yawn,train,SIM_2195,success,305,235,400,365
D:\driver-drowsiness-detection\dataset\train\yawn\386.jpg,d:\driver-drowsiness-detection\mouth_dataset\validation\yawn\386.jpg,yawn,validation,SIM_2196,success,288,271,400,348
D:\driver-drowsiness-detection\dataset\train\yawn\387.jpg,d:\driver-drowsiness-detection\mouth_dataset\train\yawn\387.jpg,yawn,train,SIM_2197,success,244,196,348,341
D:\driver-drowsiness-detection\dataset\train\yawn\388.jpg,d:\driver-drowsiness-detection\mouth_dataset\train\yawn\388.jpg,yawn,train,SIM_2198,success,245,196,348,336
D:\driver-drowsiness-detection\dataset\train\yawn\389.jpg,d:\driver-drowsiness-detection\mouth_dataset\train\yawn\389.jpg,yawn,train,SIM_2198,success,248,190,354,324
D:\driver-drowsiness-detection\dataset\train\yawn\39.jpg,d:\driver-drowsiness-detection\mouth_dataset\train\yawn\39.jpg,yawn,train,SIM_2098,success,248,118,366,275
D:\driver-drowsiness-detection\dataset\train\yawn\390.jpg,d:\driver-drowsiness-detection\mouth_dataset\test\yawn\390.jpg,yawn,test,SIM_2199,success,273,160,389,333
D:\driver-drowsiness-detection\dataset\train\yawn\391.jpg,d:\driver-drowsiness-detection\mouth_dataset\test\yawn\391.jpg,yawn,test,SIM_2200,success,256,136,381,301
D:\driver-drowsiness-detection\dataset\train\yawn\392.jpg,d:\driver-drowsiness-detection\mouth_dataset\test\yawn\392.jpg,yawn,test,SIM_2201,success,272,170,394,332
D:\driver-drowsiness-detection\dataset\train\yawn\393.jpg,d:\driver-drowsiness-detection\mouth_dataset\train\yawn\393.jpg,yawn,train,SIM_2202,success,272,171,385,277
D:\driver-drowsiness-detection\dataset\train\yawn\394.jpg,d:\driver-drowsiness-detection\mouth_dataset\train\yawn\394.jpg,yawn,train,SIM_2203,success,276,206,375,347
D:\driver-drowsiness-detection\dataset\train\yawn\395.jpg,d:\driver-drowsiness-detection\mouth_dataset\train\yawn\395.jpg,yawn,train,SIM_2204,success,273,200,378,341
D:\driver-drowsiness-detection\dataset\train\yawn\396.jpg,d:\driver-drowsiness-detection\mouth_dataset\train\yawn\396.jpg,yawn,train,SIM_2204,success,269,209,366,340
D:\driver-drowsiness-detection\dataset\train\yawn\397.jpg,d:\driver-drowsiness-detection\mouth_dataset\train\yawn\397.jpg,yawn,train,SIM_2205,success,285,222,369,333
D:\driver-drowsiness-detection\dataset\train\yawn\398.jpg,d:\driver-drowsiness-detection\mouth_dataset\train\yawn\398.jpg,yawn,train,SIM_2205,success,280,212,378,344
D:\driver-drowsiness-detection\dataset\train\yawn\399.jpg,d:\driver-drowsiness-detection\mouth_dataset\train\yawn\399.jpg,yawn,train,SIM_2205,success,276,197,376,343
D:\driver-drowsiness-detection\dataset\train\yawn\4.jpg,d:\driver-drowsiness-detection\mouth_dataset\train\yawn\4.jpg,yawn,train,SIM_1973,success,265,236,352,328
D:\driver-drowsiness-detection\dataset\train\yawn\40.jpg,d:\driver-drowsiness-detection\mouth_dataset\validation\yawn\40.jpg,yawn,validation,SIM_2087,success,243,143,362,302
D:\driver-drowsiness-detection\dataset\train\yawn\400.jpg,d:\driver-drowsiness-detection\mouth_dataset\train\yawn\400.jpg,yawn,train,SIM_2205,success,278,198,380,345
D:\driver-drowsiness-detection\dataset\train\yawn\401.jpg,d:\driver-drowsiness-detection\mouth_dataset\train\yawn\401.jpg,yawn,train,SIM_2205,success,277,205,381,343
D:\driver-drowsiness-detection\dataset\train\yawn\402.jpg,d:\driver-drowsiness-detection\mouth_dataset\train\yawn\402.jpg,yawn,train,SIM_2205,success,283,227,380,328
D:\driver-drowsiness-detection\dataset\train\yawn\403.jpg,d:\driver-drowsiness-detection\mouth_dataset\test\yawn\403.jpg,yawn,test,SIM_2206,success,292,229,374,329
D:\driver-drowsiness-detection\dataset\train\yawn\404.jpg,d:\driver-drowsiness-detection\mouth_dataset\train\yawn\404.jpg,yawn,train,SIM_2207,success,289,219,378,334
D:\driver-drowsiness-detection\dataset\train\yawn\405.jpg,d:\driver-drowsiness-detection\mouth_dataset\train\yawn\405.jpg,yawn,train,SIM_2208,success,286,214,380,340
D:\driver-drowsiness-detection\dataset\train\yawn\406.jpg,d:\driver-drowsiness-detection\mouth_dataset\train\yawn\406.jpg,yawn,train,SIM_2208,success,284,209,382,342
D:\driver-drowsiness-detection\dataset\train\yawn\407.jpg,d:\driver-drowsiness-detection\mouth_dataset\train\yawn\407.jpg,yawn,train,SIM_2209,success,298,253,376,321
D:\driver-drowsiness-detection\dataset\train\yawn\408.jpg,d:\driver-drowsiness-detection\mouth_dataset\train\yawn\408.jpg,yawn,train,SIM_2210,success,296,249,372,322
D:\driver-drowsiness-detection\dataset\train\yawn\409.jpg,d:\driver-drowsiness-detection\mouth_dataset\train\yawn\409.jpg,yawn,train,SIM_2210,success,293,226,380,336
D:\driver-drowsiness-detection\dataset\train\yawn\41.jpg,d:\driver-drowsiness-detection\mouth_dataset\train\yawn\41.jpg,yawn,train,SIM_2211,success,303,229,402,349
D:\driver-drowsiness-detection\dataset\train\yawn\410.jpg,d:\driver-drowsiness-detection\mouth_dataset\train\yawn\410.jpg,yawn,train,SIM_2210,success,285,209,382,339
D:\driver-drowsiness-detection\dataset\train\yawn\411.jpg,d:\driver-drowsiness-detection\mouth_dataset\train\yawn\411.jpg,yawn,train,SIM_2210,success,283,209,380,337
D:\driver-drowsiness-detection\dataset\train\yawn\412.jpg,d:\driver-drowsiness-detection\mouth_dataset\train\yawn\412.jpg,yawn,train,SIM_2209,success,279,225,383,330
D:\driver-drowsiness-detection\dataset\train\yawn\413.jpg,d:\driver-drowsiness-detection\mouth_dataset\validation\yawn\413.jpg,yawn,validation,SIM_0804,success,289,267,399,315
D:\driver-drowsiness-detection\dataset\train\yawn\414.jpg,d:\driver-drowsiness-detection\mouth_dataset\train\yawn\414.jpg,yawn,train,SIM_2212,success,285,265,396,315
D:\driver-drowsiness-detection\dataset\train\yawn\415.jpg,d:\driver-drowsiness-detection\mouth_dataset\validation\yawn\415.jpg,yawn,validation,SIM_0804,success,294,254,394,349
D:\driver-drowsiness-detection\dataset\train\yawn\416.jpg,d:\driver-drowsiness-detection\mouth_dataset\validation\yawn\416.jpg,yawn,validation,SIM_2213,success,319,232,409,369
D:\driver-drowsiness-detection\dataset\train\yawn\417.jpg,d:\driver-drowsiness-detection\mouth_dataset\train\yawn\417.jpg,yawn,train,SIM_2214,success,320,233,421,356
D:\driver-drowsiness-detection\dataset\train\yawn\418.jpg,,yawn,test,SIM_2215,mouth_landmarks_not_detected,,,,
D:\driver-drowsiness-detection\dataset\train\yawn\419.jpg,d:\driver-drowsiness-detection\mouth_dataset\train\yawn\419.jpg,yawn,train,SIM_2216,success,305,278,398,343
D:\driver-drowsiness-detection\dataset\train\yawn\42.jpg,d:\driver-drowsiness-detection\mouth_dataset\train\yawn\42.jpg,yawn,train,SIM_2217,success,322,203,437,368
D:\driver-drowsiness-detection\dataset\train\yawn\420.jpg,d:\driver-drowsiness-detection\mouth_dataset\train\yawn\420.jpg,yawn,train,SIM_2218,success,298,255,400,347
D:\driver-drowsiness-detection\dataset\train\yawn\421.jpg,d:\driver-drowsiness-detection\mouth_dataset\train\yawn\421.jpg,yawn,train,SIM_2218,success,294,239,404,350
D:\driver-drowsiness-detection\dataset\train\yawn\422.jpg,d:\driver-drowsiness-detection\mouth_dataset\train\yawn\422.jpg,yawn,train,SIM_2218,success,301,237,393,343
D:\driver-drowsiness-detection\dataset\train\yawn\423.jpg,d:\driver-drowsiness-detection\mouth_dataset\validation\yawn\423.jpg,yawn,validation,SIM_2219,success,284,238,392,351
D:\driver-drowsiness-detection\dataset\train\yawn\424.jpg,d:\driver-drowsiness-detection\mouth_dataset\train\yawn\424.jpg,yawn,train,SIM_2220,success,277,268,352,362
D:\driver-drowsiness-detection\dataset\train\yawn\425.jpg,d:\driver-drowsiness-detection\mouth_dataset\train\yawn\425.jpg,yawn,train,SIM_2221,success,293,244,383,353
D:\driver-drowsiness-detection\dataset\train\yawn\426.jpg,d:\driver-drowsiness-detection\mouth_dataset\train\yawn\426.jpg,yawn,train,SIM_2221,success,299,254,377,329
D:\driver-drowsiness-detection\dataset\train\yawn\427.jpg,d:\driver-drowsiness-detection\mouth_dataset\train\yawn\427.jpg,yawn,train,SIM_2214,success,326,237,414,353
D:\driver-drowsiness-detection\dataset\train\yawn\428.jpg,d:\driver-drowsiness-detection\mouth_dataset\train\yawn\428.jpg,yawn,train,SIM_2222,success,317,235,409,357
D:\driver-drowsiness-detection\dataset\train\yawn\429.jpg,d:\driver-drowsiness-detection\mouth_dataset\validation\yawn\429.jpg,yawn,validation,SIM_2223,success,316,227,416,377
D:\driver-drowsiness-detection\dataset\train\yawn\43.jpg,d:\driver-drowsiness-detection\mouth_dataset\train\yawn\43.jpg,yawn,train,SIM_2224,success,296,247,398,358
D:\driver-drowsiness-detection\dataset\train\yawn\430.jpg,d:\driver-drowsiness-detection\mouth_dataset\train\yawn\430.jpg,yawn,train,SIM_2225,success,386,249,479,346
D:\driver-drowsiness-detection\dataset\train\yawn\431.jpg,d:\driver-drowsiness-detection\mouth_dataset\train\yawn\431.jpg,yawn,train,SIM_2226,success,393,243,478,354
D:\driver-drowsiness-detection\dataset\train\yawn\432.jpg,d:\driver-drowsiness-detection\mouth_dataset\train\yawn\432.jpg,yawn,train,SIM_2227,success,394,246,480,354
D:\driver-drowsiness-detection\dataset\train\yawn\433.jpg,d:\driver-drowsiness-detection\mouth_dataset\train\yawn\433.jpg,yawn,train,SIM_2228,success,393,250,482,340
D:\driver-drowsiness-detection\dataset\train\yawn\434.jpg,d:\driver-drowsiness-detection\mouth_dataset\train\yawn\434.jpg,yawn,train,SIM_2229,success,400,245,486,346
D:\driver-drowsiness-detection\dataset\train\yawn\435.jpg,d:\driver-drowsiness-detection\mouth_dataset\train\yawn\435.jpg,yawn,train,SIM_2229,success,396,240,486,355
D:\driver-drowsiness-detection\dataset\train\yawn\436.jpg,d:\driver-drowsiness-detection\mouth_dataset\train\yawn\436.jpg,yawn,train,SIM_2230,success,372,233,480,349
D:\driver-drowsiness-detection\dataset\train\yawn\437.jpg,d:\driver-drowsiness-detection\mouth_dataset\train\yawn\437.jpg,yawn,train,SIM_2231,success,369,212,503,372
D:\driver-drowsiness-detection\dataset\train\yawn\438.jpg,d:\driver-drowsiness-detection\mouth_dataset\train\yawn\438.jpg,yawn,train,SIM_2232,success,355,206,484,377
D:\driver-drowsiness-detection\dataset\train\yawn\439.jpg,d:\driver-drowsiness-detection\mouth_dataset\validation\yawn\439.jpg,yawn,validation,SIM_2233,success,354,210,470,381
D:\driver-drowsiness-detection\dataset\train\yawn\44.jpg,d:\driver-drowsiness-detection\mouth_dataset\train\yawn\44.jpg,yawn,train,SIM_2234,success,224,182,356,301
D:\driver-drowsiness-detection\dataset\train\yawn\440.jpg,d:\driver-drowsiness-detection\mouth_dataset\validation\yawn\440.jpg,yawn,validation,SIM_2235,success,349,212,480,342
D:\driver-drowsiness-detection\dataset\train\yawn\441.jpg,d:\driver-drowsiness-detection\mouth_dataset\test\yawn\441.jpg,yawn,test,SIM_2236,success,382,219,510,375
D:\driver-drowsiness-detection\dataset\train\yawn\442.jpg,d:\driver-drowsiness-detection\mouth_dataset\test\yawn\442.jpg,yawn,test,SIM_2237,success,381,209,507,377
D:\driver-drowsiness-detection\dataset\train\yawn\443.jpg,,yawn,test,SIM_2238,mouth_landmarks_not_detected,,,,
D:\driver-drowsiness-detection\dataset\train\yawn\444.jpg,d:\driver-drowsiness-detection\mouth_dataset\train\yawn\444.jpg,yawn,train,SIM_2239,success,350,275,458,418
D:\driver-drowsiness-detection\dataset\train\yawn\445.jpg,d:\driver-drowsiness-detection\mouth_dataset\train\yawn\445.jpg,yawn,train,SIM_2240,success,340,282,464,420
D:\driver-drowsiness-detection\dataset\train\yawn\446.jpg,d:\driver-drowsiness-detection\mouth_dataset\train\yawn\446.jpg,yawn,train,SIM_2241,success,350,272,471,414
D:\driver-drowsiness-detection\dataset\train\yawn\447.jpg,d:\driver-drowsiness-detection\mouth_dataset\train\yawn\447.jpg,yawn,train,SIM_2242,success,349,273,471,415
D:\driver-drowsiness-detection\dataset\train\yawn\448.jpg,d:\driver-drowsiness-detection\mouth_dataset\test\yawn\448.jpg,yawn,test,SIM_2243,success,354,249,452,380
D:\driver-drowsiness-detection\dataset\train\yawn\449.jpg,d:\driver-drowsiness-detection\mouth_dataset\train\yawn\449.jpg,yawn,train,SIM_2244,success,346,250,461,387
D:\driver-drowsiness-detection\dataset\train\yawn\45.jpg,d:\driver-drowsiness-detection\mouth_dataset\train\yawn\45.jpg,yawn,train,SIM_2245,success,216,172,356,301
D:\driver-drowsiness-detection\dataset\train\yawn\450.jpg,d:\driver-drowsiness-detection\mouth_dataset\validation\yawn\450.jpg,yawn,validation,SIM_2246,success,340,241,461,386
D:\driver-drowsiness-detection\dataset\train\yawn\451.jpg,d:\driver-drowsiness-detection\mouth_dataset\train\yawn\451.jpg,yawn,train,SIM_2244,success,340,236,471,384
D:\driver-drowsiness-detection\dataset\train\yawn\452.jpg,d:\driver-drowsiness-detection\mouth_dataset\train\yawn\452.jpg,yawn,train,SIM_2247,success,290,306,405,435
D:\driver-drowsiness-detection\dataset\train\yawn\453.jpg,d:\driver-drowsiness-detection\mouth_dataset\train\yawn\453.jpg,yawn,train,SIM_2248,success,287,300,408,460
D:\driver-drowsiness-detection\dataset\train\yawn\454.jpg,d:\driver-drowsiness-detection\mouth_dataset\validation\yawn\454.jpg,yawn,validation,SIM_2249,success,269,293,408,458
D:\driver-drowsiness-detection\dataset\train\yawn\455.jpg,d:\driver-drowsiness-detection\mouth_dataset\train\yawn\455.jpg,yawn,train,SIM_2250,success,287,287,429,450
D:\driver-drowsiness-detection\dataset\train\yawn\456.jpg,d:\driver-drowsiness-detection\mouth_dataset\train\yawn\456.jpg,yawn,train,SIM_2251,success,287,301,424,450
D:\driver-drowsiness-detection\dataset\train\yawn\457.jpg,d:\driver-drowsiness-detection\mouth_dataset\test\yawn\457.jpg,yawn,test,SIM_2252,success,274,303,410,457
D:\driver-drowsiness-detection\dataset\train\yawn\458.jpg,d:\driver-drowsiness-detection\mouth_dataset\train\yawn\458.jpg,yawn,train,SIM_2253,success,271,271,426,440
D:\driver-drowsiness-detection\dataset\train\yawn\459.jpg,d:\driver-drowsiness-detection\mouth_dataset\test\yawn\459.jpg,yawn,test,SIM_2254,success,267,283,414,437
D:\driver-drowsiness-detection\dataset\train\yawn\46.jpg,d:\driver-drowsiness-detection\mouth_dataset\validation\yawn\46.jpg,yawn,validation,SIM_2255,success,213,168,355,300
D:\driver-drowsiness-detection\dataset\train\yawn\460.jpg,d:\driver-drowsiness-detection\mouth_dataset\test\yawn\460.jpg,yawn,test,SIM_2256,success,267,294,415,447
D:\driver-drowsiness-detection\dataset\train\yawn\461.jpg,d:\driver-drowsiness-detection\mouth_dataset\validation\yawn\461.jpg,yawn,validation,SIM_2257,success,270,299,418,451
D:\driver-drowsiness-detection\dataset\train\yawn\462.jpg,d:\driver-drowsiness-detection\mouth_dataset\validation\yawn\462.jpg,yawn,validation,SIM_2258,success,266,294,406,447
D:\driver-drowsiness-detection\dataset\train\yawn\463.jpg,d:\driver-drowsiness-detection\mouth_dataset\train\yawn\463.jpg,yawn,train,SIM_2259,success,272,290,420,448
D:\driver-drowsiness-detection\dataset\train\yawn\464.jpg,,yawn,train,SIM_2260,mouth_landmarks_not_detected,,,,
D:\driver-drowsiness-detection\dataset\train\yawn\465.jpg,d:\driver-drowsiness-detection\mouth_dataset\train\yawn\465.jpg,yawn,train,SIM_2261,success,406,268,493,342
D:\driver-drowsiness-detection\dataset\train\yawn\466.jpg,d:\driver-drowsiness-detection\mouth_dataset\train\yawn\466.jpg,yawn,train,SIM_2262,success,414,238,489,335
D:\driver-drowsiness-detection\dataset\train\yawn\467.jpg,d:\driver-drowsiness-detection\mouth_dataset\train\yawn\467.jpg,yawn,train,SIM_2261,success,386,270,490,349
D:\driver-drowsiness-detection\dataset\train\yawn\468.jpg,d:\driver-drowsiness-detection\mouth_dataset\train\yawn\468.jpg,yawn,train,SIM_2263,success,272,263,381,395
D:\driver-drowsiness-detection\dataset\train\yawn\469.jpg,d:\driver-drowsiness-detection\mouth_dataset\test\yawn\469.jpg,yawn,test,SIM_2264,success,271,239,383,409
D:\driver-drowsiness-detection\dataset\train\yawn\47.jpg,d:\driver-drowsiness-detection\mouth_dataset\test\yawn\47.jpg,yawn,test,SIM_2265,success,212,165,353,304
D:\driver-drowsiness-detection\dataset\train\yawn\470.jpg,d:\driver-drowsiness-detection\mouth_dataset\train\yawn\470.jpg,yawn,train,SIM_2266,success,269,242,386,412
D:\driver-drowsiness-detection\dataset\train\yawn\471.jpg,d:\driver-drowsiness-detection\mouth_dataset\train\yawn\471.jpg,yawn,train,SIM_2266,success,268,244,386,410
D:\driver-drowsiness-detection\dataset\train\yawn\472.jpg,d:\driver-drowsiness-detection\mouth_dataset\train\yawn\472.jpg,yawn,train,SIM_2266,success,270,241,386,411
D:\driver-drowsiness-detection\dataset\train\yawn\473.jpg,d:\driver-drowsiness-detection\mouth_dataset\train\yawn\473.jpg,yawn,train,SIM_2267,success,270,245,387,409
D:\driver-drowsiness-detection\dataset\train\yawn\474.jpg,d:\driver-drowsiness-detection\mouth_dataset\train\yawn\474.jpg,yawn,train,SIM_2267,success,273,255,386,395
D:\driver-drowsiness-detection\dataset\train\yawn\475.jpg,d:\driver-drowsiness-detection\mouth_dataset\test\yawn\475.jpg,yawn,test,SIM_2268,success,263,245,378,402
D:\driver-drowsiness-detection\dataset\train\yawn\476.jpg,d:\driver-drowsiness-detection\mouth_dataset\train\yawn\476.jpg,yawn,train,SIM_2269,success,262,232,383,406
D:\driver-drowsiness-detection\dataset\train\yawn\477.jpg,d:\driver-drowsiness-detection\mouth_dataset\validation\yawn\477.jpg,yawn,validation,SIM_2270,success,261,220,382,397
D:\driver-drowsiness-detection\dataset\train\yawn\478.jpg,d:\driver-drowsiness-detection\mouth_dataset\train\yawn\478.jpg,yawn,train,SIM_2271,success,266,216,382,396
D:\driver-drowsiness-detection\dataset\train\yawn\479.jpg,d:\driver-drowsiness-detection\mouth_dataset\train\yawn\479.jpg,yawn,train,SIM_2271,success,267,221,386,395
D:\driver-drowsiness-detection\dataset\train\yawn\48.jpg,d:\driver-drowsiness-detection\mouth_dataset\train\yawn\48.jpg,yawn,train,SIM_2272,success,208,164,350,300
D:\driver-drowsiness-detection\dataset\train\yawn\480.jpg,d:\driver-drowsiness-detection\mouth_dataset\train\yawn\480.jpg,yawn,train,SIM_2271,success,271,220,383,393
D:\driver-drowsiness-detection\dataset\train\yawn\481.jpg,d:\driver-drowsiness-detection\mouth_dataset\train\yawn\481.jpg,yawn,train,SIM_2271,success,273,236,385,378
D:\driver-drowsiness-detection\dataset\train\yawn\482.jpg,d:\driver-drowsiness-detection\mouth_dataset\test\yawn\482.jpg,yawn,test,SIM_2273,success,310,272,403,352
D:\driver-drowsiness-detection\dataset\train\yawn\483.jpg,d:\driver-drowsiness-detection\mouth_dataset\train\yawn\483.jpg,yawn,train,SIM_2274,success,290,275,382,337
D:\driver-drowsiness-detection\dataset\train\yawn\484.jpg,d:\driver-drowsiness-detection\mouth_dataset\train\yawn\484.jpg,yawn,train,SIM_2275,success,291,265,389,347
D:\driver-drowsiness-detection\dataset\train\yawn\485.jpg,d:\driver-drowsiness-detection\mouth_dataset\train\yawn\485.jpg,yawn,train,SIM_2276,success,287,286,393,343
D:\driver-drowsiness-detection\dataset\train\yawn\486.jpg,d:\driver-drowsiness-detection\mouth_dataset\train\yawn\486.jpg,yawn,train,SIM_2277,success,298,238,397,348
D:\driver-drowsiness-detection\dataset\train\yawn\487.jpg,d:\driver-drowsiness-detection\mouth_dataset\train\yawn\487.jpg,yawn,train,SIM_2278,success,290,235,393,362
D:\driver-drowsiness-detection\dataset\train\yawn\488.jpg,d:\driver-drowsiness-detection\mouth_dataset\test\yawn\488.jpg,yawn,test,SIM_2279,success,307,278,423,362
D:\driver-drowsiness-detection\dataset\train\yawn\489.jpg,d:\driver-drowsiness-detection\mouth_dataset\validation\yawn\489.jpg,yawn,validation,SIM_2280,success,324,243,417,356
D:\driver-drowsiness-detection\dataset\train\yawn\49.jpg,d:\driver-drowsiness-detection\mouth_dataset\train\yawn\49.jpg,yawn,train,SIM_2281,success,238,186,362,285
D:\driver-drowsiness-detection\dataset\train\yawn\490.jpg,d:\driver-drowsiness-detection\mouth_dataset\train\yawn\490.jpg,yawn,train,SIM_2282,success,321,232,420,360
D:\driver-drowsiness-detection\dataset\train\yawn\491.jpg,d:\driver-drowsiness-detection\mouth_dataset\train\yawn\491.jpg,yawn,train,SIM_2283,success,310,225,413,361
D:\driver-drowsiness-detection\dataset\train\yawn\492.jpg,d:\driver-drowsiness-detection\mouth_dataset\train\yawn\492.jpg,yawn,train,SIM_2284,success,311,240,405,329
D:\driver-drowsiness-detection\dataset\train\yawn\493.jpg,d:\driver-drowsiness-detection\mouth_dataset\train\yawn\493.jpg,yawn,train,SIM_2285,success,267,233,366,361
D:\driver-drowsiness-detection\dataset\train\yawn\494.jpg,d:\driver-drowsiness-detection\mouth_dataset\validation\yawn\494.jpg,yawn,validation,SIM_2286,success,261,210,359,352
D:\driver-drowsiness-detection\dataset\train\yawn\495.jpg,d:\driver-drowsiness-detection\mouth_dataset\train\yawn\495.jpg,yawn,train,SIM_2287,success,259,207,352,340
D:\driver-drowsiness-detection\dataset\train\yawn\496.jpg,d:\driver-drowsiness-detection\mouth_dataset\train\yawn\496.jpg,yawn,train,SIM_2288,success,249,213,357,314
D:\driver-drowsiness-detection\dataset\train\yawn\497.jpg,d:\driver-drowsiness-detection\mouth_dataset\train\yawn\497.jpg,yawn,train,SIM_2289,success,260,218,368,349
D:\driver-drowsiness-detection\dataset\train\yawn\498.jpg,d:\driver-drowsiness-detection\mouth_dataset\train\yawn\498.jpg,yawn,train,SIM_2290,success,254,212,369,349
D:\driver-drowsiness-detection\dataset\train\yawn\499.jpg,d:\driver-drowsiness-detection\mouth_dataset\test\yawn\499.jpg,yawn,test,SIM_2291,success,344,276,458,395
D:\driver-drowsiness-detection\dataset\train\yawn\5.jpg,d:\driver-drowsiness-detection\mouth_dataset\validation\yawn\5.jpg,yawn,validation,SIM_2292,success,263,235,356,325
D:\driver-drowsiness-detection\dataset\train\yawn\50.jpg,d:\driver-drowsiness-detection\mouth_dataset\train\yawn\50.jpg,yawn,train,SIM_2293,success,227,174,358,297
D:\driver-drowsiness-detection\dataset\train\yawn\500.jpg,d:\driver-drowsiness-detection\mouth_dataset\test\yawn\500.jpg,yawn,test,SIM_2294,success,323,275,449,403
D:\driver-drowsiness-detection\dataset\train\yawn\501.jpg,d:\driver-drowsiness-detection\mouth_dataset\test\yawn\501.jpg,yawn,test,SIM_2295,success,318,274,449,395
D:\driver-drowsiness-detection\dataset\train\yawn\502.jpg,d:\driver-drowsiness-detection\mouth_dataset\train\yawn\502.jpg,yawn,train,SIM_2296,success,358,272,482,406
D:\driver-drowsiness-detection\dataset\train\yawn\503.jpg,d:\driver-drowsiness-detection\mouth_dataset\validation\yawn\503.jpg,yawn,validation,SIM_2297,success,349,273,477,402
D:\driver-drowsiness-detection\dataset\train\yawn\504.jpg,d:\driver-drowsiness-detection\mouth_dataset\train\yawn\504.jpg,yawn,train,SIM_2298,success,373,274,483,404
D:\driver-drowsiness-detection\dataset\train\yawn\505.jpg,d:\driver-drowsiness-detection\mouth_dataset\train\yawn\505.jpg,yawn,train,SIM_2299,success,362,273,478,403
D:\driver-drowsiness-detection\dataset\train\yawn\506.jpg,d:\driver-drowsiness-detection\mouth_dataset\train\yawn\506.jpg,yawn,train,SIM_2300,success,375,295,476,390
D:\driver-drowsiness-detection\dataset\train\yawn\507.jpg,d:\driver-drowsiness-detection\mouth_dataset\test\yawn\507.jpg,yawn,test,SIM_2301,success,361,288,474,406
D:\driver-drowsiness-detection\dataset\train\yawn\508.jpg,d:\driver-drowsiness-detection\mouth_dataset\test\yawn\508.jpg,yawn,test,SIM_2301,success,367,286,476,399
D:\driver-drowsiness-detection\dataset\train\yawn\509.jpg,d:\driver-drowsiness-detection\mouth_dataset\train\yawn\509.jpg,yawn,train,SIM_2302,success,300,265,423,406
D:\driver-drowsiness-detection\dataset\train\yawn\51.jpg,d:\driver-drowsiness-detection\mouth_dataset\train\yawn\51.jpg,yawn,train,SIM_2303,success,224,177,357,296
D:\driver-drowsiness-detection\dataset\train\yawn\510.jpg,d:\driver-drowsiness-detection\mouth_dataset\train\yawn\510.jpg,yawn,train,SIM_2304,success,433,273,543,380
D:\driver-drowsiness-detection\dataset\train\yawn\511.jpg,d:\driver-drowsiness-detection\mouth_dataset\validation\yawn\511.jpg,yawn,validation,SIM_2305,success,450,265,561,383
D:\driver-drowsiness-detection\dataset\train\yawn\512.jpg,d:\driver-drowsiness-detection\mouth_dataset\validation\yawn\512.jpg,yawn,validation,SIM_2306,success,437,256,550,387
D:\driver-drowsiness-detection\dataset\train\yawn\513.jpg,d:\driver-drowsiness-detection\mouth_dataset\validation\yawn\513.jpg,yawn,validation,SIM_2307,success,339,246,445,351
D:\driver-drowsiness-detection\dataset\train\yawn\514.jpg,d:\driver-drowsiness-detection\mouth_dataset\train\yawn\514.jpg,yawn,train,SIM_2308,success,299,230,441,357
D:\driver-drowsiness-detection\dataset\train\yawn\515.jpg,d:\driver-drowsiness-detection\mouth_dataset\train\yawn\515.jpg,yawn,train,SIM_2309,success,305,230,437,338
D:\driver-drowsiness-detection\dataset\train\yawn\516.jpg,d:\driver-drowsiness-detection\mouth_dataset\train\yawn\516.jpg,yawn,train,SIM_2310,success,370,249,466,335
D:\driver-drowsiness-detection\dataset\train\yawn\517.jpg,d:\driver-drowsiness-detection\mouth_dataset\train\yawn\517.jpg,yawn,train,SIM_2311,success,318,239,459,372
D:\driver-drowsiness-detection\dataset\train\yawn\518.jpg,d:\driver-drowsiness-detection\mouth_dataset\train\yawn\518.jpg,yawn,train,SIM_2312,success,308,220,448,362
D:\driver-drowsiness-detection\dataset\train\yawn\519.jpg,d:\driver-drowsiness-detection\mouth_dataset\train\yawn\519.jpg,yawn,train,SIM_2313,success,321,231,455,372
D:\driver-drowsiness-detection\dataset\train\yawn\52.jpg,d:\driver-drowsiness-detection\mouth_dataset\train\yawn\52.jpg,yawn,train,SIM_2314,success,218,175,351,299
D:\driver-drowsiness-detection\dataset\train\yawn\520.jpg,d:\driver-drowsiness-detection\mouth_dataset\validation\yawn\520.jpg,yawn,validation,SIM_2315,success,351,255,453,341
D:\driver-drowsiness-detection\dataset\train\yawn\521.jpg,d:\driver-drowsiness-detection\mouth_dataset\train\yawn\521.jpg,yawn,train,SIM_2316,success,338,259,440,353
D:\driver-drowsiness-detection\dataset\train\yawn\522.jpg,d:\driver-drowsiness-detection\mouth_dataset\test\yawn\522.jpg,yawn,test,SIM_2317,success,368,248,470,336
D:\driver-drowsiness-detection\dataset\train\yawn\523.jpg,d:\driver-drowsiness-detection\mouth_dataset\test\yawn\523.jpg,yawn,test,SIM_2318,success,361,246,471,318
D:\driver-drowsiness-detection\dataset\train\yawn\524.jpg,d:\driver-drowsiness-detection\mouth_dataset\train\yawn\524.jpg,yawn,train,SIM_2319,success,377,247,504,420
D:\driver-drowsiness-detection\dataset\train\yawn\525.jpg,d:\driver-drowsiness-detection\mouth_dataset\train\yawn\525.jpg,yawn,train,SIM_2320,success,339,232,471,401
D:\driver-drowsiness-detection\dataset\train\yawn\526.jpg,d:\driver-drowsiness-detection\mouth_dataset\train\yawn\526.jpg,yawn,train,SIM_2321,success,413,236,527,376
D:\driver-drowsiness-detection\dataset\train\yawn\527.jpg,d:\driver-drowsiness-detection\mouth_dataset\train\yawn\527.jpg,yawn,train,SIM_2322,success,442,248,559,384
D:\driver-drowsiness-detection\dataset\train\yawn\528.jpg,d:\driver-drowsiness-detection\mouth_dataset\train\yawn\528.jpg,yawn,train,SIM_2323,success,353,219,505,418
D:\driver-drowsiness-detection\dataset\train\yawn\529.jpg,d:\driver-drowsiness-detection\mouth_dataset\test\yawn\529.jpg,yawn,test,SIM_2324,success,349,241,499,442
D:\driver-drowsiness-detection\dataset\train\yawn\53.jpg,d:\driver-drowsiness-detection\mouth_dataset\test\yawn\53.jpg,yawn,test,SIM_2325,success,216,174,349,299
D:\driver-drowsiness-detection\dataset\train\yawn\530.jpg,d:\driver-drowsiness-detection\mouth_dataset\train\yawn\530.jpg,yawn,train,SIM_2326,success,280,261,462,431
D:\driver-drowsiness-detection\dataset\train\yawn\531.jpg,d:\driver-drowsiness-detection\mouth_dataset\train\yawn\531.jpg,yawn,train,SIM_2327,success,388,188,518,341
D:\driver-drowsiness-detection\dataset\train\yawn\532.jpg,d:\driver-drowsiness-detection\mouth_dataset\validation\yawn\532.jpg,yawn,validation,SIM_2328,success,394,174,514,324
D:\driver-drowsiness-detection\dataset\train\yawn\533.jpg,d:\driver-drowsiness-detection\mouth_dataset\test\yawn\533.jpg,yawn,test,SIM_2329,success,406,174,520,318
D:\driver-drowsiness-detection\dataset\train\yawn\534.jpg,d:\driver-drowsiness-detection\mouth_dataset\train\yawn\534.jpg,yawn,train,SIM_2330,success,406,204,519,332
D:\driver-drowsiness-detection\dataset\train\yawn\535.jpg,d:\driver-drowsiness-detection\mouth_dataset\validation\yawn\535.jpg,yawn,validation,SIM_2331,success,388,188,526,322
D:\driver-drowsiness-detection\dataset\train\yawn\536.jpg,d:\driver-drowsiness-detection\mouth_dataset\train\yawn\536.jpg,yawn,train,SIM_2332,success,398,178,527,313
D:\driver-drowsiness-detection\dataset\train\yawn\537.jpg,d:\driver-drowsiness-detection\mouth_dataset\train\yawn\537.jpg,yawn,train,SIM_2333,success,329,282,450,393
D:\driver-drowsiness-detection\dataset\train\yawn\538.jpg,d:\driver-drowsiness-detection\mouth_dataset\train\yawn\538.jpg,yawn,train,SIM_2334,success,325,235,451,381
D:\driver-drowsiness-detection\dataset\train\yawn\539.jpg,d:\driver-drowsiness-detection\mouth_dataset\train\yawn\539.jpg,yawn,train,SIM_2335,success,335,281,449,375
D:\driver-drowsiness-detection\dataset\train\yawn\54.jpg,d:\driver-drowsiness-detection\mouth_dataset\train\yawn\54.jpg,yawn,train,SIM_2336,success,285,157,358,234
D:\driver-drowsiness-detection\dataset\train\yawn\540.jpg,d:\driver-drowsiness-detection\mouth_dataset\test\yawn\540.jpg,yawn,test,SIM_2337,success,341,253,456,394
D:\driver-drowsiness-detection\dataset\train\yawn\541.jpg,d:\driver-drowsiness-detection\mouth_dataset\train\yawn\541.jpg,yawn,train,SIM_2338,success,334,244,452,372
D:\driver-drowsiness-detection\dataset\train\yawn\542.jpg,d:\driver-drowsiness-detection\mouth_dataset\train\yawn\542.jpg,yawn,train,SIM_2339,success,359,225,478,382
D:\driver-drowsiness-detection\dataset\train\yawn\543.jpg,d:\driver-drowsiness-detection\mouth_dataset\train\yawn\543.jpg,yawn,train,SIM_2339,success,354,232,472,366
D:\driver-drowsiness-detection\dataset\train\yawn\544.jpg,d:\driver-drowsiness-detection\mouth_dataset\validation\yawn\544.jpg,yawn,validation,SIM_2340,success,369,227,494,403
D:\driver-drowsiness-detection\dataset\train\yawn\545.jpg,d:\driver-drowsiness-detection\mouth_dataset\validation\yawn\545.jpg,yawn,validation,SIM_2340,success,374,229,494,397
D:\driver-drowsiness-detection\dataset\train\yawn\546.jpg,d:\driver-drowsiness-detection\mouth_dataset\validation\yawn\546.jpg,yawn,validation,SIM_2340,success,367,230,496,379
D:\driver-drowsiness-detection\dataset\train\yawn\547.jpg,d:\driver-drowsiness-detection\mouth_dataset\train\yawn\547.jpg,yawn,train,SIM_2341,success,276,184,391,357
D:\driver-drowsiness-detection\dataset\train\yawn\548.jpg,d:\driver-drowsiness-detection\mouth_dataset\train\yawn\548.jpg,yawn,train,SIM_2342,success,280,195,392,345
D:\driver-drowsiness-detection\dataset\train\yawn\549.jpg,d:\driver-drowsiness-detection\mouth_dataset\train\yawn\549.jpg,yawn,train,SIM_2343,success,285,188,396,339
D:\driver-drowsiness-detection\dataset\train\yawn\55.jpg,d:\driver-drowsiness-detection\mouth_dataset\test\yawn\55.jpg,yawn,test,SIM_2344,success,298,163,367,243
D:\driver-drowsiness-detection\dataset\train\yawn\550.jpg,d:\driver-drowsiness-detection\mouth_dataset\train\yawn\550.jpg,yawn,train,SIM_2345,success,280,196,395,349
D:\driver-drowsiness-detection\dataset\train\yawn\551.jpg,d:\driver-drowsiness-detection\mouth_dataset\train\yawn\551.jpg,yawn,train,SIM_2342,success,276,207,395,310
D:\driver-drowsiness-detection\dataset\train\yawn\552.jpg,d:\driver-drowsiness-detection\mouth_dataset\train\yawn\552.jpg,yawn,train,SIM_2346,success,295,181,395,312
D:\driver-drowsiness-detection\dataset\train\yawn\553.jpg,d:\driver-drowsiness-detection\mouth_dataset\train\yawn\553.jpg,yawn,train,SIM_2347,success,274,170,385,306
D:\driver-drowsiness-detection\dataset\train\yawn\554.jpg,d:\driver-drowsiness-detection\mouth_dataset\validation\yawn\554.jpg,yawn,validation,SIM_2348,success,277,173,388,335
D:\driver-drowsiness-detection\dataset\train\yawn\555.jpg,d:\driver-drowsiness-detection\mouth_dataset\validation\yawn\555.jpg,yawn,validation,SIM_2348,success,274,175,395,334
D:\driver-drowsiness-detection\dataset\train\yawn\556.jpg,d:\driver-drowsiness-detection\mouth_dataset\train\yawn\556.jpg,yawn,train,SIM_2349,success,299,248,401,363
D:\driver-drowsiness-detection\dataset\train\yawn\557.jpg,d:\driver-drowsiness-detection\mouth_dataset\validation\yawn\557.jpg,yawn,validation,SIM_2350,success,292,228,393,332
D:\driver-drowsiness-detection\dataset\train\yawn\558.jpg,d:\driver-drowsiness-detection\mouth_dataset\train\yawn\558.jpg,yawn,train,SIM_2351,success,289,244,394,366
D:\driver-drowsiness-detection\dataset\train\yawn\559.jpg,d:\driver-drowsiness-detection\mouth_dataset\train\yawn\559.jpg,yawn,train,SIM_2352,success,294,242,402,322
D:\driver-drowsiness-detection\dataset\train\yawn\56.jpg,d:\driver-drowsiness-detection\mouth_dataset\test\yawn\56.jpg,yawn,test,SIM_2344,success,284,153,355,242
D:\driver-drowsiness-detection\dataset\train\yawn\560.jpg,d:\driver-drowsiness-detection\mouth_dataset\test\yawn\560.jpg,yawn,test,SIM_2353,success,399,214,502,353
D:\driver-drowsiness-detection\dataset\train\yawn\561.jpg,d:\driver-drowsiness-detection\mouth_dataset\train\yawn\561.jpg,yawn,train,SIM_2354,success,399,211,507,356
D:\driver-drowsiness-detection\dataset\train\yawn\562.jpg,d:\driver-drowsiness-detection\mouth_dataset\validation\yawn\562.jpg,yawn,validation,SIM_2355,success,398,216,506,362
D:\driver-drowsiness-detection\dataset\train\yawn\563.jpg,d:\driver-drowsiness-detection\mouth_dataset\validation\yawn\563.jpg,yawn,validation,SIM_2355,success,393,216,505,363
D:\driver-drowsiness-detection\dataset\train\yawn\564.jpg,d:\driver-drowsiness-detection\mouth_dataset\test\yawn\564.jpg,yawn,test,SIM_2356,success,318,194,396,296
D:\driver-drowsiness-detection\dataset\train\yawn\565.jpg,d:\driver-drowsiness-detection\mouth_dataset\train\yawn\565.jpg,yawn,train,SIM_2357,success,313,180,392,296
D:\driver-drowsiness-detection\dataset\train\yawn\566.jpg,d:\driver-drowsiness-detection\mouth_dataset\train\yawn\566.jpg,yawn,train,SIM_2358,success,308,176,386,292
D:\driver-drowsiness-detection\dataset\train\yawn\567.jpg,d:\driver-drowsiness-detection\mouth_dataset\train\yawn\567.jpg,yawn,train,SIM_2359,success,314,175,393,288
D:\driver-drowsiness-detection\dataset\train\yawn\568.jpg,d:\driver-drowsiness-detection\mouth_dataset\train\yawn\568.jpg,yawn,train,SIM_2360,success,319,192,405,279
D:\driver-drowsiness-detection\dataset\train\yawn\569.jpg,d:\driver-drowsiness-detection\mouth_dataset\validation\yawn\569.jpg,yawn,validation,SIM_2361,success,286,200,366,284
D:\driver-drowsiness-detection\dataset\train\yawn\57.jpg,d:\driver-drowsiness-detection\mouth_dataset\test\yawn\57.jpg,yawn,test,SIM_2344,success,289,149,361,245
D:\driver-drowsiness-detection\dataset\train\yawn\570.jpg,d:\driver-drowsiness-detection\mouth_dataset\train\yawn\570.jpg,yawn,train,SIM_2362,success,300,179,372,277
D:\driver-drowsiness-detection\dataset\train\yawn\571.jpg,d:\driver-drowsiness-detection\mouth_dataset\train\yawn\571.jpg,yawn,train,SIM_2363,success,282,194,358,284
D:\driver-drowsiness-detection\dataset\train\yawn\572.jpg,d:\driver-drowsiness-detection\mouth_dataset\test\yawn\572.jpg,yawn,test,SIM_2364,success,282,197,366,274
D:\driver-drowsiness-detection\dataset\train\yawn\573.jpg,d:\driver-drowsiness-detection\mouth_dataset\validation\yawn\573.jpg,yawn,validation,SIM_2365,success,344,240,448,334
D:\driver-drowsiness-detection\dataset\train\yawn\574.jpg,d:\driver-drowsiness-detection\mouth_dataset\validation\yawn\574.jpg,yawn,validation,SIM_2366,success,336,229,448,348
D:\driver-drowsiness-detection\dataset\train\yawn\575.jpg,d:\driver-drowsiness-detection\mouth_dataset\validation\yawn\575.jpg,yawn,validation,SIM_2366,success,339,226,446,337
D:\driver-drowsiness-detection\dataset\train\yawn\576.jpg,d:\driver-drowsiness-detection\mouth_dataset\test\yawn\576.jpg,yawn,test,SIM_2367,success,307,265,408,398
D:\driver-drowsiness-detection\dataset\train\yawn\577.jpg,d:\driver-drowsiness-detection\mouth_dataset\train\yawn\577.jpg,yawn,train,SIM_2368,success,309,249,404,403
D:\driver-drowsiness-detection\dataset\train\yawn\578.jpg,d:\driver-drowsiness-detection\mouth_dataset\train\yawn\578.jpg,yawn,train,SIM_2368,success,309,243,407,398
D:\driver-drowsiness-detection\dataset\train\yawn\579.jpg,d:\driver-drowsiness-detection\mouth_dataset\train\yawn\579.jpg,yawn,train,SIM_2368,success,311,238,414,395
D:\driver-drowsiness-detection\dataset\train\yawn\58.jpg,d:\driver-drowsiness-detection\mouth_dataset\test\yawn\58.jpg,yawn,test,SIM_2344,success,297,160,367,244
D:\driver-drowsiness-detection\dataset\train\yawn\580.jpg,d:\driver-drowsiness-detection\mouth_dataset\validation\yawn\580.jpg,yawn,validation,SIM_2369,success,316,238,416,391
D:\driver-drowsiness-detection\dataset\train\yawn\581.jpg,d:\driver-drowsiness-detection\mouth_dataset\validation\yawn\581.jpg,yawn,validation,SIM_2370,success,272,277,359,409
D:\driver-drowsiness-detection\dataset\train\yawn\582.jpg,d:\driver-drowsiness-detection\mouth_dataset\train\yawn\582.jpg,yawn,train,SIM_2371,success,253,250,351,383
D:\driver-drowsiness-detection\dataset\train\yawn\583.jpg,d:\driver-drowsiness-detection\mouth_dataset\train\yawn\583.jpg,yawn,train,SIM_2372,success,284,219,392,341
D:\driver-drowsiness-detection\dataset\train\yawn\584.jpg,d:\driver-drowsiness-detection\mouth_dataset\test\yawn\584.jpg,yawn,test,SIM_2373,success,277,210,389,353
D:\driver-drowsiness-detection\dataset\train\yawn\585.jpg,d:\driver-drowsiness-detection\mouth_dataset\test\yawn\585.jpg,yawn,test,SIM_2373,success,278,208,394,359
D:\driver-drowsiness-detection\dataset\train\yawn\586.jpg,d:\driver-drowsiness-detection\mouth_dataset\train\yawn\586.jpg,yawn,train,SIM_2374,success,279,233,394,325
D:\driver-drowsiness-detection\dataset\train\yawn\587.jpg,d:\driver-drowsiness-detection\mouth_dataset\test\yawn\587.jpg,yawn,test,SIM_2375,success,322,228,428,386
D:\driver-drowsiness-detection\dataset\train\yawn\588.jpg,d:\driver-drowsiness-detection\mouth_dataset\test\yawn\588.jpg,yawn,test,SIM_2376,success,334,229,440,392
D:\driver-drowsiness-detection\dataset\train\yawn\589.jpg,d:\driver-drowsiness-detection\mouth_dataset\train\yawn\589.jpg,yawn,train,SIM_2377,success,405,230,505,350
D:\driver-drowsiness-detection\dataset\train\yawn\59.jpg,d:\driver-drowsiness-detection\mouth_dataset\train\yawn\59.jpg,yawn,train,SIM_2378,success,288,148,362,243
D:\driver-drowsiness-detection\dataset\train\yawn\590.jpg,d:\driver-drowsiness-detection\mouth_dataset\train\yawn\590.jpg,yawn,train,SIM_2379,success,367,249,460,381
D:\driver-drowsiness-detection\dataset\train\yawn\591.jpg,d:\driver-drowsiness-detection\mouth_dataset\train\yawn\591.jpg,yawn,train,SIM_2380,success,372,253,464,387
D:\driver-drowsiness-detection\dataset\train\yawn\592.jpg,d:\driver-drowsiness-detection\mouth_dataset\train\yawn\592.jpg,yawn,train,SIM_2381,success,375,265,467,391
D:\driver-drowsiness-detection\dataset\train\yawn\593.jpg,d:\driver-drowsiness-detection\mouth_dataset\train\yawn\593.jpg,yawn,train,SIM_2381,success,376,282,467,359
D:\driver-drowsiness-detection\dataset\train\yawn\594.jpg,d:\driver-drowsiness-detection\mouth_dataset\train\yawn\594.jpg,yawn,train,SIM_2382,success,332,278,445,381
D:\driver-drowsiness-detection\dataset\train\yawn\595.jpg,d:\driver-drowsiness-detection\mouth_dataset\train\yawn\595.jpg,yawn,train,SIM_2383,success,333,265,454,369
D:\driver-drowsiness-detection\dataset\train\yawn\596.jpg,d:\driver-drowsiness-detection\mouth_dataset\train\yawn\596.jpg,yawn,train,SIM_2384,success,337,208,438,327
D:\driver-drowsiness-detection\dataset\train\yawn\597.jpg,d:\driver-drowsiness-detection\mouth_dataset\train\yawn\597.jpg,yawn,train,SIM_2385,success,296,200,409,353
D:\driver-drowsiness-detection\dataset\train\yawn\598.jpg,d:\driver-drowsiness-detection\mouth_dataset\test\yawn\598.jpg,yawn,test,SIM_2386,success,282,184,396,337
D:\driver-drowsiness-detection\dataset\train\yawn\599.jpg,d:\driver-drowsiness-detection\mouth_dataset\train\yawn\599.jpg,yawn,train,SIM_2387,success,269,183,396,331
D:\driver-drowsiness-detection\dataset\train\yawn\6.jpg,d:\driver-drowsiness-detection\mouth_dataset\train\yawn\6.jpg,yawn,train,SIM_2388,success,260,237,357,326
D:\driver-drowsiness-detection\dataset\train\yawn\60.jpg,d:\driver-drowsiness-detection\mouth_dataset\train\yawn\60.jpg,yawn,train,SIM_2389,success,318,151,395,251
D:\driver-drowsiness-detection\dataset\train\yawn\600.jpg,d:\driver-drowsiness-detection\mouth_dataset\validation\yawn\600.jpg,yawn,validation,SIM_2390,success,387,264,479,362
D:\driver-drowsiness-detection\dataset\train\yawn\601.jpg,d:\driver-drowsiness-detection\mouth_dataset\test\yawn\601.jpg,yawn,test,SIM_2391,success,335,227,432,356
D:\driver-drowsiness-detection\dataset\train\yawn\602.jpg,d:\driver-drowsiness-detection\mouth_dataset\test\yawn\602.jpg,yawn,test,SIM_2392,success,340,193,452,364
D:\driver-drowsiness-detection\dataset\train\yawn\603.jpg,d:\driver-drowsiness-detection\mouth_dataset\train\yawn\603.jpg,yawn,train,SIM_2393,success,345,189,467,380
D:\driver-drowsiness-detection\dataset\train\yawn\604.jpg,d:\driver-drowsiness-detection\mouth_dataset\train\yawn\604.jpg,yawn,train,SIM_2394,success,325,248,456,380
D:\driver-drowsiness-detection\dataset\train\yawn\605.jpg,d:\driver-drowsiness-detection\mouth_dataset\test\yawn\605.jpg,yawn,test,SIM_2395,success,332,210,463,380
D:\driver-drowsiness-detection\dataset\train\yawn\606.jpg,d:\driver-drowsiness-detection\mouth_dataset\train\yawn\606.jpg,yawn,train,SIM_2396,success,346,184,460,354
D:\driver-drowsiness-detection\dataset\train\yawn\607.jpg,d:\driver-drowsiness-detection\mouth_dataset\train\yawn\607.jpg,yawn,train,SIM_2397,success,380,270,493,421
D:\driver-drowsiness-detection\dataset\train\yawn\608.jpg,d:\driver-drowsiness-detection\mouth_dataset\validation\yawn\608.jpg,yawn,validation,SIM_2398,success,374,258,483,420
D:\driver-drowsiness-detection\dataset\train\yawn\609.jpg,d:\driver-drowsiness-detection\mouth_dataset\validation\yawn\609.jpg,yawn,validation,SIM_2399,success,374,232,486,398
D:\driver-drowsiness-detection\dataset\train\yawn\61.jpg,d:\driver-drowsiness-detection\mouth_dataset\train\yawn\61.jpg,yawn,train,SIM_2389,success,314,152,388,248
D:\driver-drowsiness-detection\dataset\train\yawn\610.jpg,,yawn,train,SIM_2400,mouth_landmarks_not_detected,,,,
D:\driver-drowsiness-detection\dataset\train\yawn\611.jpg,d:\driver-drowsiness-detection\mouth_dataset\train\yawn\611.jpg,yawn,train,SIM_2401,success,389,244,499,393
D:\driver-drowsiness-detection\dataset\train\yawn\612.jpg,d:\driver-drowsiness-detection\mouth_dataset\train\yawn\612.jpg,yawn,train,SIM_2402,success,353,208,471,364
D:\driver-drowsiness-detection\dataset\train\yawn\613.jpg,d:\driver-drowsiness-detection\mouth_dataset\test\yawn\613.jpg,yawn,test,SIM_2403,success,354,231,487,370
D:\driver-drowsiness-detection\dataset\train\yawn\614.jpg,d:\driver-drowsiness-detection\mouth_dataset\validation\yawn\614.jpg,yawn,validation,SIM_2404,success,267,197,367,319
D:\driver-drowsiness-detection\dataset\train\yawn\615.jpg,d:\driver-drowsiness-detection\mouth_dataset\validation\yawn\615.jpg,yawn,validation,SIM_2405,success,235,157,349,320
D:\driver-drowsiness-detection\dataset\train\yawn\616.jpg,d:\driver-drowsiness-detection\mouth_dataset\train\yawn\616.jpg,yawn,train,SIM_2406,success,246,198,353,287
D:\driver-drowsiness-detection\dataset\train\yawn\617.jpg,d:\driver-drowsiness-detection\mouth_dataset\train\yawn\617.jpg,yawn,train,SIM_2407,success,246,196,349,310
D:\driver-drowsiness-detection\dataset\train\yawn\618.jpg,,yawn,train,SIM_2408,mouth_landmarks_not_detected,,,,
D:\driver-drowsiness-detection\dataset\train\yawn\619.jpg,,yawn,test,SIM_2409,mouth_landmarks_not_detected,,,,
D:\driver-drowsiness-detection\dataset\train\yawn\62.jpg,d:\driver-drowsiness-detection\mouth_dataset\train\yawn\62.jpg,yawn,train,SIM_2389,success,309,155,382,240
D:\driver-drowsiness-detection\dataset\train\yawn\620.jpg,,yawn,test,SIM_2410,mouth_landmarks_not_detected,,,,
D:\driver-drowsiness-detection\dataset\train\yawn\621.jpg,d:\driver-drowsiness-detection\mouth_dataset\train\yawn\621.jpg,yawn,train,SIM_2411,success,316,186,406,241
D:\driver-drowsiness-detection\dataset\train\yawn\622.jpg,d:\driver-drowsiness-detection\mouth_dataset\train\yawn\622.jpg,yawn,train,SIM_2412,success,238,159,319,236
D:\driver-drowsiness-detection\dataset\train\yawn\623.jpg,d:\driver-drowsiness-detection\mouth_dataset\test\yawn\623.jpg,yawn,test,SIM_2413,success,228,149,306,264
D:\driver-drowsiness-detection\dataset\train\yawn\624.jpg,d:\driver-drowsiness-detection\mouth_dataset\train\yawn\624.jpg,yawn,train,SIM_2414,success,256,143,338,274
D:\driver-drowsiness-detection\dataset\train\yawn\625.jpg,d:\driver-drowsiness-detection\mouth_dataset\train\yawn\625.jpg,yawn,train,SIM_2415,success,346,184,486,294
D:\driver-drowsiness-detection\dataset\train\yawn\626.jpg,d:\driver-drowsiness-detection\mouth_dataset\train\yawn\626.jpg,yawn,train,SIM_2416,success,361,197,507,317
D:\driver-drowsiness-detection\dataset\train\yawn\627.jpg,d:\driver-drowsiness-detection\mouth_dataset\train\yawn\627.jpg,yawn,train,SIM_2417,success,348,136,521,337
D:\driver-drowsiness-detection\dataset\train\yawn\628.jpg,d:\driver-drowsiness-detection\mouth_dataset\train\yawn\628.jpg,yawn,train,SIM_2418,success,342,135,516,332
D:\driver-drowsiness-detection\dataset\train\yawn\629.jpg,d:\driver-drowsiness-detection\mouth_dataset\test\yawn\629.jpg,yawn,test,SIM_2419,success,347,143,520,322
D:\driver-drowsiness-detection\dataset\train\yawn\63.jpg,d:\driver-drowsiness-detection\mouth_dataset\train\yawn\63.jpg,yawn,train,SIM_2389,success,305,154,381,250
D:\driver-drowsiness-detection\dataset\train\yawn\630.jpg,d:\driver-drowsiness-detection\mouth_dataset\validation\yawn\630.jpg,yawn,validation,SIM_2420,success,260,246,372,386
D:\driver-drowsiness-detection\dataset\train\yawn\631.jpg,d:\driver-drowsiness-detection\mouth_dataset\train\yawn\631.jpg,yawn,train,SIM_2421,success,255,247,360,406
D:\driver-drowsiness-detection\dataset\train\yawn\632.jpg,d:\driver-drowsiness-detection\mouth_dataset\train\yawn\632.jpg,yawn,train,SIM_2421,success,251,251,356,401
D:\driver-drowsiness-detection\dataset\train\yawn\633.jpg,d:\driver-drowsiness-detection\mouth_dataset\train\yawn\633.jpg,yawn,train,SIM_2422,success,263,243,365,402
D:\driver-drowsiness-detection\dataset\train\yawn\634.jpg,d:\driver-drowsiness-detection\mouth_dataset\train\yawn\634.jpg,yawn,train,SIM_2423,success,263,236,369,400
D:\driver-drowsiness-detection\dataset\train\yawn\635.jpg,d:\driver-drowsiness-detection\mouth_dataset\train\yawn\635.jpg,yawn,train,SIM_2423,success,265,238,369,393
D:\driver-drowsiness-detection\dataset\train\yawn\636.jpg,d:\driver-drowsiness-detection\mouth_dataset\train\yawn\636.jpg,yawn,train,SIM_2422,success,268,236,373,391
D:\driver-drowsiness-detection\dataset\train\yawn\637.jpg,d:\driver-drowsiness-detection\mouth_dataset\train\yawn\637.jpg,yawn,train,SIM_2424,success,263,241,369,372
D:\driver-drowsiness-detection\dataset\train\yawn\638.jpg,d:\driver-drowsiness-detection\mouth_dataset\train\yawn\638.jpg,yawn,train,SIM_2425,success,263,236,361,390
D:\driver-drowsiness-detection\dataset\train\yawn\639.jpg,d:\driver-drowsiness-detection\mouth_dataset\train\yawn\639.jpg,yawn,train,SIM_2426,success,316,225,421,333
D:\driver-drowsiness-detection\dataset\train\yawn\64.jpg,d:\driver-drowsiness-detection\mouth_dataset\train\yawn\64.jpg,yawn,train,SIM_2389,success,306,157,380,244
D:\driver-drowsiness-detection\dataset\train\yawn\640.jpg,d:\driver-drowsiness-detection\mouth_dataset\train\yawn\640.jpg,yawn,train,SIM_2427,success,219,223,313,328
D:\driver-drowsiness-detection\dataset\train\yawn\641.jpg,d:\driver-drowsiness-detection\mouth_dataset\test\yawn\641.jpg,yawn,test,SIM_2428,success,201,236,293,337
D:\driver-drowsiness-detection\dataset\train\yawn\642.jpg,d:\driver-drowsiness-detection\mouth_dataset\train\yawn\642.jpg,yawn,train,SIM_2429,success,242,243,340,324
D:\driver-drowsiness-detection\dataset\train\yawn\643.jpg,d:\driver-drowsiness-detection\mouth_dataset\train\yawn\643.jpg,yawn,train,SIM_2429,success,254,229,351,319
D:\driver-drowsiness-detection\dataset\train\yawn\644.jpg,d:\driver-drowsiness-detection\mouth_dataset\train\yawn\644.jpg,yawn,train,SIM_2430,success,280,231,380,325
D:\driver-drowsiness-detection\dataset\train\yawn\645.jpg,d:\driver-drowsiness-detection\mouth_dataset\train\yawn\645.jpg,yawn,train,SIM_2431,success,247,225,347,311
D:\driver-drowsiness-detection\dataset\train\yawn\647.jpg,d:\driver-drowsiness-detection\mouth_dataset\train\yawn\647.jpg,yawn,train,SIM_2432,success,207,215,304,326
D:\driver-drowsiness-detection\dataset\train\yawn\648.jpg,d:\driver-drowsiness-detection\mouth_dataset\train\yawn\648.jpg,yawn,train,SIM_2433,success,232,233,326,325
D:\driver-drowsiness-detection\dataset\train\yawn\649.jpg,d:\driver-drowsiness-detection\mouth_dataset\test\yawn\649.jpg,yawn,test,SIM_2434,success,235,237,326,317
D:\driver-drowsiness-detection\dataset\train\yawn\65.jpg,d:\driver-drowsiness-detection\mouth_dataset\train\yawn\65.jpg,yawn,train,SIM_2435,success,216,170,314,326
D:\driver-drowsiness-detection\dataset\train\yawn\650.jpg,d:\driver-drowsiness-detection\mouth_dataset\test\yawn\650.jpg,yawn,test,SIM_2436,success,250,238,343,322
D:\driver-drowsiness-detection\dataset\train\yawn\651.jpg,d:\driver-drowsiness-detection\mouth_dataset\train\yawn\651.jpg,yawn,train,SIM_2437,success,256,230,358,339
D:\driver-drowsiness-detection\dataset\train\yawn\652.jpg,d:\driver-drowsiness-detection\mouth_dataset\train\yawn\652.jpg,yawn,train,SIM_2438,success,272,234,365,335
D:\driver-drowsiness-detection\dataset\train\yawn\653.jpg,d:\driver-drowsiness-detection\mouth_dataset\train\yawn\653.jpg,yawn,train,SIM_2439,success,267,195,366,336
D:\driver-drowsiness-detection\dataset\train\yawn\654.jpg,d:\driver-drowsiness-detection\mouth_dataset\train\yawn\654.jpg,yawn,train,SIM_2439,success,268,197,366,327
D:\driver-drowsiness-detection\dataset\train\yawn\655.jpg,d:\driver-drowsiness-detection\mouth_dataset\train\yawn\655.jpg,yawn,train,SIM_2440,success,270,217,364,352
D:\driver-drowsiness-detection\dataset\train\yawn\656.jpg,d:\driver-drowsiness-detection\mouth_dataset\test\yawn\656.jpg,yawn,test,SIM_2441,success,272,201,364,332
D:\driver-drowsiness-detection\dataset\train\yawn\657.jpg,d:\driver-drowsiness-detection\mouth_dataset\train\yawn\657.jpg,yawn,train,SIM_2442,success,280,228,373,359
D:\driver-drowsiness-detection\dataset\train\yawn\658.jpg,d:\driver-drowsiness-detection\mouth_dataset\test\yawn\658.jpg,yawn,test,SIM_2443,success,277,193,371,343
D:\driver-drowsiness-detection\dataset\train\yawn\659.jpg,d:\driver-drowsiness-detection\mouth_dataset\test\yawn\659.jpg,yawn,test,SIM_2443,success,273,198,376,325
D:\driver-drowsiness-detection\dataset\train\yawn\66.jpg,d:\driver-drowsiness-detection\mouth_dataset\train\yawn\66.jpg,yawn,train,SIM_2435,success,220,155,317,316
D:\driver-drowsiness-detection\dataset\train\yawn\660.jpg,d:\driver-drowsiness-detection\mouth_dataset\test\yawn\660.jpg,yawn,test,SIM_2443,success,276,210,383,337
D:\driver-drowsiness-detection\dataset\train\yawn\661.jpg,d:\driver-drowsiness-detection\mouth_dataset\train\yawn\661.jpg,yawn,train,SIM_2444,success,293,172,413,328
D:\driver-drowsiness-detection\dataset\train\yawn\662.jpg,d:\driver-drowsiness-detection\mouth_dataset\test\yawn\662.jpg,yawn,test,SIM_2445,success,297,141,419,311
D:\driver-drowsiness-detection\dataset\train\yawn\663.jpg,d:\driver-drowsiness-detection\mouth_dataset\validation\yawn\663.jpg,yawn,validation,SIM_2446,success,287,183,407,317
D:\driver-drowsiness-detection\dataset\train\yawn\664.jpg,d:\driver-drowsiness-detection\mouth_dataset\validation\yawn\664.jpg,yawn,validation,SIM_2447,success,228,186,333,298
D:\driver-drowsiness-detection\dataset\train\yawn\665.jpg,d:\driver-drowsiness-detection\mouth_dataset\test\yawn\665.jpg,yawn,test,SIM_2448,success,261,193,367,284
D:\driver-drowsiness-detection\dataset\train\yawn\666.jpg,d:\driver-drowsiness-detection\mouth_dataset\validation\yawn\666.jpg,yawn,validation,SIM_2449,success,223,169,319,273
D:\driver-drowsiness-detection\dataset\train\yawn\667.jpg,d:\driver-drowsiness-detection\mouth_dataset\test\yawn\667.jpg,yawn,test,SIM_2450,success,216,168,319,263
D:\driver-drowsiness-detection\dataset\train\yawn\668.jpg,d:\driver-drowsiness-detection\mouth_dataset\test\yawn\668.jpg,yawn,test,SIM_2451,success,213,175,319,254
D:\driver-drowsiness-detection\dataset\train\yawn\669.jpg,d:\driver-drowsiness-detection\mouth_dataset\train\yawn\669.jpg,yawn,train,SIM_2452,success,280,177,377,287
D:\driver-drowsiness-detection\dataset\train\yawn\67.jpg,d:\driver-drowsiness-detection\mouth_dataset\train\yawn\67.jpg,yawn,train,SIM_2453,success,213,183,302,315
D:\driver-drowsiness-detection\dataset\train\yawn\670.jpg,d:\driver-drowsiness-detection\mouth_dataset\validation\yawn\670.jpg,yawn,validation,SIM_2454,success,287,181,378,261
D:\driver-drowsiness-detection\dataset\train\yawn\671.jpg,d:\driver-drowsiness-detection\mouth_dataset\train\yawn\671.jpg,yawn,train,SIM_2455,success,287,173,383,284
D:\driver-drowsiness-detection\dataset\train\yawn\672.jpg,d:\driver-drowsiness-detection\mouth_dataset\train\yawn\672.jpg,yawn,train,SIM_2456,success,288,171,385,270
D:\driver-drowsiness-detection\dataset\train\yawn\673.jpg,d:\driver-drowsiness-detection\mouth_dataset\test\yawn\673.jpg,yawn,test,SIM_2457,success,322,182,415,318
D:\driver-drowsiness-detection\dataset\train\yawn\674.jpg,d:\driver-drowsiness-detection\mouth_dataset\test\yawn\674.jpg,yawn,test,SIM_2458,success,328,170,416,310
D:\driver-drowsiness-detection\dataset\train\yawn\675.jpg,d:\driver-drowsiness-detection\mouth_dataset\train\yawn\675.jpg,yawn,train,SIM_2459,success,338,181,433,319
D:\driver-drowsiness-detection\dataset\train\yawn\676.jpg,d:\driver-drowsiness-detection\mouth_dataset\train\yawn\676.jpg,yawn,train,SIM_2460,success,341,188,436,320
D:\driver-drowsiness-detection\dataset\train\yawn\677.jpg,d:\driver-drowsiness-detection\mouth_dataset\test\yawn\677.jpg,yawn,test,SIM_2461,success,270,110,363,231
D:\driver-drowsiness-detection\dataset\train\yawn\678.jpg,d:\driver-drowsiness-detection\mouth_dataset\train\yawn\678.jpg,yawn,train,SIM_2462,success,267,98,368,227
D:\driver-drowsiness-detection\dataset\train\yawn\679.jpg,d:\driver-drowsiness-detection\mouth_dataset\train\yawn\679.jpg,yawn,train,SIM_2463,success,270,95,372,230
D:\driver-drowsiness-detection\dataset\train\yawn\68.jpg,d:\driver-drowsiness-detection\mouth_dataset\train\yawn\68.jpg,yawn,train,SIM_2435,success,210,181,300,313
D:\driver-drowsiness-detection\dataset\train\yawn\680.jpg,d:\driver-drowsiness-detection\mouth_dataset\validation\yawn\680.jpg,yawn,validation,SIM_2464,success,265,102,366,224
D:\driver-drowsiness-detection\dataset\train\yawn\681.jpg,d:\driver-drowsiness-detection\mouth_dataset\train\yawn\681.jpg,yawn,train,SIM_2465,success,273,95,375,227
D:\driver-drowsiness-detection\dataset\train\yawn\682.jpg,d:\driver-drowsiness-detection\mouth_dataset\validation\yawn\682.jpg,yawn,validation,SIM_2466,success,268,101,370,227
D:\driver-drowsiness-detection\dataset\train\yawn\683.jpg,d:\driver-drowsiness-detection\mouth_dataset\validation\yawn\683.jpg,yawn,validation,SIM_2467,success,267,100,374,225
D:\driver-drowsiness-detection\dataset\train\yawn\684.jpg,d:\driver-drowsiness-detection\mouth_dataset\test\yawn\684.jpg,yawn,test,SIM_2468,success,249,118,359,211
D:\driver-drowsiness-detection\dataset\train\yawn\685.jpg,d:\driver-drowsiness-detection\mouth_dataset\train\yawn\685.jpg,yawn,train,SIM_2465,success,271,113,372,214
D:\driver-drowsiness-detection\dataset\train\yawn\686.jpg,d:\driver-drowsiness-detection\mouth_dataset\train\yawn\686.jpg,yawn,train,SIM_2469,success,262,96,364,220
D:\driver-drowsiness-detection\dataset\train\yawn\687.jpg,d:\driver-drowsiness-detection\mouth_dataset\train\yawn\687.jpg,yawn,train,SIM_2469,success,262,112,371,208
D:\driver-drowsiness-detection\dataset\train\yawn\688.jpg,d:\driver-drowsiness-detection\mouth_dataset\train\yawn\688.jpg,yawn,train,SIM_2470,success,193,225,311,316
D:\driver-drowsiness-detection\dataset\train\yawn\689.jpg,d:\driver-drowsiness-detection\mouth_dataset\train\yawn\689.jpg,yawn,train,SIM_2470,success,194,229,315,313
D:\driver-drowsiness-detection\dataset\train\yawn\69.jpg,d:\driver-drowsiness-detection\mouth_dataset\train\yawn\69.jpg,yawn,train,SIM_2435,success,206,186,299,307
D:\driver-drowsiness-detection\dataset\train\yawn\691.jpg,d:\driver-drowsiness-detection\mouth_dataset\train\yawn\691.jpg,yawn,train,SIM_2470,success,194,224,310,315
D:\driver-drowsiness-detection\dataset\train\yawn\692.jpg,d:\driver-drowsiness-detection\mouth_dataset\train\yawn\692.jpg,yawn,train,SIM_2470,success,190,225,309,319
D:\driver-drowsiness-detection\dataset\train\yawn\693.jpg,d:\driver-drowsiness-detection\mouth_dataset\train\yawn\693.jpg,yawn,train,SIM_2470,success,196,228,313,316
D:\driver-drowsiness-detection\dataset\train\yawn\694.jpg,d:\driver-drowsiness-detection\mouth_dataset\train\yawn\694.jpg,yawn,train,SIM_2470,success,195,228,311,319
D:\driver-drowsiness-detection\dataset\train\yawn\696.jpg,d:\driver-drowsiness-detection\mouth_dataset\train\yawn\696.jpg,yawn,train,SIM_2471,success,309,199,385,316
D:\driver-drowsiness-detection\dataset\train\yawn\697.jpg,d:\driver-drowsiness-detection\mouth_dataset\validation\yawn\697.jpg,yawn,validation,SIM_2472,success,309,175,385,311
D:\driver-drowsiness-detection\dataset\train\yawn\698.jpg,d:\driver-drowsiness-detection\mouth_dataset\validation\yawn\698.jpg,yawn,validation,SIM_2472,success,308,184,381,288
D:\driver-drowsiness-detection\dataset\train\yawn\699.jpg,d:\driver-drowsiness-detection\mouth_dataset\train\yawn\699.jpg,yawn,train,SIM_2471,success,307,180,379,312
D:\driver-drowsiness-detection\dataset\train\yawn\7.jpg,d:\driver-drowsiness-detection\mouth_dataset\train\yawn\7.jpg,yawn,train,SIM_2473,success,250,239,355,319
D:\driver-drowsiness-detection\dataset\train\yawn\70.jpg,d:\driver-drowsiness-detection\mouth_dataset\train\yawn\70.jpg,yawn,train,SIM_2474,success,289,129,375,278
D:\driver-drowsiness-detection\dataset\train\yawn\700.jpg,d:\driver-drowsiness-detection\mouth_dataset\validation\yawn\700.jpg,yawn,validation,SIM_2472,success,304,170,374,296
D:\driver-drowsiness-detection\dataset\train\yawn\701.jpg,d:\driver-drowsiness-detection\mouth_dataset\validation\yawn\701.jpg,yawn,validation,SIM_2475,success,301,169,378,265
D:\driver-drowsiness-detection\dataset\train\yawn\702.jpg,d:\driver-drowsiness-detection\mouth_dataset\train\yawn\702.jpg,yawn,train,SIM_2476,success,284,175,362,310
D:\driver-drowsiness-detection\dataset\train\yawn\703.jpg,d:\driver-drowsiness-detection\mouth_dataset\train\yawn\703.jpg,yawn,train,SIM_2477,success,290,152,367,290
D:\driver-drowsiness-detection\dataset\train\yawn\704.jpg,d:\driver-drowsiness-detection\mouth_dataset\train\yawn\704.jpg,yawn,train,SIM_2478,success,323,235,422,416
D:\driver-drowsiness-detection\dataset\train\yawn\705.jpg,d:\driver-drowsiness-detection\mouth_dataset\train\yawn\705.jpg,yawn,train,SIM_2479,success,306,269,410,394
D:\driver-drowsiness-detection\dataset\train\yawn\706.jpg,d:\driver-drowsiness-detection\mouth_dataset\train\yawn\706.jpg,yawn,train,SIM_2480,success,305,247,410,416
D:\driver-drowsiness-detection\dataset\train\yawn\707.jpg,d:\driver-drowsiness-detection\mouth_dataset\train\yawn\707.jpg,yawn,train,SIM_2480,success,298,260,406,407
D:\driver-drowsiness-detection\dataset\train\yawn\708.jpg,d:\driver-drowsiness-detection\mouth_dataset\train\yawn\708.jpg,yawn,train,SIM_2481,success,256,116,338,205
D:\driver-drowsiness-detection\dataset\train\yawn\709.jpg,d:\driver-drowsiness-detection\mouth_dataset\test\yawn\709.jpg,yawn,test,SIM_2482,success,280,110,364,210
D:\driver-drowsiness-detection\dataset\train\yawn\71.jpg,d:\driver-drowsiness-detection\mouth_dataset\validation\yawn\71.jpg,yawn,validation,SIM_2483,success,283,136,379,285
D:\driver-drowsiness-detection\dataset\train\yawn\710.jpg,d:\driver-drowsiness-detection\mouth_dataset\validation\yawn\710.jpg,yawn,validation,SIM_2484,success,261,125,338,210
D:\driver-drowsiness-detection\dataset\train\yawn\711.jpg,d:\driver-drowsiness-detection\mouth_dataset\train\yawn\711.jpg,yawn,train,SIM_2485,success,272,119,350,217
D:\driver-drowsiness-detection\dataset\train\yawn\712.jpg,d:\driver-drowsiness-detection\mouth_dataset\train\yawn\712.jpg,yawn,train,SIM_2486,success,265,131,340,215
D:\driver-drowsiness-detection\dataset\train\yawn\713.jpg,d:\driver-drowsiness-detection\mouth_dataset\train\yawn\713.jpg,yawn,train,SIM_2487,success,255,112,424,362
D:\driver-drowsiness-detection\dataset\train\yawn\714.jpg,d:\driver-drowsiness-detection\mouth_dataset\train\yawn\714.jpg,yawn,train,SIM_2488,success,288,174,421,329
D:\driver-drowsiness-detection\dataset\train\yawn\715.jpg,d:\driver-drowsiness-detection\mouth_dataset\validation\yawn\715.jpg,yawn,validation,SIM_2489,success,206,214,329,314
D:\driver-drowsiness-detection\dataset\train\yawn\716.jpg,d:\driver-drowsiness-detection\mouth_dataset\validation\yawn\716.jpg,yawn,validation,SIM_2490,success,210,153,330,311
D:\driver-drowsiness-detection\dataset\train\yawn\717.jpg,d:\driver-drowsiness-detection\mouth_dataset\train\yawn\717.jpg,yawn,train,SIM_2491,success,210,146,328,299
D:\driver-drowsiness-detection\dataset\train\yawn\718.jpg,d:\driver-drowsiness-detection\mouth_dataset\test\yawn\718.jpg,yawn,test,SIM_2492,success,209,158,326,288
D:\driver-drowsiness-detection\dataset\train\yawn\719.jpg,d:\driver-drowsiness-detection\mouth_dataset\validation\yawn\719.jpg,yawn,validation,SIM_2490,success,214,179,342,282
D:\driver-drowsiness-detection\dataset\train\yawn\72.jpg,d:\driver-drowsiness-detection\mouth_dataset\test\yawn\72.jpg,yawn,test,SIM_2493,success,309,147,407,276
D:\driver-drowsiness-detection\dataset\train\yawn\720.jpg,d:\driver-drowsiness-detection\mouth_dataset\train\yawn\720.jpg,yawn,train,SIM_2494,success,229,169,335,321
D:\driver-drowsiness-detection\dataset\train\yawn\721.jpg,d:\driver-drowsiness-detection\mouth_dataset\train\yawn\721.jpg,yawn,train,SIM_2495,success,223,169,344,318
D:\driver-drowsiness-detection\dataset\train\yawn\722.jpg,d:\driver-drowsiness-detection\mouth_dataset\validation\yawn\722.jpg,yawn,validation,SIM_2490,success,213,187,339,290
D:\driver-drowsiness-detection\dataset\train\yawn\723.jpg,d:\driver-drowsiness-detection\mouth_dataset\test\yawn\723.jpg,yawn,test,SIM_2496,success,220,178,335,308
D:\driver-drowsiness-detection\dataset\train\yawn\724.jpg,d:\driver-drowsiness-detection\mouth_dataset\test\yawn\724.jpg,yawn,test,SIM_2496,success,216,177,341,316
D:\driver-drowsiness-detection\dataset\train\yawn\725.jpg,d:\driver-drowsiness-detection\mouth_dataset\train\yawn\725.jpg,yawn,train,SIM_2497,success,221,172,335,287
D:\driver-drowsiness-detection\dataset\train\yawn\726.jpg,d:\driver-drowsiness-detection\mouth_dataset\train\yawn\726.jpg,yawn,train,SIM_2498,success,217,183,334,285
D:\driver-drowsiness-detection\dataset\train\yawn\73.jpg,d:\driver-drowsiness-detection\mouth_dataset\train\yawn\73.jpg,yawn,train,SIM_2499,success,312,143,397,277
D:\driver-drowsiness-detection\dataset\train\yawn\74.jpg,d:\driver-drowsiness-detection\mouth_dataset\train\yawn\74.jpg,yawn,train,SIM_2500,success,330,152,408,281
D:\driver-drowsiness-detection\dataset\train\yawn\75.jpg,d:\driver-drowsiness-detection\mouth_dataset\train\yawn\75.jpg,yawn,train,SIM_2501,success,333,155,415,284
D:\driver-drowsiness-detection\dataset\train\yawn\76.jpg,d:\driver-drowsiness-detection\mouth_dataset\train\yawn\76.jpg,yawn,train,SIM_2502,success,304,163,398,255
D:\driver-drowsiness-detection\dataset\train\yawn\77.jpg,d:\driver-drowsiness-detection\mouth_dataset\train\yawn\77.jpg,yawn,train,SIM_2503,success,239,238,336,370
D:\driver-drowsiness-detection\dataset\train\yawn\78.jpg,d:\driver-drowsiness-detection\mouth_dataset\validation\yawn\78.jpg,yawn,validation,SIM_2504,success,273,255,356,360
D:\driver-drowsiness-detection\dataset\train\yawn\79.jpg,d:\driver-drowsiness-detection\mouth_dataset\train\yawn\79.jpg,yawn,train,SIM_2505,success,274,243,351,357
D:\driver-drowsiness-detection\dataset\train\yawn\8.jpg,d:\driver-drowsiness-detection\mouth_dataset\train\yawn\8.jpg,yawn,train,SIM_2388,success,261,238,371,320
D:\driver-drowsiness-detection\dataset\train\yawn\80.jpg,d:\driver-drowsiness-detection\mouth_dataset\train\yawn\80.jpg,yawn,train,SIM_2506,success,251,258,343,361
D:\driver-drowsiness-detection\dataset\train\yawn\81.jpg,d:\driver-drowsiness-detection\mouth_dataset\train\yawn\81.jpg,yawn,train,SIM_2507,success,288,221,397,352
D:\driver-drowsiness-detection\dataset\train\yawn\82.jpg,d:\driver-drowsiness-detection\mouth_dataset\train\yawn\82.jpg,yawn,train,SIM_2507,success,286,216,388,363
D:\driver-drowsiness-detection\dataset\train\yawn\83.jpg,d:\driver-drowsiness-detection\mouth_dataset\train\yawn\83.jpg,yawn,train,SIM_2507,success,293,201,399,374
D:\driver-drowsiness-detection\dataset\train\yawn\84.jpg,d:\driver-drowsiness-detection\mouth_dataset\train\yawn\84.jpg,yawn,train,SIM_2507,success,291,203,401,377
D:\driver-drowsiness-detection\dataset\train\yawn\85.jpg,d:\driver-drowsiness-detection\mouth_dataset\train\yawn\85.jpg,yawn,train,SIM_2507,success,297,204,399,373
D:\driver-drowsiness-detection\dataset\train\yawn\86.jpg,d:\driver-drowsiness-detection\mouth_dataset\train\yawn\86.jpg,yawn,train,SIM_2508,success,275,189,368,307
D:\driver-drowsiness-detection\dataset\train\yawn\87.jpg,d:\driver-drowsiness-detection\mouth_dataset\validation\yawn\87.jpg,yawn,validation,SIM_2509,success,280,168,375,305
D:\driver-drowsiness-detection\dataset\train\yawn\88.jpg,d:\driver-drowsiness-detection\mouth_dataset\validation\yawn\88.jpg,yawn,validation,SIM_2509,success,289,156,386,294
D:\driver-drowsiness-detection\dataset\train\yawn\89.jpg,d:\driver-drowsiness-detection\mouth_dataset\validation\yawn\89.jpg,yawn,validation,SIM_2510,success,296,181,393,298
D:\driver-drowsiness-detection\dataset\train\yawn\9.jpg,d:\driver-drowsiness-detection\mouth_dataset\train\yawn\9.jpg,yawn,train,SIM_2511,success,259,242,369,324
D:\driver-drowsiness-detection\dataset\train\yawn\90.jpg,d:\driver-drowsiness-detection\mouth_dataset\validation\yawn\90.jpg,yawn,validation,SIM_2510,success,294,168,394,306
D:\driver-drowsiness-detection\dataset\train\yawn\91.jpg,,yawn,validation,SIM_2510,mouth_landmarks_not_detected,,,,
D:\driver-drowsiness-detection\dataset\train\yawn\92.jpg,d:\driver-drowsiness-detection\mouth_dataset\validation\yawn\92.jpg,yawn,validation,SIM_2510,success,297,174,398,306
D:\driver-drowsiness-detection\dataset\train\yawn\93.jpg,d:\driver-drowsiness-detection\mouth_dataset\validation\yawn\93.jpg,yawn,validation,SIM_2510,success,295,190,400,301
D:\driver-drowsiness-detection\dataset\train\yawn\94.jpg,d:\driver-drowsiness-detection\mouth_dataset\train\yawn\94.jpg,yawn,train,SIM_2512,success,219,198,319,300
D:\driver-drowsiness-detection\dataset\train\yawn\95.jpg,d:\driver-drowsiness-detection\mouth_dataset\train\yawn\95.jpg,yawn,train,SIM_2513,success,220,189,319,303
D:\driver-drowsiness-detection\dataset\train\yawn\96.jpg,d:\driver-drowsiness-detection\mouth_dataset\train\yawn\96.jpg,yawn,train,SIM_2512,success,216,196,314,297
D:\driver-drowsiness-detection\dataset\train\yawn\97.jpg,d:\driver-drowsiness-detection\mouth_dataset\train\yawn\97.jpg,yawn,train,SIM_1974,success,194,228,290,353
D:\driver-drowsiness-detection\dataset\train\yawn\98.jpg,d:\driver-drowsiness-detection\mouth_dataset\train\yawn\98.jpg,yawn,train,SIM_1974,success,183,221,293,360
D:\driver-drowsiness-detection\dataset\train\yawn\99.jpg,d:\driver-drowsiness-detection\mouth_dataset\train\yawn\99.jpg,yawn,train,SIM_1974,success,179,211,295,356
