filepath,class_name,label
D:\driver-drowsiness-detection\dataset\train\no_yawn\1509.jpg,no_yawn,2
D:\driver-drowsiness-detection\dataset\train\no_yawn\466.jpg,no_yawn,2
D:\driver-drowsiness-detection\dataset\train\yawn\437.jpg,yawn,3
D:\driver-drowsiness-detection\dataset\train\no_yawn\2254.jpg,no_yawn,2
D:\driver-drowsiness-detection\dataset\train\no_yawn\76.jpg,no_yawn,2
D:\driver-drowsiness-detection\dataset\train\yawn\96.jpg,yawn,3
D:\driver-drowsiness-detection\dataset\train\yawn\541.jpg,yawn,3
D:\driver-drowsiness-detection\dataset\train\Closed\_345.jpg,Closed,0
D:\driver-drowsiness-detection\dataset\train\Closed\_231.jpg,Closed,0
D:\driver-drowsiness-detection\dataset\train\Open\_472.jpg,Open,1
D:\driver-drowsiness-detection\dataset\train\no_yawn\56.jpg,no_yawn,2
D:\driver-drowsiness-detection\dataset\train\Open\_208.jpg,Open,1
D:\driver-drowsiness-detection\dataset\train\yawn\208.jpg,yawn,3
D:\driver-drowsiness-detection\dataset\train\Open\_489.jpg,Open,1
D:\driver-drowsiness-detection\dataset\train\yawn\586.jpg,yawn,3
D:\driver-drowsiness-detection\dataset\train\Open\_337.jpg,Open,1
D:\driver-drowsiness-detection\dataset\train\yawn\267.jpg,yawn,3
D:\driver-drowsiness-detection\dataset\train\no_yawn\1981.jpg,no_yawn,2
D:\driver-drowsiness-detection\dataset\train\Open\_476.jpg,Open,1
D:\driver-drowsiness-detection\dataset\train\Open\_429.jpg,Open,1
D:\driver-drowsiness-detection\dataset\train\yawn\654.jpg,yawn,3
D:\driver-drowsiness-detection\dataset\train\Closed\_95.jpg,Closed,0
D:\driver-drowsiness-detection\dataset\train\yawn\526.jpg,yawn,3
D:\driver-drowsiness-detection\dataset\train\Open\_298.jpg,Open,1
D:\driver-drowsiness-detection\dataset\train\Closed\_249.jpg,Closed,0
D:\driver-drowsiness-detection\dataset\train\Closed\_113.jpg,Closed,0
D:\driver-drowsiness-detection\dataset\train\Closed\_320.jpg,Closed,0
D:\driver-drowsiness-detection\dataset\train\Closed\_664.jpg,Closed,0
D:\driver-drowsiness-detection\dataset\train\Closed\_544.jpg,Closed,0
D:\driver-drowsiness-detection\dataset\train\Closed\_289.jpg,Closed,0
D:\driver-drowsiness-detection\dataset\train\no_yawn\449.jpg,no_yawn,2
D:\driver-drowsiness-detection\dataset\train\no_yawn\2342.jpg,no_yawn,2
D:\driver-drowsiness-detection\dataset\train\no_yawn\2396.jpg,no_yawn,2
D:\driver-drowsiness-detection\dataset\train\no_yawn\2440.jpg,no_yawn,2
D:\driver-drowsiness-detection\dataset\train\yawn\703.jpg,yawn,3
D:\driver-drowsiness-detection\dataset\train\Open\_397.jpg,Open,1
D:\driver-drowsiness-detection\dataset\train\yawn\614.jpg,yawn,3
D:\driver-drowsiness-detection\dataset\train\no_yawn\51.jpg,no_yawn,2
D:\driver-drowsiness-detection\dataset\train\Closed\_616.jpg,Closed,0
D:\driver-drowsiness-detection\dataset\train\Closed\_389.jpg,Closed,0
D:\driver-drowsiness-detection\dataset\train\Open\_275.jpg,Open,1
D:\driver-drowsiness-detection\dataset\train\Open\_430.jpg,Open,1
D:\driver-drowsiness-detection\dataset\train\Open\_419.jpg,Open,1
D:\driver-drowsiness-detection\dataset\train\Open\_569.jpg,Open,1
D:\driver-drowsiness-detection\dataset\train\Open\_608.jpg,Open,1
D:\driver-drowsiness-detection\dataset\train\Closed\_148.jpg,Closed,0
D:\driver-drowsiness-detection\dataset\train\Closed\_677.jpg,Closed,0
D:\driver-drowsiness-detection\dataset\train\Open\_240.jpg,Open,1
D:\driver-drowsiness-detection\dataset\train\Closed\_637.jpg,Closed,0
D:\driver-drowsiness-detection\dataset\train\Open\_414.jpg,Open,1
D:\driver-drowsiness-detection\dataset\train\Open\_39.jpg,Open,1
D:\driver-drowsiness-detection\dataset\train\no_yawn\276.jpg,no_yawn,2
D:\driver-drowsiness-detection\dataset\train\yawn\224.jpg,yawn,3
D:\driver-drowsiness-detection\dataset\train\Open\_53.jpg,Open,1
D:\driver-drowsiness-detection\dataset\train\Open\_528.jpg,Open,1
D:\driver-drowsiness-detection\dataset\train\Closed\_272.jpg,Closed,0
D:\driver-drowsiness-detection\dataset\train\Open\_417.jpg,Open,1
D:\driver-drowsiness-detection\dataset\train\yawn\712.jpg,yawn,3
D:\driver-drowsiness-detection\dataset\train\Open\_112.jpg,Open,1
D:\driver-drowsiness-detection\dataset\train\Closed\_528.jpg,Closed,0
D:\driver-drowsiness-detection\dataset\train\Open\_691.jpg,Open,1
D:\driver-drowsiness-detection\dataset\train\yawn\182.jpg,yawn,3
D:\driver-drowsiness-detection\dataset\train\Open\_82.jpg,Open,1
D:\driver-drowsiness-detection\dataset\train\Closed\_402.jpg,Closed,0
D:\driver-drowsiness-detection\dataset\train\no_yawn\729.jpg,no_yawn,2
D:\driver-drowsiness-detection\dataset\train\yawn\450.jpg,yawn,3
D:\driver-drowsiness-detection\dataset\train\Open\_149.jpg,Open,1
D:\driver-drowsiness-detection\dataset\train\Closed\_704.jpg,Closed,0
D:\driver-drowsiness-detection\dataset\train\Open\_578.jpg,Open,1
D:\driver-drowsiness-detection\dataset\train\Open\_34.jpg,Open,1
D:\driver-drowsiness-detection\dataset\train\yawn\719.jpg,yawn,3
D:\driver-drowsiness-detection\dataset\train\yawn\472.jpg,yawn,3
D:\driver-drowsiness-detection\dataset\train\Open\_716.jpg,Open,1
D:\driver-drowsiness-detection\dataset\train\Closed\_455.jpg,Closed,0
D:\driver-drowsiness-detection\dataset\train\yawn\156.jpg,yawn,3
D:\driver-drowsiness-detection\dataset\train\Open\_177.jpg,Open,1
D:\driver-drowsiness-detection\dataset\train\yawn\289.jpg,yawn,3
D:\driver-drowsiness-detection\dataset\train\yawn\207.jpg,yawn,3
D:\driver-drowsiness-detection\dataset\train\Open\_294.jpg,Open,1
D:\driver-drowsiness-detection\dataset\train\yawn\571.jpg,yawn,3
D:\driver-drowsiness-detection\dataset\train\Open\_542.jpg,Open,1
D:\driver-drowsiness-detection\dataset\train\Open\_54.jpg,Open,1
D:\driver-drowsiness-detection\dataset\train\Closed\_120.jpg,Closed,0
D:\driver-drowsiness-detection\dataset\train\yawn\716.jpg,yawn,3
D:\driver-drowsiness-detection\dataset\train\Closed\_83.jpg,Closed,0
D:\driver-drowsiness-detection\dataset\train\no_yawn\525.jpg,no_yawn,2
D:\driver-drowsiness-detection\dataset\train\no_yawn\2298.jpg,no_yawn,2
D:\driver-drowsiness-detection\dataset\train\Closed\_466.jpg,Closed,0
D:\driver-drowsiness-detection\dataset\train\no_yawn\2516.jpg,no_yawn,2
D:\driver-drowsiness-detection\dataset\train\Open\_124.jpg,Open,1
D:\driver-drowsiness-detection\dataset\train\yawn\342.jpg,yawn,3
D:\driver-drowsiness-detection\dataset\train\yawn\56.jpg,yawn,3
D:\driver-drowsiness-detection\dataset\train\yawn\133.jpg,yawn,3
D:\driver-drowsiness-detection\dataset\train\yawn\513.jpg,yawn,3
D:\driver-drowsiness-detection\dataset\train\Closed\_164.jpg,Closed,0
D:\driver-drowsiness-detection\dataset\train\Open\_118.jpg,Open,1
D:\driver-drowsiness-detection\dataset\train\yawn\436.jpg,yawn,3
D:\driver-drowsiness-detection\dataset\train\Closed\_400.jpg,Closed,0
D:\driver-drowsiness-detection\dataset\train\yawn\337.jpg,yawn,3
D:\driver-drowsiness-detection\dataset\train\Closed\_689.jpg,Closed,0
D:\driver-drowsiness-detection\dataset\train\no_yawn\1544.jpg,no_yawn,2
D:\driver-drowsiness-detection\dataset\train\Closed\_348.jpg,Closed,0
D:\driver-drowsiness-detection\dataset\train\no_yawn\79.jpg,no_yawn,2
D:\driver-drowsiness-detection\dataset\train\Open\_715.jpg,Open,1
D:\driver-drowsiness-detection\dataset\train\no_yawn\2300.jpg,no_yawn,2
D:\driver-drowsiness-detection\dataset\train\no_yawn\1073.jpg,no_yawn,2
D:\driver-drowsiness-detection\dataset\train\Open\_243.jpg,Open,1
D:\driver-drowsiness-detection\dataset\train\no_yawn\2410.jpg,no_yawn,2
D:\driver-drowsiness-detection\dataset\train\Closed\_337.jpg,Closed,0
D:\driver-drowsiness-detection\dataset\train\no_yawn\1028.jpg,no_yawn,2
D:\driver-drowsiness-detection\dataset\train\Closed\_18.jpg,Closed,0
D:\driver-drowsiness-detection\dataset\train\Open\_245.jpg,Open,1
D:\driver-drowsiness-detection\dataset\train\Open\_200.jpg,Open,1
D:\driver-drowsiness-detection\dataset\train\yawn\665.jpg,yawn,3
D:\driver-drowsiness-detection\dataset\train\yawn\204.jpg,yawn,3
D:\driver-drowsiness-detection\dataset\train\Closed\_653.jpg,Closed,0
D:\driver-drowsiness-detection\dataset\train\no_yawn\1369.jpg,no_yawn,2
D:\driver-drowsiness-detection\dataset\train\no_yawn\271.jpg,no_yawn,2
D:\driver-drowsiness-detection\dataset\train\no_yawn\2542.jpg,no_yawn,2
D:\driver-drowsiness-detection\dataset\train\Closed\_425.jpg,Closed,0
D:\driver-drowsiness-detection\dataset\train\yawn\199.jpg,yawn,3
D:\driver-drowsiness-detection\dataset\train\Open\_629.jpg,Open,1
D:\driver-drowsiness-detection\dataset\train\no_yawn\526.jpg,no_yawn,2
D:\driver-drowsiness-detection\dataset\train\Closed\_240.jpg,Closed,0
D:\driver-drowsiness-detection\dataset\train\Closed\_19.jpg,Closed,0
D:\driver-drowsiness-detection\dataset\train\Closed\_562.jpg,Closed,0
D:\driver-drowsiness-detection\dataset\train\Closed\_549.jpg,Closed,0
D:\driver-drowsiness-detection\dataset\train\yawn\466.jpg,yawn,3
D:\driver-drowsiness-detection\dataset\train\Closed\_647.jpg,Closed,0
D:\driver-drowsiness-detection\dataset\train\Closed\_51.jpg,Closed,0
D:\driver-drowsiness-detection\dataset\train\Closed\_211.jpg,Closed,0
D:\driver-drowsiness-detection\dataset\train\Open\_652.jpg,Open,1
D:\driver-drowsiness-detection\dataset\train\Closed\_479.jpg,Closed,0
D:\driver-drowsiness-detection\dataset\train\no_yawn\2519.jpg,no_yawn,2
D:\driver-drowsiness-detection\dataset\train\yawn\171.jpg,yawn,3
D:\driver-drowsiness-detection\dataset\train\no_yawn\254.jpg,no_yawn,2
D:\driver-drowsiness-detection\dataset\train\no_yawn\2241.jpg,no_yawn,2
D:\driver-drowsiness-detection\dataset\train\yawn\372.jpg,yawn,3
D:\driver-drowsiness-detection\dataset\train\Closed\_626.jpg,Closed,0
D:\driver-drowsiness-detection\dataset\train\Open\_539.jpg,Open,1
D:\driver-drowsiness-detection\dataset\train\no_yawn\619.jpg,no_yawn,2
D:\driver-drowsiness-detection\dataset\train\Open\_590.jpg,Open,1
D:\driver-drowsiness-detection\dataset\train\Open\_651.jpg,Open,1
D:\driver-drowsiness-detection\dataset\train\no_yawn\733.jpg,no_yawn,2
D:\driver-drowsiness-detection\dataset\train\Open\_561.jpg,Open,1
D:\driver-drowsiness-detection\dataset\train\no_yawn\233.jpg,no_yawn,2
D:\driver-drowsiness-detection\dataset\train\Closed\_342.jpg,Closed,0
D:\driver-drowsiness-detection\dataset\train\no_yawn\1007.jpg,no_yawn,2
D:\driver-drowsiness-detection\dataset\train\no_yawn\2373.jpg,no_yawn,2
D:\driver-drowsiness-detection\dataset\train\Closed\_179.jpg,Closed,0
D:\driver-drowsiness-detection\dataset\train\Closed\_40.jpg,Closed,0
D:\driver-drowsiness-detection\dataset\train\no_yawn\1250.jpg,no_yawn,2
D:\driver-drowsiness-detection\dataset\train\yawn\5.jpg,yawn,3
D:\driver-drowsiness-detection\dataset\train\Open\_327.jpg,Open,1
D:\driver-drowsiness-detection\dataset\train\yawn\211.jpg,yawn,3
D:\driver-drowsiness-detection\dataset\train\Closed\_484.jpg,Closed,0
D:\driver-drowsiness-detection\dataset\train\yawn\669.jpg,yawn,3
D:\driver-drowsiness-detection\dataset\train\Open\_627.jpg,Open,1
D:\driver-drowsiness-detection\dataset\train\Closed\_265.jpg,Closed,0
D:\driver-drowsiness-detection\dataset\train\yawn\567.jpg,yawn,3
D:\driver-drowsiness-detection\dataset\train\Open\_378.jpg,Open,1
D:\driver-drowsiness-detection\dataset\train\no_yawn\756.jpg,no_yawn,2
D:\driver-drowsiness-detection\dataset\train\Closed\_247.jpg,Closed,0
D:\driver-drowsiness-detection\dataset\train\Closed\_160.jpg,Closed,0
D:\driver-drowsiness-detection\dataset\train\Open\_402.jpg,Open,1
D:\driver-drowsiness-detection\dataset\train\Open\_609.jpg,Open,1
D:\driver-drowsiness-detection\dataset\train\Open\_435.jpg,Open,1
D:\driver-drowsiness-detection\dataset\train\Closed\_132.jpg,Closed,0
D:\driver-drowsiness-detection\dataset\train\Open\_156.jpg,Open,1
D:\driver-drowsiness-detection\dataset\train\Open\_155.jpg,Open,1
D:\driver-drowsiness-detection\dataset\train\Closed\_535.jpg,Closed,0
D:\driver-drowsiness-detection\dataset\train\no_yawn\1780.jpg,no_yawn,2
D:\driver-drowsiness-detection\dataset\train\Open\_493.jpg,Open,1
D:\driver-drowsiness-detection\dataset\train\Open\_465.jpg,Open,1
D:\driver-drowsiness-detection\dataset\train\no_yawn\1508.jpg,no_yawn,2
D:\driver-drowsiness-detection\dataset\train\no_yawn\1642.jpg,no_yawn,2
D:\driver-drowsiness-detection\dataset\train\Open\_295.jpg,Open,1
D:\driver-drowsiness-detection\dataset\train\yawn\307.jpg,yawn,3
D:\driver-drowsiness-detection\dataset\train\yawn\725.jpg,yawn,3
D:\driver-drowsiness-detection\dataset\train\yawn\351.jpg,yawn,3
D:\driver-drowsiness-detection\dataset\train\yawn\138.jpg,yawn,3
D:\driver-drowsiness-detection\dataset\train\Open\_55.jpg,Open,1
D:\driver-drowsiness-detection\dataset\train\Open\_348.jpg,Open,1
D:\driver-drowsiness-detection\dataset\train\no_yawn\1686.jpg,no_yawn,2
D:\driver-drowsiness-detection\dataset\train\yawn\565.jpg,yawn,3
D:\driver-drowsiness-detection\dataset\train\Closed\_480.jpg,Closed,0
D:\driver-drowsiness-detection\dataset\train\no_yawn\2590.jpg,no_yawn,2
D:\driver-drowsiness-detection\dataset\train\yawn\597.jpg,yawn,3
D:\driver-drowsiness-detection\dataset\train\yawn\216.jpg,yawn,3
D:\driver-drowsiness-detection\dataset\train\Closed\_430.jpg,Closed,0
D:\driver-drowsiness-detection\dataset\train\Open\_380.jpg,Open,1
D:\driver-drowsiness-detection\dataset\train\Open\_244.jpg,Open,1
D:\driver-drowsiness-detection\dataset\train\yawn\373.jpg,yawn,3
D:\driver-drowsiness-detection\dataset\train\Open\_639.jpg,Open,1
D:\driver-drowsiness-detection\dataset\train\no_yawn\2221.jpg,no_yawn,2
D:\driver-drowsiness-detection\dataset\train\no_yawn\1594.jpg,no_yawn,2
D:\driver-drowsiness-detection\dataset\train\Open\_484.jpg,Open,1
D:\driver-drowsiness-detection\dataset\train\yawn\33.jpg,yawn,3
D:\driver-drowsiness-detection\dataset\train\yawn\486.jpg,yawn,3
D:\driver-drowsiness-detection\dataset\train\Closed\_600.jpg,Closed,0
D:\driver-drowsiness-detection\dataset\train\yawn\23.jpg,yawn,3
D:\driver-drowsiness-detection\dataset\train\Closed\_693.jpg,Closed,0
D:\driver-drowsiness-detection\dataset\train\Closed\_181.jpg,Closed,0
D:\driver-drowsiness-detection\dataset\train\Closed\_418.jpg,Closed,0
D:\driver-drowsiness-detection\dataset\train\yawn\140.jpg,yawn,3
D:\driver-drowsiness-detection\dataset\train\Open\_692.jpg,Open,1
D:\driver-drowsiness-detection\dataset\train\Closed\_306.jpg,Closed,0
D:\driver-drowsiness-detection\dataset\train\no_yawn\558.jpg,no_yawn,2
D:\driver-drowsiness-detection\dataset\train\Closed\_520.jpg,Closed,0
D:\driver-drowsiness-detection\dataset\train\yawn\210.jpg,yawn,3
D:\driver-drowsiness-detection\dataset\train\yawn\585.jpg,yawn,3
D:\driver-drowsiness-detection\dataset\train\no_yawn\147.jpg,no_yawn,2
D:\driver-drowsiness-detection\dataset\train\Closed\_27.jpg,Closed,0
D:\driver-drowsiness-detection\dataset\train\yawn\58.jpg,yawn,3
D:\driver-drowsiness-detection\dataset\train\Open\_24.jpg,Open,1
D:\driver-drowsiness-detection\dataset\train\no_yawn\2461.jpg,no_yawn,2
D:\driver-drowsiness-detection\dataset\train\Open\_131.jpg,Open,1
D:\driver-drowsiness-detection\dataset\train\no_yawn\2350.jpg,no_yawn,2
D:\driver-drowsiness-detection\dataset\train\no_yawn\1532.jpg,no_yawn,2
D:\driver-drowsiness-detection\dataset\train\yawn\222.jpg,yawn,3
D:\driver-drowsiness-detection\dataset\train\no_yawn\1452.jpg,no_yawn,2
D:\driver-drowsiness-detection\dataset\train\yawn\64.jpg,yawn,3
D:\driver-drowsiness-detection\dataset\train\no_yawn\1712.jpg,no_yawn,2
D:\driver-drowsiness-detection\dataset\train\yawn\221.jpg,yawn,3
D:\driver-drowsiness-detection\dataset\train\Closed\_665.jpg,Closed,0
D:\driver-drowsiness-detection\dataset\train\no_yawn\1879.jpg,no_yawn,2
D:\driver-drowsiness-detection\dataset\train\Open\_224.jpg,Open,1
D:\driver-drowsiness-detection\dataset\train\Closed\_139.jpg,Closed,0
D:\driver-drowsiness-detection\dataset\train\no_yawn\900.jpg,no_yawn,2
D:\driver-drowsiness-detection\dataset\train\yawn\574.jpg,yawn,3
D:\driver-drowsiness-detection\dataset\train\yawn\295.jpg,yawn,3
D:\driver-drowsiness-detection\dataset\train\no_yawn\1322.jpg,no_yawn,2
D:\driver-drowsiness-detection\dataset\train\yawn\495.jpg,yawn,3
D:\driver-drowsiness-detection\dataset\train\Open\_29.jpg,Open,1
D:\driver-drowsiness-detection\dataset\train\yawn\309.jpg,yawn,3
D:\driver-drowsiness-detection\dataset\train\no_yawn\212.jpg,no_yawn,2
D:\driver-drowsiness-detection\dataset\train\Closed\_166.jpg,Closed,0
D:\driver-drowsiness-detection\dataset\train\no_yawn\1334.jpg,no_yawn,2
D:\driver-drowsiness-detection\dataset\train\yawn\2.jpg,yawn,3
D:\driver-drowsiness-detection\dataset\train\no_yawn\1128.jpg,no_yawn,2
D:\driver-drowsiness-detection\dataset\train\Open\_69.jpg,Open,1
D:\driver-drowsiness-detection\dataset\train\no_yawn\1777.jpg,no_yawn,2
D:\driver-drowsiness-detection\dataset\train\Closed\_458.jpg,Closed,0
D:\driver-drowsiness-detection\dataset\train\Closed\_672.jpg,Closed,0
D:\driver-drowsiness-detection\dataset\train\yawn\616.jpg,yawn,3
D:\driver-drowsiness-detection\dataset\train\Open\_213.jpg,Open,1
D:\driver-drowsiness-detection\dataset\train\yawn\606.jpg,yawn,3
D:\driver-drowsiness-detection\dataset\train\Closed\_713.jpg,Closed,0
D:\driver-drowsiness-detection\dataset\train\Closed\_421.jpg,Closed,0
D:\driver-drowsiness-detection\dataset\train\yawn\285.jpg,yawn,3
D:\driver-drowsiness-detection\dataset\train\no_yawn\2534.jpg,no_yawn,2
D:\driver-drowsiness-detection\dataset\train\no_yawn\1571.jpg,no_yawn,2
D:\driver-drowsiness-detection\dataset\train\yawn\154.jpg,yawn,3
D:\driver-drowsiness-detection\dataset\train\Closed\_333.jpg,Closed,0
D:\driver-drowsiness-detection\dataset\train\Closed\_103.jpg,Closed,0
D:\driver-drowsiness-detection\dataset\train\no_yawn\2582.jpg,no_yawn,2
D:\driver-drowsiness-detection\dataset\train\Closed\_275.jpg,Closed,0
D:\driver-drowsiness-detection\dataset\train\Open\_674.jpg,Open,1
D:\driver-drowsiness-detection\dataset\train\Open\_405.jpg,Open,1
D:\driver-drowsiness-detection\dataset\train\Open\_707.jpg,Open,1
D:\driver-drowsiness-detection\dataset\train\no_yawn\27.jpg,no_yawn,2
D:\driver-drowsiness-detection\dataset\train\no_yawn\1267.jpg,no_yawn,2
D:\driver-drowsiness-detection\dataset\train\Open\_169.jpg,Open,1
D:\driver-drowsiness-detection\dataset\train\Closed\_105.jpg,Closed,0
D:\driver-drowsiness-detection\dataset\train\Open\_477.jpg,Open,1
D:\driver-drowsiness-detection\dataset\train\no_yawn\509.jpg,no_yawn,2
D:\driver-drowsiness-detection\dataset\train\Closed\_369.jpg,Closed,0
D:\driver-drowsiness-detection\dataset\train\Open\_225.jpg,Open,1
D:\driver-drowsiness-detection\dataset\train\yawn\160.jpg,yawn,3
D:\driver-drowsiness-detection\dataset\train\Open\_63.jpg,Open,1
D:\driver-drowsiness-detection\dataset\train\Open\_46.jpg,Open,1
D:\driver-drowsiness-detection\dataset\train\yawn\349.jpg,yawn,3
D:\driver-drowsiness-detection\dataset\train\Open\_389.jpg,Open,1
D:\driver-drowsiness-detection\dataset\train\yawn\251.jpg,yawn,3
D:\driver-drowsiness-detection\dataset\train\yawn\190.jpg,yawn,3
D:\driver-drowsiness-detection\dataset\train\Closed\_310.jpg,Closed,0
D:\driver-drowsiness-detection\dataset\train\Open\_161.jpg,Open,1
D:\driver-drowsiness-detection\dataset\train\no_yawn\1566.jpg,no_yawn,2
D:\driver-drowsiness-detection\dataset\train\Closed\_546.jpg,Closed,0
D:\driver-drowsiness-detection\dataset\train\Closed\_722.jpg,Closed,0
D:\driver-drowsiness-detection\dataset\train\Open\_404.jpg,Open,1
D:\driver-drowsiness-detection\dataset\train\no_yawn\2059.jpg,no_yawn,2
D:\driver-drowsiness-detection\dataset\train\Open\_51.jpg,Open,1
D:\driver-drowsiness-detection\dataset\train\Closed\_565.jpg,Closed,0
D:\driver-drowsiness-detection\dataset\train\no_yawn\2200.jpg,no_yawn,2
D:\driver-drowsiness-detection\dataset\train\yawn\89.jpg,yawn,3
D:\driver-drowsiness-detection\dataset\train\Closed\_191.jpg,Closed,0
D:\driver-drowsiness-detection\dataset\train\Open\_575.jpg,Open,1
D:\driver-drowsiness-detection\dataset\train\yawn\355.jpg,yawn,3
D:\driver-drowsiness-detection\dataset\train\no_yawn\792.jpg,no_yawn,2
D:\driver-drowsiness-detection\dataset\train\yawn\447.jpg,yawn,3
D:\driver-drowsiness-detection\dataset\train\no_yawn\1949.jpg,no_yawn,2
D:\driver-drowsiness-detection\dataset\train\Closed\_413.jpg,Closed,0
D:\driver-drowsiness-detection\dataset\train\no_yawn\2607.jpg,no_yawn,2
D:\driver-drowsiness-detection\dataset\train\no_yawn\8.jpg,no_yawn,2
D:\driver-drowsiness-detection\dataset\train\Closed\_593.jpg,Closed,0
D:\driver-drowsiness-detection\dataset\train\no_yawn\653.jpg,no_yawn,2
D:\driver-drowsiness-detection\dataset\train\yawn\600.jpg,yawn,3
D:\driver-drowsiness-detection\dataset\train\Closed\_688.jpg,Closed,0
D:\driver-drowsiness-detection\dataset\train\no_yawn\1541.jpg,no_yawn,2
D:\driver-drowsiness-detection\dataset\train\yawn\196.jpg,yawn,3
D:\driver-drowsiness-detection\dataset\train\Open\_313.jpg,Open,1
D:\driver-drowsiness-detection\dataset\train\no_yawn\2109.jpg,no_yawn,2
D:\driver-drowsiness-detection\dataset\train\Open\_214.jpg,Open,1
D:\driver-drowsiness-detection\dataset\train\yawn\726.jpg,yawn,3
D:\driver-drowsiness-detection\dataset\train\Open\_712.jpg,Open,1
D:\driver-drowsiness-detection\dataset\train\Closed\_592.jpg,Closed,0
D:\driver-drowsiness-detection\dataset\train\yawn\408.jpg,yawn,3
D:\driver-drowsiness-detection\dataset\train\yawn\573.jpg,yawn,3
D:\driver-drowsiness-detection\dataset\train\Closed\_395.jpg,Closed,0
D:\driver-drowsiness-detection\dataset\train\Open\_536.jpg,Open,1
D:\driver-drowsiness-detection\dataset\train\yawn\231.jpg,yawn,3
D:\driver-drowsiness-detection\dataset\train\Open\_207.jpg,Open,1
D:\driver-drowsiness-detection\dataset\train\no_yawn\1766.jpg,no_yawn,2
D:\driver-drowsiness-detection\dataset\train\no_yawn\543.jpg,no_yawn,2
D:\driver-drowsiness-detection\dataset\train\Closed\_663.jpg,Closed,0
D:\driver-drowsiness-detection\dataset\train\Closed\_674.jpg,Closed,0
D:\driver-drowsiness-detection\dataset\train\no_yawn\1703.jpg,no_yawn,2
D:\driver-drowsiness-detection\dataset\train\Open\_218.jpg,Open,1
D:\driver-drowsiness-detection\dataset\train\yawn\368.jpg,yawn,3
D:\driver-drowsiness-detection\dataset\train\Open\_425.jpg,Open,1
D:\driver-drowsiness-detection\dataset\train\yawn\568.jpg,yawn,3
D:\driver-drowsiness-detection\dataset\train\no_yawn\2250.jpg,no_yawn,2
D:\driver-drowsiness-detection\dataset\train\no_yawn\602.jpg,no_yawn,2
D:\driver-drowsiness-detection\dataset\train\Open\_498.jpg,Open,1
D:\driver-drowsiness-detection\dataset\train\yawn\217.jpg,yawn,3
D:\driver-drowsiness-detection\dataset\train\Closed\_235.jpg,Closed,0
D:\driver-drowsiness-detection\dataset\train\Open\_507.jpg,Open,1
D:\driver-drowsiness-detection\dataset\train\Closed\_71.jpg,Closed,0
D:\driver-drowsiness-detection\dataset\train\no_yawn\2014.jpg,no_yawn,2
D:\driver-drowsiness-detection\dataset\train\Open\_568.jpg,Open,1
D:\driver-drowsiness-detection\dataset\train\Closed\_657.jpg,Closed,0
D:\driver-drowsiness-detection\dataset\train\yawn\245.jpg,yawn,3
D:\driver-drowsiness-detection\dataset\train\Open\_154.jpg,Open,1
D:\driver-drowsiness-detection\dataset\train\Open\_656.jpg,Open,1
D:\driver-drowsiness-detection\dataset\train\no_yawn\1266.jpg,no_yawn,2
D:\driver-drowsiness-detection\dataset\train\Open\_44.jpg,Open,1
D:\driver-drowsiness-detection\dataset\train\Open\_86.jpg,Open,1
D:\driver-drowsiness-detection\dataset\train\Closed\_684.jpg,Closed,0
D:\driver-drowsiness-detection\dataset\train\Open\_142.jpg,Open,1
D:\driver-drowsiness-detection\dataset\train\Open\_237.jpg,Open,1
D:\driver-drowsiness-detection\dataset\train\Closed\_34.jpg,Closed,0
D:\driver-drowsiness-detection\dataset\train\Closed\_232.jpg,Closed,0
D:\driver-drowsiness-detection\dataset\train\Closed\_443.jpg,Closed,0
D:\driver-drowsiness-detection\dataset\train\no_yawn\2577.jpg,no_yawn,2
D:\driver-drowsiness-detection\dataset\train\Open\_638.jpg,Open,1
D:\driver-drowsiness-detection\dataset\train\no_yawn\278.jpg,no_yawn,2
D:\driver-drowsiness-detection\dataset\train\no_yawn\1010.jpg,no_yawn,2
D:\driver-drowsiness-detection\dataset\train\no_yawn\1913.jpg,no_yawn,2
D:\driver-drowsiness-detection\dataset\train\no_yawn\2572.jpg,no_yawn,2
D:\driver-drowsiness-detection\dataset\train\Open\_513.jpg,Open,1
D:\driver-drowsiness-detection\dataset\train\no_yawn\1131.jpg,no_yawn,2
D:\driver-drowsiness-detection\dataset\train\yawn\66.jpg,yawn,3
D:\driver-drowsiness-detection\dataset\train\no_yawn\2474.jpg,no_yawn,2
D:\driver-drowsiness-detection\dataset\train\Closed\_223.jpg,Closed,0
D:\driver-drowsiness-detection\dataset\train\no_yawn\2153.jpg,no_yawn,2
D:\driver-drowsiness-detection\dataset\train\Closed\_390.jpg,Closed,0
D:\driver-drowsiness-detection\dataset\train\Open\_407.jpg,Open,1
D:\driver-drowsiness-detection\dataset\train\Closed\_432.jpg,Closed,0
D:\driver-drowsiness-detection\dataset\train\no_yawn\1356.jpg,no_yawn,2
D:\driver-drowsiness-detection\dataset\train\Closed\_185.jpg,Closed,0
D:\driver-drowsiness-detection\dataset\train\yawn\399.jpg,yawn,3
D:\driver-drowsiness-detection\dataset\train\yawn\483.jpg,yawn,3
D:\driver-drowsiness-detection\dataset\train\no_yawn\1779.jpg,no_yawn,2
D:\driver-drowsiness-detection\dataset\train\Closed\_138.jpg,Closed,0
D:\driver-drowsiness-detection\dataset\train\Closed\_200.jpg,Closed,0
D:\driver-drowsiness-detection\dataset\train\Open\_234.jpg,Open,1
D:\driver-drowsiness-detection\dataset\train\Closed\_70.jpg,Closed,0
D:\driver-drowsiness-detection\dataset\train\Closed\_488.jpg,Closed,0
D:\driver-drowsiness-detection\dataset\train\yawn\489.jpg,yawn,3
D:\driver-drowsiness-detection\dataset\train\yawn\382.jpg,yawn,3
D:\driver-drowsiness-detection\dataset\train\Closed\_107.jpg,Closed,0
D:\driver-drowsiness-detection\dataset\train\yawn\453.jpg,yawn,3
D:\driver-drowsiness-detection\dataset\train\Open\_606.jpg,Open,1
D:\driver-drowsiness-detection\dataset\train\no_yawn\2010.jpg,no_yawn,2
D:\driver-drowsiness-detection\dataset\train\no_yawn\259.jpg,no_yawn,2
D:\driver-drowsiness-detection\dataset\train\Open\_79.jpg,Open,1
D:\driver-drowsiness-detection\dataset\train\no_yawn\645.jpg,no_yawn,2
D:\driver-drowsiness-detection\dataset\train\yawn\297.jpg,yawn,3
D:\driver-drowsiness-detection\dataset\train\no_yawn\1268.jpg,no_yawn,2
D:\driver-drowsiness-detection\dataset\train\Open\_699.jpg,Open,1
D:\driver-drowsiness-detection\dataset\train\Closed\_253.jpg,Closed,0
D:\driver-drowsiness-detection\dataset\train\yawn\179.jpg,yawn,3
D:\driver-drowsiness-detection\dataset\train\no_yawn\703.jpg,no_yawn,2
D:\driver-drowsiness-detection\dataset\train\Closed\_355.jpg,Closed,0
D:\driver-drowsiness-detection\dataset\train\no_yawn\779.jpg,no_yawn,2
D:\driver-drowsiness-detection\dataset\train\yawn\180.jpg,yawn,3
D:\driver-drowsiness-detection\dataset\train\Closed\_485.jpg,Closed,0
D:\driver-drowsiness-detection\dataset\train\Open\_583.jpg,Open,1
D:\driver-drowsiness-detection\dataset\train\yawn\414.jpg,yawn,3
D:\driver-drowsiness-detection\dataset\train\Open\_123.jpg,Open,1
D:\driver-drowsiness-detection\dataset\train\Closed\_676.jpg,Closed,0
D:\driver-drowsiness-detection\dataset\train\Closed\_62.jpg,Closed,0
D:\driver-drowsiness-detection\dataset\train\Closed\_237.jpg,Closed,0
D:\driver-drowsiness-detection\dataset\train\Open\_239.jpg,Open,1
D:\driver-drowsiness-detection\dataset\train\Closed\_96.jpg,Closed,0
D:\driver-drowsiness-detection\dataset\train\no_yawn\28.jpg,no_yawn,2
D:\driver-drowsiness-detection\dataset\train\no_yawn\1208.jpg,no_yawn,2
D:\driver-drowsiness-detection\dataset\train\no_yawn\1878.jpg,no_yawn,2
D:\driver-drowsiness-detection\dataset\train\Closed\_509.jpg,Closed,0
D:\driver-drowsiness-detection\dataset\train\Closed\_259.jpg,Closed,0
D:\driver-drowsiness-detection\dataset\train\Open\_359.jpg,Open,1
D:\driver-drowsiness-detection\dataset\train\no_yawn\1648.jpg,no_yawn,2
D:\driver-drowsiness-detection\dataset\train\no_yawn\987.jpg,no_yawn,2
D:\driver-drowsiness-detection\dataset\train\Closed\_80.jpg,Closed,0
D:\driver-drowsiness-detection\dataset\train\Closed\_137.jpg,Closed,0
D:\driver-drowsiness-detection\dataset\train\no_yawn\1371.jpg,no_yawn,2
D:\driver-drowsiness-detection\dataset\train\no_yawn\1767.jpg,no_yawn,2
D:\driver-drowsiness-detection\dataset\train\yawn\274.jpg,yawn,3
D:\driver-drowsiness-detection\dataset\train\yawn\7.jpg,yawn,3
D:\driver-drowsiness-detection\dataset\train\no_yawn\2090.jpg,no_yawn,2
D:\driver-drowsiness-detection\dataset\train\yawn\547.jpg,yawn,3
D:\driver-drowsiness-detection\dataset\train\no_yawn\1370.jpg,no_yawn,2
D:\driver-drowsiness-detection\dataset\train\Open\_64.jpg,Open,1
D:\driver-drowsiness-detection\dataset\train\yawn\141.jpg,yawn,3
D:\driver-drowsiness-detection\dataset\train\yawn\320.jpg,yawn,3
D:\driver-drowsiness-detection\dataset\train\Closed\_119.jpg,Closed,0
D:\driver-drowsiness-detection\dataset\train\Open\_331.jpg,Open,1
D:\driver-drowsiness-detection\dataset\train\yawn\384.jpg,yawn,3
D:\driver-drowsiness-detection\dataset\train\Closed\_691.jpg,Closed,0
D:\driver-drowsiness-detection\dataset\train\no_yawn\235.jpg,no_yawn,2
D:\driver-drowsiness-detection\dataset\train\no_yawn\2500.jpg,no_yawn,2
D:\driver-drowsiness-detection\dataset\train\yawn\111.jpg,yawn,3
D:\driver-drowsiness-detection\dataset\train\yawn\657.jpg,yawn,3
D:\driver-drowsiness-detection\dataset\train\yawn\662.jpg,yawn,3
D:\driver-drowsiness-detection\dataset\train\yawn\545.jpg,yawn,3
D:\driver-drowsiness-detection\dataset\train\Closed\_61.jpg,Closed,0
D:\driver-drowsiness-detection\dataset\train\no_yawn\682.jpg,no_yawn,2
D:\driver-drowsiness-detection\dataset\train\Closed\_724.jpg,Closed,0
D:\driver-drowsiness-detection\dataset\train\no_yawn\1122.jpg,no_yawn,2
D:\driver-drowsiness-detection\dataset\train\Open\_458.jpg,Open,1
D:\driver-drowsiness-detection\dataset\train\Open\_451.jpg,Open,1
D:\driver-drowsiness-detection\dataset\train\Open\_711.jpg,Open,1
D:\driver-drowsiness-detection\dataset\train\yawn\673.jpg,yawn,3
D:\driver-drowsiness-detection\dataset\train\no_yawn\831.jpg,no_yawn,2
D:\driver-drowsiness-detection\dataset\train\no_yawn\2282.jpg,no_yawn,2
D:\driver-drowsiness-detection\dataset\train\yawn\102.jpg,yawn,3
D:\driver-drowsiness-detection\dataset\train\Open\_18.jpg,Open,1
D:\driver-drowsiness-detection\dataset\train\yawn\516.jpg,yawn,3
D:\driver-drowsiness-detection\dataset\train\Closed\_190.jpg,Closed,0
D:\driver-drowsiness-detection\dataset\train\no_yawn\1880.jpg,no_yawn,2
D:\driver-drowsiness-detection\dataset\train\Open\_603.jpg,Open,1
D:\driver-drowsiness-detection\dataset\train\yawn\443.jpg,yawn,3
D:\driver-drowsiness-detection\dataset\train\Open\_114.jpg,Open,1
D:\driver-drowsiness-detection\dataset\train\Open\_413.jpg,Open,1
D:\driver-drowsiness-detection\dataset\train\Open\_68.jpg,Open,1
D:\driver-drowsiness-detection\dataset\train\Closed\_338.jpg,Closed,0
D:\driver-drowsiness-detection\dataset\train\Closed\_4.jpg,Closed,0
D:\driver-drowsiness-detection\dataset\train\yawn\132.jpg,yawn,3
D:\driver-drowsiness-detection\dataset\train\no_yawn\91.jpg,no_yawn,2
D:\driver-drowsiness-detection\dataset\train\Open\_376.jpg,Open,1
D:\driver-drowsiness-detection\dataset\train\no_yawn\1121.jpg,no_yawn,2
D:\driver-drowsiness-detection\dataset\train\no_yawn\416.jpg,no_yawn,2
D:\driver-drowsiness-detection\dataset\train\yawn\315.jpg,yawn,3
D:\driver-drowsiness-detection\dataset\train\Open\_593.jpg,Open,1
D:\driver-drowsiness-detection\dataset\train\Open\_487.jpg,Open,1
D:\driver-drowsiness-detection\dataset\train\Closed\_465.jpg,Closed,0
D:\driver-drowsiness-detection\dataset\train\Open\_41.jpg,Open,1
D:\driver-drowsiness-detection\dataset\train\yawn\706.jpg,yawn,3
D:\driver-drowsiness-detection\dataset\train\Closed\_255.jpg,Closed,0
D:\driver-drowsiness-detection\dataset\train\Closed\_498.jpg,Closed,0
D:\driver-drowsiness-detection\dataset\train\Closed\_53.jpg,Closed,0
D:\driver-drowsiness-detection\dataset\train\no_yawn\1914.jpg,no_yawn,2
D:\driver-drowsiness-detection\dataset\train\yawn\59.jpg,yawn,3
D:\driver-drowsiness-detection\dataset\train\Open\_333.jpg,Open,1
D:\driver-drowsiness-detection\dataset\train\Closed\_271.jpg,Closed,0
D:\driver-drowsiness-detection\dataset\train\Closed\_412.jpg,Closed,0
D:\driver-drowsiness-detection\dataset\train\no_yawn\2296.jpg,no_yawn,2
D:\driver-drowsiness-detection\dataset\train\yawn\55.jpg,yawn,3
D:\driver-drowsiness-detection\dataset\train\Open\_383.jpg,Open,1
D:\driver-drowsiness-detection\dataset\train\Closed\_494.jpg,Closed,0
D:\driver-drowsiness-detection\dataset\train\no_yawn\1031.jpg,no_yawn,2
D:\driver-drowsiness-detection\dataset\train\no_yawn\112.jpg,no_yawn,2
D:\driver-drowsiness-detection\dataset\train\yawn\360.jpg,yawn,3
D:\driver-drowsiness-detection\dataset\train\Open\_341.jpg,Open,1
D:\driver-drowsiness-detection\dataset\train\Open\_631.jpg,Open,1
D:\driver-drowsiness-detection\dataset\train\no_yawn\1461.jpg,no_yawn,2
D:\driver-drowsiness-detection\dataset\train\Closed\_690.jpg,Closed,0
D:\driver-drowsiness-detection\dataset\train\Closed\_17.jpg,Closed,0
D:\driver-drowsiness-detection\dataset\train\Closed\_163.jpg,Closed,0
D:\driver-drowsiness-detection\dataset\train\yawn\323.jpg,yawn,3
D:\driver-drowsiness-detection\dataset\train\no_yawn\443.jpg,no_yawn,2
D:\driver-drowsiness-detection\dataset\train\Open\_150.jpg,Open,1
D:\driver-drowsiness-detection\dataset\train\yawn\559.jpg,yawn,3
D:\driver-drowsiness-detection\dataset\train\no_yawn\2606.jpg,no_yawn,2
D:\driver-drowsiness-detection\dataset\train\yawn\46.jpg,yawn,3
D:\driver-drowsiness-detection\dataset\train\Open\_403.jpg,Open,1
D:\driver-drowsiness-detection\dataset\train\no_yawn\412.jpg,no_yawn,2
D:\driver-drowsiness-detection\dataset\train\Open\_408.jpg,Open,1
D:\driver-drowsiness-detection\dataset\train\yawn\98.jpg,yawn,3
D:\driver-drowsiness-detection\dataset\train\Closed\_586.jpg,Closed,0
D:\driver-drowsiness-detection\dataset\train\no_yawn\1500.jpg,no_yawn,2
D:\driver-drowsiness-detection\dataset\train\no_yawn\2009.jpg,no_yawn,2
D:\driver-drowsiness-detection\dataset\train\yawn\256.jpg,yawn,3
D:\driver-drowsiness-detection\dataset\train\yawn\283.jpg,yawn,3
D:\driver-drowsiness-detection\dataset\train\yawn\273.jpg,yawn,3
D:\driver-drowsiness-detection\dataset\train\Closed\_224.jpg,Closed,0
D:\driver-drowsiness-detection\dataset\train\Closed\_473.jpg,Closed,0
D:\driver-drowsiness-detection\dataset\train\no_yawn\2253.jpg,no_yawn,2
D:\driver-drowsiness-detection\dataset\train\no_yawn\94.jpg,no_yawn,2
D:\driver-drowsiness-detection\dataset\train\no_yawn\1270.jpg,no_yawn,2
D:\driver-drowsiness-detection\dataset\train\Open\_13.jpg,Open,1
D:\driver-drowsiness-detection\dataset\train\Open\_644.jpg,Open,1
D:\driver-drowsiness-detection\dataset\train\yawn\474.jpg,yawn,3
D:\driver-drowsiness-detection\dataset\train\Open\_308.jpg,Open,1
D:\driver-drowsiness-detection\dataset\train\Open\_582.jpg,Open,1
D:\driver-drowsiness-detection\dataset\train\Open\_227.jpg,Open,1
D:\driver-drowsiness-detection\dataset\train\no_yawn\58.jpg,no_yawn,2
D:\driver-drowsiness-detection\dataset\train\Closed\_452.jpg,Closed,0
D:\driver-drowsiness-detection\dataset\train\Closed\_383.jpg,Closed,0
D:\driver-drowsiness-detection\dataset\train\Closed\_360.jpg,Closed,0
D:\driver-drowsiness-detection\dataset\train\yawn\478.jpg,yawn,3
D:\driver-drowsiness-detection\dataset\train\no_yawn\2477.jpg,no_yawn,2
D:\driver-drowsiness-detection\dataset\train\Open\_614.jpg,Open,1
D:\driver-drowsiness-detection\dataset\train\no_yawn\111.jpg,no_yawn,2
D:\driver-drowsiness-detection\dataset\train\Closed\_519.jpg,Closed,0
D:\driver-drowsiness-detection\dataset\train\Open\_317.jpg,Open,1
D:\driver-drowsiness-detection\dataset\train\no_yawn\1990.jpg,no_yawn,2
D:\driver-drowsiness-detection\dataset\train\yawn\354.jpg,yawn,3
D:\driver-drowsiness-detection\dataset\train\Open\_60.jpg,Open,1
D:\driver-drowsiness-detection\dataset\train\no_yawn\2131.jpg,no_yawn,2
D:\driver-drowsiness-detection\dataset\train\no_yawn\148.jpg,no_yawn,2
D:\driver-drowsiness-detection\dataset\train\Closed\_454.jpg,Closed,0
D:\driver-drowsiness-detection\dataset\train\no_yawn\439.jpg,no_yawn,2
D:\driver-drowsiness-detection\dataset\train\Open\_518.jpg,Open,1
D:\driver-drowsiness-detection\dataset\train\Closed\_612.jpg,Closed,0
D:\driver-drowsiness-detection\dataset\train\no_yawn\1061.jpg,no_yawn,2
D:\driver-drowsiness-detection\dataset\train\Open\_585.jpg,Open,1
D:\driver-drowsiness-detection\dataset\train\no_yawn\117.jpg,no_yawn,2
D:\driver-drowsiness-detection\dataset\train\Closed\_202.jpg,Closed,0
D:\driver-drowsiness-detection\dataset\train\Open\_427.jpg,Open,1
D:\driver-drowsiness-detection\dataset\train\Closed\_431.jpg,Closed,0
D:\driver-drowsiness-detection\dataset\train\Open\_130.jpg,Open,1
D:\driver-drowsiness-detection\dataset\train\yawn\473.jpg,yawn,3
D:\driver-drowsiness-detection\dataset\train\yawn\623.jpg,yawn,3
D:\driver-drowsiness-detection\dataset\train\yawn\281.jpg,yawn,3
D:\driver-drowsiness-detection\dataset\train\no_yawn\78.jpg,no_yawn,2
D:\driver-drowsiness-detection\dataset\train\Closed\_542.jpg,Closed,0
D:\driver-drowsiness-detection\dataset\train\Closed\_136.jpg,Closed,0
D:\driver-drowsiness-detection\dataset\train\Closed\_147.jpg,Closed,0
D:\driver-drowsiness-detection\dataset\train\no_yawn\1032.jpg,no_yawn,2
D:\driver-drowsiness-detection\dataset\train\Open\_506.jpg,Open,1
D:\driver-drowsiness-detection\dataset\train\Closed\_20.jpg,Closed,0
D:\driver-drowsiness-detection\dataset\train\Closed\_381.jpg,Closed,0
D:\driver-drowsiness-detection\dataset\train\no_yawn\2514.jpg,no_yawn,2
D:\driver-drowsiness-detection\dataset\train\no_yawn\1652.jpg,no_yawn,2
D:\driver-drowsiness-detection\dataset\train\Closed\_257.jpg,Closed,0
D:\driver-drowsiness-detection\dataset\train\Open\_42.jpg,Open,1
D:\driver-drowsiness-detection\dataset\train\Closed\_216.jpg,Closed,0
D:\driver-drowsiness-detection\dataset\train\Open\_153.jpg,Open,1
D:\driver-drowsiness-detection\dataset\train\yawn\41.jpg,yawn,3
D:\driver-drowsiness-detection\dataset\train\Closed\_491.jpg,Closed,0
D:\driver-drowsiness-detection\dataset\train\Open\_418.jpg,Open,1
D:\driver-drowsiness-detection\dataset\train\yawn\258.jpg,yawn,3
D:\driver-drowsiness-detection\dataset\train\Open\_157.jpg,Open,1
D:\driver-drowsiness-detection\dataset\train\Closed\_238.jpg,Closed,0
D:\driver-drowsiness-detection\dataset\train\Open\_314.jpg,Open,1
D:\driver-drowsiness-detection\dataset\train\Closed\_718.jpg,Closed,0
D:\driver-drowsiness-detection\dataset\train\Closed\_422.jpg,Closed,0
D:\driver-drowsiness-detection\dataset\train\Open\_719.jpg,Open,1
D:\driver-drowsiness-detection\dataset\train\Closed\_68.jpg,Closed,0
D:\driver-drowsiness-detection\dataset\train\no_yawn\1987.jpg,no_yawn,2
D:\driver-drowsiness-detection\dataset\train\yawn\6.jpg,yawn,3
D:\driver-drowsiness-detection\dataset\train\Closed\_297.jpg,Closed,0
D:\driver-drowsiness-detection\dataset\train\no_yawn\1021.jpg,no_yawn,2
D:\driver-drowsiness-detection\dataset\train\yawn\679.jpg,yawn,3
D:\driver-drowsiness-detection\dataset\train\no_yawn\1963.jpg,no_yawn,2
D:\driver-drowsiness-detection\dataset\train\Open\_633.jpg,Open,1
D:\driver-drowsiness-detection\dataset\train\Open\_271.jpg,Open,1
D:\driver-drowsiness-detection\dataset\train\yawn\412.jpg,yawn,3
D:\driver-drowsiness-detection\dataset\train\yawn\146.jpg,yawn,3
D:\driver-drowsiness-detection\dataset\train\Open\_58.jpg,Open,1
D:\driver-drowsiness-detection\dataset\train\Open\_238.jpg,Open,1
D:\driver-drowsiness-detection\dataset\train\no_yawn\1562.jpg,no_yawn,2
D:\driver-drowsiness-detection\dataset\train\Closed\_234.jpg,Closed,0
D:\driver-drowsiness-detection\dataset\train\Open\_680.jpg,Open,1
D:\driver-drowsiness-detection\dataset\train\no_yawn\1320.jpg,no_yawn,2
D:\driver-drowsiness-detection\dataset\train\Open\_180.jpg,Open,1
D:\driver-drowsiness-detection\dataset\train\Closed\_48.jpg,Closed,0
D:\driver-drowsiness-detection\dataset\train\Open\_390.jpg,Open,1
D:\driver-drowsiness-detection\dataset\train\Open\_137.jpg,Open,1
D:\driver-drowsiness-detection\dataset\train\Closed\_298.jpg,Closed,0
D:\driver-drowsiness-detection\dataset\train\yawn\613.jpg,yawn,3
D:\driver-drowsiness-detection\dataset\train\Open\_663.jpg,Open,1
D:\driver-drowsiness-detection\dataset\train\Closed\_326.jpg,Closed,0
D:\driver-drowsiness-detection\dataset\train\Closed\_359.jpg,Closed,0
D:\driver-drowsiness-detection\dataset\train\no_yawn\2466.jpg,no_yawn,2
D:\driver-drowsiness-detection\dataset\train\Open\_71.jpg,Open,1
D:\driver-drowsiness-detection\dataset\train\yawn\367.jpg,yawn,3
D:\driver-drowsiness-detection\dataset\train\Closed\_361.jpg,Closed,0
D:\driver-drowsiness-detection\dataset\train\Closed\_669.jpg,Closed,0
D:\driver-drowsiness-detection\dataset\train\Closed\_278.jpg,Closed,0
D:\driver-drowsiness-detection\dataset\train\Closed\_286.jpg,Closed,0
D:\driver-drowsiness-detection\dataset\train\yawn\701.jpg,yawn,3
D:\driver-drowsiness-detection\dataset\train\Closed\_178.jpg,Closed,0
D:\driver-drowsiness-detection\dataset\train\Open\_70.jpg,Open,1
D:\driver-drowsiness-detection\dataset\train\yawn\206.jpg,yawn,3
D:\driver-drowsiness-detection\dataset\train\yawn\124.jpg,yawn,3
D:\driver-drowsiness-detection\dataset\train\Open\_548.jpg,Open,1
D:\driver-drowsiness-detection\dataset\train\Open\_552.jpg,Open,1
D:\driver-drowsiness-detection\dataset\train\yawn\328.jpg,yawn,3
D:\driver-drowsiness-detection\dataset\train\yawn\685.jpg,yawn,3
D:\driver-drowsiness-detection\dataset\train\Open\_129.jpg,Open,1
D:\driver-drowsiness-detection\dataset\train\Open\_335.jpg,Open,1
D:\driver-drowsiness-detection\dataset\train\Closed\_365.jpg,Closed,0
D:\driver-drowsiness-detection\dataset\train\no_yawn\997.jpg,no_yawn,2
D:\driver-drowsiness-detection\dataset\train\no_yawn\521.jpg,no_yawn,2
D:\driver-drowsiness-detection\dataset\train\no_yawn\866.jpg,no_yawn,2
D:\driver-drowsiness-detection\dataset\train\Open\_422.jpg,Open,1
D:\driver-drowsiness-detection\dataset\train\Closed\_367.jpg,Closed,0
D:\driver-drowsiness-detection\dataset\train\no_yawn\2573.jpg,no_yawn,2
D:\driver-drowsiness-detection\dataset\train\no_yawn\833.jpg,no_yawn,2
D:\driver-drowsiness-detection\dataset\train\no_yawn\2284.jpg,no_yawn,2
D:\driver-drowsiness-detection\dataset\train\no_yawn\2539.jpg,no_yawn,2
D:\driver-drowsiness-detection\dataset\train\no_yawn\868.jpg,no_yawn,2
D:\driver-drowsiness-detection\dataset\train\no_yawn\142.jpg,no_yawn,2
D:\driver-drowsiness-detection\dataset\train\no_yawn\2404.jpg,no_yawn,2
D:\driver-drowsiness-detection\dataset\train\no_yawn\2433.jpg,no_yawn,2
D:\driver-drowsiness-detection\dataset\train\yawn\53.jpg,yawn,3
D:\driver-drowsiness-detection\dataset\train\no_yawn\851.jpg,no_yawn,2
D:\driver-drowsiness-detection\dataset\train\yawn\314.jpg,yawn,3
D:\driver-drowsiness-detection\dataset\train\Open\_215.jpg,Open,1
D:\driver-drowsiness-detection\dataset\train\no_yawn\1210.jpg,no_yawn,2
D:\driver-drowsiness-detection\dataset\train\Closed\_417.jpg,Closed,0
D:\driver-drowsiness-detection\dataset\train\Open\_461.jpg,Open,1
D:\driver-drowsiness-detection\dataset\train\Closed\_453.jpg,Closed,0
D:\driver-drowsiness-detection\dataset\train\yawn\378.jpg,yawn,3
D:\driver-drowsiness-detection\dataset\train\yawn\397.jpg,yawn,3
D:\driver-drowsiness-detection\dataset\train\Closed\_31.jpg,Closed,0
D:\driver-drowsiness-detection\dataset\train\Closed\_506.jpg,Closed,0
D:\driver-drowsiness-detection\dataset\train\Open\_97.jpg,Open,1
D:\driver-drowsiness-detection\dataset\train\Open\_595.jpg,Open,1
D:\driver-drowsiness-detection\dataset\train\no_yawn\2482.jpg,no_yawn,2
D:\driver-drowsiness-detection\dataset\train\no_yawn\1899.jpg,no_yawn,2
D:\driver-drowsiness-detection\dataset\train\yawn\615.jpg,yawn,3
D:\driver-drowsiness-detection\dataset\train\yawn\185.jpg,yawn,3
D:\driver-drowsiness-detection\dataset\train\no_yawn\726.jpg,no_yawn,2
D:\driver-drowsiness-detection\dataset\train\Closed\_203.jpg,Closed,0
D:\driver-drowsiness-detection\dataset\train\Closed\_581.jpg,Closed,0
D:\driver-drowsiness-detection\dataset\train\yawn\304.jpg,yawn,3
D:\driver-drowsiness-detection\dataset\train\yawn\279.jpg,yawn,3
D:\driver-drowsiness-detection\dataset\train\no_yawn\1498.jpg,no_yawn,2
D:\driver-drowsiness-detection\dataset\train\no_yawn\2290.jpg,no_yawn,2
D:\driver-drowsiness-detection\dataset\train\yawn\677.jpg,yawn,3
D:\driver-drowsiness-detection\dataset\train\Open\_598.jpg,Open,1
D:\driver-drowsiness-detection\dataset\train\no_yawn\1006.jpg,no_yawn,2
D:\driver-drowsiness-detection\dataset\train\Closed\_574.jpg,Closed,0
D:\driver-drowsiness-detection\dataset\train\Open\_411.jpg,Open,1
D:\driver-drowsiness-detection\dataset\train\Open\_535.jpg,Open,1
D:\driver-drowsiness-detection\dataset\train\Open\_258.jpg,Open,1
D:\driver-drowsiness-detection\dataset\train\Open\_255.jpg,Open,1
D:\driver-drowsiness-detection\dataset\train\no_yawn\1593.jpg,no_yawn,2
D:\driver-drowsiness-detection\dataset\train\Closed\_102.jpg,Closed,0
D:\driver-drowsiness-detection\dataset\train\yawn\671.jpg,yawn,3
D:\driver-drowsiness-detection\dataset\train\no_yawn\2121.jpg,no_yawn,2
D:\driver-drowsiness-detection\dataset\train\Open\_527.jpg,Open,1
D:\driver-drowsiness-detection\dataset\train\yawn\47.jpg,yawn,3
D:\driver-drowsiness-detection\dataset\train\no_yawn\1042.jpg,no_yawn,2
D:\driver-drowsiness-detection\dataset\train\Open\_710.jpg,Open,1
D:\driver-drowsiness-detection\dataset\train\yawn\194.jpg,yawn,3
D:\driver-drowsiness-detection\dataset\train\Closed\_99.jpg,Closed,0
D:\driver-drowsiness-detection\dataset\train\Closed\_476.jpg,Closed,0
D:\driver-drowsiness-detection\dataset\train\Open\_488.jpg,Open,1
D:\driver-drowsiness-detection\dataset\train\Open\_486.jpg,Open,1
D:\driver-drowsiness-detection\dataset\train\Closed\_282.jpg,Closed,0
D:\driver-drowsiness-detection\dataset\train\Closed\_668.jpg,Closed,0
D:\driver-drowsiness-detection\dataset\train\no_yawn\1967.jpg,no_yawn,2
D:\driver-drowsiness-detection\dataset\train\no_yawn\1788.jpg,no_yawn,2
D:\driver-drowsiness-detection\dataset\train\yawn\668.jpg,yawn,3
D:\driver-drowsiness-detection\dataset\train\yawn\178.jpg,yawn,3
D:\driver-drowsiness-detection\dataset\train\Open\_279.jpg,Open,1
D:\driver-drowsiness-detection\dataset\train\Closed\_633.jpg,Closed,0
D:\driver-drowsiness-detection\dataset\train\Closed\_356.jpg,Closed,0
D:\driver-drowsiness-detection\dataset\train\Open\_276.jpg,Open,1
D:\driver-drowsiness-detection\dataset\train\Closed\_169.jpg,Closed,0
D:\driver-drowsiness-detection\dataset\train\yawn\341.jpg,yawn,3
D:\driver-drowsiness-detection\dataset\train\no_yawn\1202.jpg,no_yawn,2
D:\driver-drowsiness-detection\dataset\train\Open\_623.jpg,Open,1
D:\driver-drowsiness-detection\dataset\train\yawn\310.jpg,yawn,3
D:\driver-drowsiness-detection\dataset\train\no_yawn\2351.jpg,no_yawn,2
D:\driver-drowsiness-detection\dataset\train\Closed\_131.jpg,Closed,0
D:\driver-drowsiness-detection\dataset\train\Open\_720.jpg,Open,1
D:\driver-drowsiness-detection\dataset\train\Open\_199.jpg,Open,1
D:\driver-drowsiness-detection\dataset\train\Closed\_582.jpg,Closed,0
D:\driver-drowsiness-detection\dataset\train\Open\_610.jpg,Open,1
D:\driver-drowsiness-detection\dataset\train\Open\_504.jpg,Open,1
D:\driver-drowsiness-detection\dataset\train\Open\_99.jpg,Open,1
D:\driver-drowsiness-detection\dataset\train\Closed\_363.jpg,Closed,0
D:\driver-drowsiness-detection\dataset\train\Closed\_74.jpg,Closed,0
D:\driver-drowsiness-detection\dataset\train\Closed\_261.jpg,Closed,0
D:\driver-drowsiness-detection\dataset\train\no_yawn\683.jpg,no_yawn,2
D:\driver-drowsiness-detection\dataset\train\Open\_423.jpg,Open,1
D:\driver-drowsiness-detection\dataset\train\Closed\_336.jpg,Closed,0
D:\driver-drowsiness-detection\dataset\train\Open\_125.jpg,Open,1
D:\driver-drowsiness-detection\dataset\train\Closed\_7.jpg,Closed,0
D:\driver-drowsiness-detection\dataset\train\Closed\_427.jpg,Closed,0
D:\driver-drowsiness-detection\dataset\train\Open\_673.jpg,Open,1
D:\driver-drowsiness-detection\dataset\train\no_yawn\1911.jpg,no_yawn,2
D:\driver-drowsiness-detection\dataset\train\Open\_615.jpg,Open,1
D:\driver-drowsiness-detection\dataset\train\Open\_195.jpg,Open,1
D:\driver-drowsiness-detection\dataset\train\yawn\418.jpg,yawn,3
D:\driver-drowsiness-detection\dataset\train\yawn\234.jpg,yawn,3
D:\driver-drowsiness-detection\dataset\train\Open\_563.jpg,Open,1
D:\driver-drowsiness-detection\dataset\train\Open\_306.jpg,Open,1
D:\driver-drowsiness-detection\dataset\train\no_yawn\648.jpg,no_yawn,2
D:\driver-drowsiness-detection\dataset\train\yawn\228.jpg,yawn,3
D:\driver-drowsiness-detection\dataset\train\no_yawn\2124.jpg,no_yawn,2
D:\driver-drowsiness-detection\dataset\train\Open\_283.jpg,Open,1
D:\driver-drowsiness-detection\dataset\train\yawn\386.jpg,yawn,3
D:\driver-drowsiness-detection\dataset\train\no_yawn\1859.jpg,no_yawn,2
D:\driver-drowsiness-detection\dataset\train\Closed\_299.jpg,Closed,0
D:\driver-drowsiness-detection\dataset\train\Open\_300.jpg,Open,1
D:\driver-drowsiness-detection\dataset\train\yawn\10.jpg,yawn,3
D:\driver-drowsiness-detection\dataset\train\yawn\605.jpg,yawn,3
D:\driver-drowsiness-detection\dataset\train\Closed\_561.jpg,Closed,0
D:\driver-drowsiness-detection\dataset\train\yawn\520.jpg,yawn,3
D:\driver-drowsiness-detection\dataset\train\no_yawn\1898.jpg,no_yawn,2
D:\driver-drowsiness-detection\dataset\train\yawn\428.jpg,yawn,3
D:\driver-drowsiness-detection\dataset\train\Open\_363.jpg,Open,1
D:\driver-drowsiness-detection\dataset\train\Open\_366.jpg,Open,1
D:\driver-drowsiness-detection\dataset\train\Open\_346.jpg,Open,1
D:\driver-drowsiness-detection\dataset\train\Closed\_245.jpg,Closed,0
D:\driver-drowsiness-detection\dataset\train\Open\_293.jpg,Open,1
D:\driver-drowsiness-detection\dataset\train\yawn\420.jpg,yawn,3
D:\driver-drowsiness-detection\dataset\train\Open\_89.jpg,Open,1
D:\driver-drowsiness-detection\dataset\train\Open\_7.jpg,Open,1
D:\driver-drowsiness-detection\dataset\train\no_yawn\1598.jpg,no_yawn,2
D:\driver-drowsiness-detection\dataset\train\yawn\57.jpg,yawn,3
D:\driver-drowsiness-detection\dataset\train\yawn\601.jpg,yawn,3
D:\driver-drowsiness-detection\dataset\train\yawn\226.jpg,yawn,3
D:\driver-drowsiness-detection\dataset\train\no_yawn\201.jpg,no_yawn,2
D:\driver-drowsiness-detection\dataset\train\yawn\282.jpg,yawn,3
D:\driver-drowsiness-detection\dataset\train\Closed\_262.jpg,Closed,0
D:\driver-drowsiness-detection\dataset\train\Open\_512.jpg,Open,1
D:\driver-drowsiness-detection\dataset\train\no_yawn\505.jpg,no_yawn,2
D:\driver-drowsiness-detection\dataset\train\Open\_503.jpg,Open,1
D:\driver-drowsiness-detection\dataset\train\yawn\404.jpg,yawn,3
D:\driver-drowsiness-detection\dataset\train\yawn\672.jpg,yawn,3
D:\driver-drowsiness-detection\dataset\train\no_yawn\1413.jpg,no_yawn,2
D:\driver-drowsiness-detection\dataset\train\yawn\529.jpg,yawn,3
D:\driver-drowsiness-detection\dataset\train\yawn\169.jpg,yawn,3
D:\driver-drowsiness-detection\dataset\train\Closed\_492.jpg,Closed,0
D:\driver-drowsiness-detection\dataset\train\Open\_264.jpg,Open,1
D:\driver-drowsiness-detection\dataset\train\yawn\655.jpg,yawn,3
D:\driver-drowsiness-detection\dataset\train\Closed\_501.jpg,Closed,0
D:\driver-drowsiness-detection\dataset\train\yawn\407.jpg,yawn,3
D:\driver-drowsiness-detection\dataset\train\Closed\_610.jpg,Closed,0
D:\driver-drowsiness-detection\dataset\train\yawn\663.jpg,yawn,3
D:\driver-drowsiness-detection\dataset\train\no_yawn\933.jpg,no_yawn,2
D:\driver-drowsiness-detection\dataset\train\no_yawn\1363.jpg,no_yawn,2
D:\driver-drowsiness-detection\dataset\train\yawn\259.jpg,yawn,3
D:\driver-drowsiness-detection\dataset\train\no_yawn\1870.jpg,no_yawn,2
D:\driver-drowsiness-detection\dataset\train\no_yawn\914.jpg,no_yawn,2
D:\driver-drowsiness-detection\dataset\train\no_yawn\959.jpg,no_yawn,2
D:\driver-drowsiness-detection\dataset\train\Closed\_244.jpg,Closed,0
D:\driver-drowsiness-detection\dataset\train\Closed\_130.jpg,Closed,0
D:\driver-drowsiness-detection\dataset\train\yawn\551.jpg,yawn,3
D:\driver-drowsiness-detection\dataset\train\yawn\229.jpg,yawn,3
D:\driver-drowsiness-detection\dataset\train\Open\_589.jpg,Open,1
D:\driver-drowsiness-detection\dataset\train\Open\_398.jpg,Open,1
D:\driver-drowsiness-detection\dataset\train\Closed\_655.jpg,Closed,0
D:\driver-drowsiness-detection\dataset\train\no_yawn\2312.jpg,no_yawn,2
D:\driver-drowsiness-detection\dataset\train\yawn\233.jpg,yawn,3
D:\driver-drowsiness-detection\dataset\train\no_yawn\2409.jpg,no_yawn,2
D:\driver-drowsiness-detection\dataset\train\Open\_173.jpg,Open,1
D:\driver-drowsiness-detection\dataset\train\Open\_356.jpg,Open,1
D:\driver-drowsiness-detection\dataset\train\Closed\_319.jpg,Closed,0
D:\driver-drowsiness-detection\dataset\train\yawn\9.jpg,yawn,3
D:\driver-drowsiness-detection\dataset\train\Closed\_627.jpg,Closed,0
D:\driver-drowsiness-detection\dataset\train\no_yawn\638.jpg,no_yawn,2
D:\driver-drowsiness-detection\dataset\train\Open\_533.jpg,Open,1
D:\driver-drowsiness-detection\dataset\train\Closed\_290.jpg,Closed,0
D:\driver-drowsiness-detection\dataset\train\no_yawn\1600.jpg,no_yawn,2
D:\driver-drowsiness-detection\dataset\train\yawn\317.jpg,yawn,3
D:\driver-drowsiness-detection\dataset\train\Closed\_660.jpg,Closed,0
D:\driver-drowsiness-detection\dataset\train\no_yawn\603.jpg,no_yawn,2
D:\driver-drowsiness-detection\dataset\train\Open\_342.jpg,Open,1
D:\driver-drowsiness-detection\dataset\train\Open\_438.jpg,Open,1
D:\driver-drowsiness-detection\dataset\train\yawn\590.jpg,yawn,3
D:\driver-drowsiness-detection\dataset\train\no_yawn\2374.jpg,no_yawn,2
D:\driver-drowsiness-detection\dataset\train\Closed\_123.jpg,Closed,0
D:\driver-drowsiness-detection\dataset\train\Open\_453.jpg,Open,1
D:\driver-drowsiness-detection\dataset\train\no_yawn\2034.jpg,no_yawn,2
D:\driver-drowsiness-detection\dataset\train\Closed\_189.jpg,Closed,0
D:\driver-drowsiness-detection\dataset\train\Open\_499.jpg,Open,1
D:\driver-drowsiness-detection\dataset\train\no_yawn\1120.jpg,no_yawn,2
D:\driver-drowsiness-detection\dataset\train\Open\_355.jpg,Open,1
D:\driver-drowsiness-detection\dataset\train\Closed\_573.jpg,Closed,0
D:\driver-drowsiness-detection\dataset\train\Closed\_462.jpg,Closed,0
D:\driver-drowsiness-detection\dataset\train\yawn\44.jpg,yawn,3
D:\driver-drowsiness-detection\dataset\train\yawn\660.jpg,yawn,3
D:\driver-drowsiness-detection\dataset\train\Open\_47.jpg,Open,1
D:\driver-drowsiness-detection\dataset\train\yawn\325.jpg,yawn,3
D:\driver-drowsiness-detection\dataset\train\yawn\244.jpg,yawn,3
D:\driver-drowsiness-detection\dataset\train\yawn\269.jpg,yawn,3
D:\driver-drowsiness-detection\dataset\train\Closed\_393.jpg,Closed,0
D:\driver-drowsiness-detection\dataset\train\no_yawn\2541.jpg,no_yawn,2
D:\driver-drowsiness-detection\dataset\train\yawn\494.jpg,yawn,3
D:\driver-drowsiness-detection\dataset\train\Closed\_176.jpg,Closed,0
D:\driver-drowsiness-detection\dataset\train\no_yawn\1989.jpg,no_yawn,2
D:\driver-drowsiness-detection\dataset\train\Closed\_662.jpg,Closed,0
D:\driver-drowsiness-detection\dataset\train\Closed\_482.jpg,Closed,0
D:\driver-drowsiness-detection\dataset\train\no_yawn\623.jpg,no_yawn,2
D:\driver-drowsiness-detection\dataset\train\Closed\_327.jpg,Closed,0
D:\driver-drowsiness-detection\dataset\train\Open\_26.jpg,Open,1
D:\driver-drowsiness-detection\dataset\train\Closed\_564.jpg,Closed,0
D:\driver-drowsiness-detection\dataset\train\Closed\_398.jpg,Closed,0
D:\driver-drowsiness-detection\dataset\train\Closed\_124.jpg,Closed,0
D:\driver-drowsiness-detection\dataset\train\no_yawn\1964.jpg,no_yawn,2
D:\driver-drowsiness-detection\dataset\train\Open\_600.jpg,Open,1
D:\driver-drowsiness-detection\dataset\train\no_yawn\1201.jpg,no_yawn,2
D:\driver-drowsiness-detection\dataset\train\yawn\343.jpg,yawn,3
D:\driver-drowsiness-detection\dataset\train\Open\_538.jpg,Open,1
D:\driver-drowsiness-detection\dataset\train\yawn\381.jpg,yawn,3
D:\driver-drowsiness-detection\dataset\train\no_yawn\613.jpg,no_yawn,2
D:\driver-drowsiness-detection\dataset\train\Open\_230.jpg,Open,1
D:\driver-drowsiness-detection\dataset\train\no_yawn\292.jpg,no_yawn,2
D:\driver-drowsiness-detection\dataset\train\Closed\_408.jpg,Closed,0
D:\driver-drowsiness-detection\dataset\train\Closed\_8.jpg,Closed,0
D:\driver-drowsiness-detection\dataset\train\no_yawn\2610.jpg,no_yawn,2
D:\driver-drowsiness-detection\dataset\train\yawn\693.jpg,yawn,3
D:\driver-drowsiness-detection\dataset\train\no_yawn\2092.jpg,no_yawn,2
D:\driver-drowsiness-detection\dataset\train\yawn\647.jpg,yawn,3
D:\driver-drowsiness-detection\dataset\train\yawn\162.jpg,yawn,3
D:\driver-drowsiness-detection\dataset\train\yawn\212.jpg,yawn,3
D:\driver-drowsiness-detection\dataset\train\yawn\496.jpg,yawn,3
D:\driver-drowsiness-detection\dataset\train\Closed\_252.jpg,Closed,0
D:\driver-drowsiness-detection\dataset\train\no_yawn\1497.jpg,no_yawn,2
D:\driver-drowsiness-detection\dataset\train\Closed\_303.jpg,Closed,0
D:\driver-drowsiness-detection\dataset\train\yawn\197.jpg,yawn,3
D:\driver-drowsiness-detection\dataset\train\Open\_473.jpg,Open,1
D:\driver-drowsiness-detection\dataset\train\Closed\_12.jpg,Closed,0
D:\driver-drowsiness-detection\dataset\train\Closed\_529.jpg,Closed,0
D:\driver-drowsiness-detection\dataset\train\no_yawn\469.jpg,no_yawn,2
D:\driver-drowsiness-detection\dataset\train\yawn\374.jpg,yawn,3
D:\driver-drowsiness-detection\dataset\train\no_yawn\911.jpg,no_yawn,2
D:\driver-drowsiness-detection\dataset\train\Closed\_100.jpg,Closed,0
D:\driver-drowsiness-detection\dataset\train\Closed\_489.jpg,Closed,0
D:\driver-drowsiness-detection\dataset\train\Open\_724.jpg,Open,1
D:\driver-drowsiness-detection\dataset\train\no_yawn\2058.jpg,no_yawn,2
D:\driver-drowsiness-detection\dataset\train\yawn\322.jpg,yawn,3
D:\driver-drowsiness-detection\dataset\train\Closed\_591.jpg,Closed,0
D:\driver-drowsiness-detection\dataset\train\no_yawn\279.jpg,no_yawn,2
D:\driver-drowsiness-detection\dataset\train\Closed\_287.jpg,Closed,0
D:\driver-drowsiness-detection\dataset\train\Open\_20.jpg,Open,1
D:\driver-drowsiness-detection\dataset\train\yawn\385.jpg,yawn,3
D:\driver-drowsiness-detection\dataset\train\no_yawn\2603.jpg,no_yawn,2
D:\driver-drowsiness-detection\dataset\train\yawn\236.jpg,yawn,3
D:\driver-drowsiness-detection\dataset\train\no_yawn\2252.jpg,no_yawn,2
D:\driver-drowsiness-detection\dataset\train\Open\_632.jpg,Open,1
D:\driver-drowsiness-detection\dataset\train\Closed\_292.jpg,Closed,0
D:\driver-drowsiness-detection\dataset\train\Open\_546.jpg,Open,1
D:\driver-drowsiness-detection\dataset\train\Closed\_323.jpg,Closed,0
D:\driver-drowsiness-detection\dataset\train\no_yawn\1412.jpg,no_yawn,2
D:\driver-drowsiness-detection\dataset\train\Closed\_143.jpg,Closed,0
D:\driver-drowsiness-detection\dataset\train\no_yawn\2426.jpg,no_yawn,2
D:\driver-drowsiness-detection\dataset\train\yawn\612.jpg,yawn,3
D:\driver-drowsiness-detection\dataset\train\Open\_545.jpg,Open,1
D:\driver-drowsiness-detection\dataset\train\Open\_620.jpg,Open,1
D:\driver-drowsiness-detection\dataset\train\no_yawn\1863.jpg,no_yawn,2
D:\driver-drowsiness-detection\dataset\train\no_yawn\2107.jpg,no_yawn,2
D:\driver-drowsiness-detection\dataset\train\no_yawn\208.jpg,no_yawn,2
D:\driver-drowsiness-detection\dataset\train\Open\_216.jpg,Open,1
D:\driver-drowsiness-detection\dataset\train\Open\_687.jpg,Open,1
D:\driver-drowsiness-detection\dataset\train\Open\_705.jpg,Open,1
D:\driver-drowsiness-detection\dataset\train\Open\_23.jpg,Open,1
D:\driver-drowsiness-detection\dataset\train\no_yawn\1130.jpg,no_yawn,2
D:\driver-drowsiness-detection\dataset\train\yawn\640.jpg,yawn,3
D:\driver-drowsiness-detection\dataset\train\Closed\_386.jpg,Closed,0
D:\driver-drowsiness-detection\dataset\train\yawn\262.jpg,yawn,3
D:\driver-drowsiness-detection\dataset\train\Open\_416.jpg,Open,1
D:\driver-drowsiness-detection\dataset\train\Open\_565.jpg,Open,1
D:\driver-drowsiness-detection\dataset\train\no_yawn\659.jpg,no_yawn,2
D:\driver-drowsiness-detection\dataset\train\yawn\561.jpg,yawn,3
D:\driver-drowsiness-detection\dataset\train\Open\_135.jpg,Open,1
D:\driver-drowsiness-detection\dataset\train\Closed\_440.jpg,Closed,0
D:\driver-drowsiness-detection\dataset\train\Closed\_467.jpg,Closed,0
D:\driver-drowsiness-detection\dataset\train\no_yawn\2066.jpg,no_yawn,2
D:\driver-drowsiness-detection\dataset\train\Closed\_371.jpg,Closed,0
D:\driver-drowsiness-detection\dataset\train\Open\_93.jpg,Open,1
D:\driver-drowsiness-detection\dataset\train\yawn\34.jpg,yawn,3
D:\driver-drowsiness-detection\dataset\train\yawn\230.jpg,yawn,3
D:\driver-drowsiness-detection\dataset\train\Closed\_414.jpg,Closed,0
D:\driver-drowsiness-detection\dataset\train\Closed\_343.jpg,Closed,0
D:\driver-drowsiness-detection\dataset\train\Closed\_649.jpg,Closed,0
D:\driver-drowsiness-detection\dataset\train\yawn\492.jpg,yawn,3
D:\driver-drowsiness-detection\dataset\train\Closed\_406.jpg,Closed,0
D:\driver-drowsiness-detection\dataset\train\Closed\_629.jpg,Closed,0
D:\driver-drowsiness-detection\dataset\train\Closed\_675.jpg,Closed,0
D:\driver-drowsiness-detection\dataset\train\Open\_45.jpg,Open,1
D:\driver-drowsiness-detection\dataset\train\Open\_144.jpg,Open,1
D:\driver-drowsiness-detection\dataset\train\Open\_189.jpg,Open,1
D:\driver-drowsiness-detection\dataset\train\yawn\670.jpg,yawn,3
D:\driver-drowsiness-detection\dataset\train\no_yawn\829.jpg,no_yawn,2
D:\driver-drowsiness-detection\dataset\train\Closed\_0.jpg,Closed,0
D:\driver-drowsiness-detection\dataset\train\Open\_482.jpg,Open,1
D:\driver-drowsiness-detection\dataset\train\no_yawn\1647.jpg,no_yawn,2
D:\driver-drowsiness-detection\dataset\train\Closed\_517.jpg,Closed,0
D:\driver-drowsiness-detection\dataset\train\Open\_204.jpg,Open,1
D:\driver-drowsiness-detection\dataset\train\yawn\708.jpg,yawn,3
D:\driver-drowsiness-detection\dataset\train\no_yawn\1030.jpg,no_yawn,2
D:\driver-drowsiness-detection\dataset\train\Closed\_514.jpg,Closed,0
D:\driver-drowsiness-detection\dataset\train\Open\_323.jpg,Open,1
D:\driver-drowsiness-detection\dataset\train\Open\_392.jpg,Open,1
D:\driver-drowsiness-detection\dataset\train\Closed\_372.jpg,Closed,0
D:\driver-drowsiness-detection\dataset\train\no_yawn\2429.jpg,no_yawn,2
D:\driver-drowsiness-detection\dataset\train\Closed\_357.jpg,Closed,0
D:\driver-drowsiness-detection\dataset\train\Open\_256.jpg,Open,1
D:\driver-drowsiness-detection\dataset\train\Closed\_221.jpg,Closed,0
D:\driver-drowsiness-detection\dataset\train\Closed\_537.jpg,Closed,0
D:\driver-drowsiness-detection\dataset\train\Closed\_530.jpg,Closed,0
D:\driver-drowsiness-detection\dataset\train\yawn\569.jpg,yawn,3
D:\driver-drowsiness-detection\dataset\train\Closed\_566.jpg,Closed,0
D:\driver-drowsiness-detection\dataset\train\Open\_285.jpg,Open,1
D:\driver-drowsiness-detection\dataset\train\Open\_309.jpg,Open,1
D:\driver-drowsiness-detection\dataset\train\Open\_649.jpg,Open,1
D:\driver-drowsiness-detection\dataset\train\no_yawn\1173.jpg,no_yawn,2
D:\driver-drowsiness-detection\dataset\train\no_yawn\2464.jpg,no_yawn,2
D:\driver-drowsiness-detection\dataset\train\Open\_643.jpg,Open,1
D:\driver-drowsiness-detection\dataset\train\yawn\144.jpg,yawn,3
D:\driver-drowsiness-detection\dataset\train\no_yawn\2430.jpg,no_yawn,2
D:\driver-drowsiness-detection\dataset\train\no_yawn\552.jpg,no_yawn,2
D:\driver-drowsiness-detection\dataset\train\Open\_584.jpg,Open,1
D:\driver-drowsiness-detection\dataset\train\Open\_515.jpg,Open,1
D:\driver-drowsiness-detection\dataset\train\Open\_141.jpg,Open,1
D:\driver-drowsiness-detection\dataset\train\yawn\576.jpg,yawn,3
D:\driver-drowsiness-detection\dataset\train\Closed\_50.jpg,Closed,0
D:\driver-drowsiness-detection\dataset\train\yawn\101.jpg,yawn,3
D:\driver-drowsiness-detection\dataset\train\Open\_33.jpg,Open,1
D:\driver-drowsiness-detection\dataset\train\yawn\366.jpg,yawn,3
D:\driver-drowsiness-detection\dataset\train\yawn\390.jpg,yawn,3
D:\driver-drowsiness-detection\dataset\train\Open\_511.jpg,Open,1
D:\driver-drowsiness-detection\dataset\train\no_yawn\1936.jpg,no_yawn,2
D:\driver-drowsiness-detection\dataset\train\Closed\_55.jpg,Closed,0
D:\driver-drowsiness-detection\dataset\train\no_yawn\1111.jpg,no_yawn,2
D:\driver-drowsiness-detection\dataset\train\Closed\_121.jpg,Closed,0
D:\driver-drowsiness-detection\dataset\train\Closed\_236.jpg,Closed,0
D:\driver-drowsiness-detection\dataset\train\Open\_354.jpg,Open,1
D:\driver-drowsiness-detection\dataset\train\Closed\_128.jpg,Closed,0
D:\driver-drowsiness-detection\dataset\train\no_yawn\1062.jpg,no_yawn,2
D:\driver-drowsiness-detection\dataset\train\Open\_508.jpg,Open,1
D:\driver-drowsiness-detection\dataset\train\yawn\375.jpg,yawn,3
D:\driver-drowsiness-detection\dataset\train\Closed\_153.jpg,Closed,0
D:\driver-drowsiness-detection\dataset\train\Closed\_619.jpg,Closed,0
D:\driver-drowsiness-detection\dataset\train\yawn\433.jpg,yawn,3
D:\driver-drowsiness-detection\dataset\train\Closed\_281.jpg,Closed,0
D:\driver-drowsiness-detection\dataset\train\Closed\_706.jpg,Closed,0
D:\driver-drowsiness-detection\dataset\train\Open\_531.jpg,Open,1
D:\driver-drowsiness-detection\dataset\train\Open\_37.jpg,Open,1
D:\driver-drowsiness-detection\dataset\train\no_yawn\218.jpg,no_yawn,2
D:\driver-drowsiness-detection\dataset\train\Closed\_436.jpg,Closed,0
D:\driver-drowsiness-detection\dataset\train\Open\_382.jpg,Open,1
D:\driver-drowsiness-detection\dataset\train\yawn\84.jpg,yawn,3
D:\driver-drowsiness-detection\dataset\train\Closed\_569.jpg,Closed,0
D:\driver-drowsiness-detection\dataset\train\yawn\139.jpg,yawn,3
D:\driver-drowsiness-detection\dataset\train\yawn\62.jpg,yawn,3
D:\driver-drowsiness-detection\dataset\train\yawn\498.jpg,yawn,3
D:\driver-drowsiness-detection\dataset\train\no_yawn\1492.jpg,no_yawn,2
D:\driver-drowsiness-detection\dataset\train\Open\_254.jpg,Open,1
D:\driver-drowsiness-detection\dataset\train\Closed\_10.jpg,Closed,0
D:\driver-drowsiness-detection\dataset\train\yawn\187.jpg,yawn,3
D:\driver-drowsiness-detection\dataset\train\Closed\_109.jpg,Closed,0
D:\driver-drowsiness-detection\dataset\train\yawn\345.jpg,yawn,3
D:\driver-drowsiness-detection\dataset\train\no_yawn\1950.jpg,no_yawn,2
D:\driver-drowsiness-detection\dataset\train\Closed\_394.jpg,Closed,0
D:\driver-drowsiness-detection\dataset\train\no_yawn\1376.jpg,no_yawn,2
D:\driver-drowsiness-detection\dataset\train\Open\_151.jpg,Open,1
D:\driver-drowsiness-detection\dataset\train\yawn\278.jpg,yawn,3
D:\driver-drowsiness-detection\dataset\train\no_yawn\2371.jpg,no_yawn,2
D:\driver-drowsiness-detection\dataset\train\Closed\_705.jpg,Closed,0
D:\driver-drowsiness-detection\dataset\train\Open\_365.jpg,Open,1
D:\driver-drowsiness-detection\dataset\train\Open\_659.jpg,Open,1
D:\driver-drowsiness-detection\dataset\train\yawn\277.jpg,yawn,3
D:\driver-drowsiness-detection\dataset\train\Closed\_499.jpg,Closed,0
D:\driver-drowsiness-detection\dataset\train\Closed\_260.jpg,Closed,0
D:\driver-drowsiness-detection\dataset\train\yawn\534.jpg,yawn,3
D:\driver-drowsiness-detection\dataset\train\Open\_658.jpg,Open,1
D:\driver-drowsiness-detection\dataset\train\Open\_364.jpg,Open,1
D:\driver-drowsiness-detection\dataset\train\yawn\556.jpg,yawn,3
D:\driver-drowsiness-detection\dataset\train\Closed\_635.jpg,Closed,0
D:\driver-drowsiness-detection\dataset\train\Closed\_642.jpg,Closed,0
D:\driver-drowsiness-detection\dataset\train\Open\_401.jpg,Open,1
D:\driver-drowsiness-detection\dataset\train\yawn\445.jpg,yawn,3
D:\driver-drowsiness-detection\dataset\train\Closed\_469.jpg,Closed,0
D:\driver-drowsiness-detection\dataset\train\yawn\60.jpg,yawn,3
D:\driver-drowsiness-detection\dataset\train\Closed\_182.jpg,Closed,0
D:\driver-drowsiness-detection\dataset\train\yawn\333.jpg,yawn,3
D:\driver-drowsiness-detection\dataset\train\Closed\_126.jpg,Closed,0
D:\driver-drowsiness-detection\dataset\train\yawn\97.jpg,yawn,3
D:\driver-drowsiness-detection\dataset\train\no_yawn\1324.jpg,no_yawn,2
D:\driver-drowsiness-detection\dataset\train\Open\_268.jpg,Open,1
D:\driver-drowsiness-detection\dataset\train\Open\_671.jpg,Open,1
D:\driver-drowsiness-detection\dataset\train\Closed\_572.jpg,Closed,0
D:\driver-drowsiness-detection\dataset\train\Open\_160.jpg,Open,1
D:\driver-drowsiness-detection\dataset\train\no_yawn\991.jpg,no_yawn,2
D:\driver-drowsiness-detection\dataset\train\no_yawn\332.jpg,no_yawn,2
D:\driver-drowsiness-detection\dataset\train\Open\_703.jpg,Open,1
D:\driver-drowsiness-detection\dataset\train\yawn\430.jpg,yawn,3
D:\driver-drowsiness-detection\dataset\train\no_yawn\481.jpg,no_yawn,2
D:\driver-drowsiness-detection\dataset\train\yawn\642.jpg,yawn,3
D:\driver-drowsiness-detection\dataset\train\no_yawn\2349.jpg,no_yawn,2
D:\driver-drowsiness-detection\dataset\train\Closed\_624.jpg,Closed,0
D:\driver-drowsiness-detection\dataset\train\Open\_444.jpg,Open,1
D:\driver-drowsiness-detection\dataset\train\Open\_278.jpg,Open,1
D:\driver-drowsiness-detection\dataset\train\yawn\702.jpg,yawn,3
D:\driver-drowsiness-detection\dataset\train\yawn\24.jpg,yawn,3
D:\driver-drowsiness-detection\dataset\train\no_yawn\315.jpg,no_yawn,2
D:\driver-drowsiness-detection\dataset\train\Closed\_42.jpg,Closed,0
D:\driver-drowsiness-detection\dataset\train\Closed\_385.jpg,Closed,0
D:\driver-drowsiness-detection\dataset\train\yawn\344.jpg,yawn,3
D:\driver-drowsiness-detection\dataset\train\Open\_164.jpg,Open,1
D:\driver-drowsiness-detection\dataset\train\no_yawn\253.jpg,no_yawn,2
D:\driver-drowsiness-detection\dataset\train\Open\_684.jpg,Open,1
D:\driver-drowsiness-detection\dataset\train\no_yawn\2136.jpg,no_yawn,2
D:\driver-drowsiness-detection\dataset\train\Closed\_302.jpg,Closed,0
D:\driver-drowsiness-detection\dataset\train\Open\_233.jpg,Open,1
D:\driver-drowsiness-detection\dataset\train\Closed\_516.jpg,Closed,0
D:\driver-drowsiness-detection\dataset\train\Open\_626.jpg,Open,1
D:\driver-drowsiness-detection\dataset\train\Closed\_56.jpg,Closed,0
D:\driver-drowsiness-detection\dataset\train\no_yawn\2356.jpg,no_yawn,2
D:\driver-drowsiness-detection\dataset\train\Closed\_218.jpg,Closed,0
D:\driver-drowsiness-detection\dataset\train\Open\_432.jpg,Open,1
D:\driver-drowsiness-detection\dataset\train\no_yawn\1008.jpg,no_yawn,2
D:\driver-drowsiness-detection\dataset\train\Open\_231.jpg,Open,1
D:\driver-drowsiness-detection\dataset\train\no_yawn\615.jpg,no_yawn,2
D:\driver-drowsiness-detection\dataset\train\Open\_108.jpg,Open,1
D:\driver-drowsiness-detection\dataset\train\no_yawn\1172.jpg,no_yawn,2
D:\driver-drowsiness-detection\dataset\train\Open\_117.jpg,Open,1
D:\driver-drowsiness-detection\dataset\train\yawn\380.jpg,yawn,3
D:\driver-drowsiness-detection\dataset\train\yawn\434.jpg,yawn,3
D:\driver-drowsiness-detection\dataset\train\no_yawn\994.jpg,no_yawn,2
D:\driver-drowsiness-detection\dataset\train\Closed\_14.jpg,Closed,0
D:\driver-drowsiness-detection\dataset\train\yawn\638.jpg,yawn,3
D:\driver-drowsiness-detection\dataset\train\Open\_201.jpg,Open,1
D:\driver-drowsiness-detection\dataset\train\Closed\_487.jpg,Closed,0
D:\driver-drowsiness-detection\dataset\train\yawn\220.jpg,yawn,3
D:\driver-drowsiness-detection\dataset\train\yawn\503.jpg,yawn,3
D:\driver-drowsiness-detection\dataset\train\no_yawn\436.jpg,no_yawn,2
D:\driver-drowsiness-detection\dataset\train\Closed\_448.jpg,Closed,0
D:\driver-drowsiness-detection\dataset\train\Closed\_666.jpg,Closed,0
D:\driver-drowsiness-detection\dataset\train\no_yawn\1689.jpg,no_yawn,2
D:\driver-drowsiness-detection\dataset\train\no_yawn\1510.jpg,no_yawn,2
D:\driver-drowsiness-detection\dataset\train\Open\_32.jpg,Open,1
D:\driver-drowsiness-detection\dataset\train\Open\_326.jpg,Open,1
D:\driver-drowsiness-detection\dataset\train\no_yawn\1864.jpg,no_yawn,2
D:\driver-drowsiness-detection\dataset\train\no_yawn\375.jpg,no_yawn,2
D:\driver-drowsiness-detection\dataset\train\Open\_547.jpg,Open,1
D:\driver-drowsiness-detection\dataset\train\no_yawn\1247.jpg,no_yawn,2
D:\driver-drowsiness-detection\dataset\train\no_yawn\1706.jpg,no_yawn,2
D:\driver-drowsiness-detection\dataset\train\Closed\_29.jpg,Closed,0
D:\driver-drowsiness-detection\dataset\train\yawn\570.jpg,yawn,3
D:\driver-drowsiness-detection\dataset\train\no_yawn\2032.jpg,no_yawn,2
D:\driver-drowsiness-detection\dataset\train\Closed\_598.jpg,Closed,0
D:\driver-drowsiness-detection\dataset\train\yawn\13.jpg,yawn,3
D:\driver-drowsiness-detection\dataset\train\Open\_466.jpg,Open,1
D:\driver-drowsiness-detection\dataset\train\Closed\_723.jpg,Closed,0
D:\driver-drowsiness-detection\dataset\train\Open\_616.jpg,Open,1
D:\driver-drowsiness-detection\dataset\train\yawn\684.jpg,yawn,3
D:\driver-drowsiness-detection\dataset\train\Closed\_568.jpg,Closed,0
D:\driver-drowsiness-detection\dataset\train\Closed\_620.jpg,Closed,0
D:\driver-drowsiness-detection\dataset\train\Closed\_559.jpg,Closed,0
D:\driver-drowsiness-detection\dataset\train\no_yawn\202.jpg,no_yawn,2
D:\driver-drowsiness-detection\dataset\train\no_yawn\2478.jpg,no_yawn,2
D:\driver-drowsiness-detection\dataset\train\yawn\713.jpg,yawn,3
D:\driver-drowsiness-detection\dataset\train\yawn\151.jpg,yawn,3
D:\driver-drowsiness-detection\dataset\train\Open\_481.jpg,Open,1
D:\driver-drowsiness-detection\dataset\train\yawn\292.jpg,yawn,3
D:\driver-drowsiness-detection\dataset\train\Open\_172.jpg,Open,1
D:\driver-drowsiness-detection\dataset\train\no_yawn\983.jpg,no_yawn,2
D:\driver-drowsiness-detection\dataset\train\no_yawn\2548.jpg,no_yawn,2
D:\driver-drowsiness-detection\dataset\train\no_yawn\2538.jpg,no_yawn,2
D:\driver-drowsiness-detection\dataset\train\no_yawn\1368.jpg,no_yawn,2
D:\driver-drowsiness-detection\dataset\train\yawn\264.jpg,yawn,3
D:\driver-drowsiness-detection\dataset\train\Open\_469.jpg,Open,1
D:\driver-drowsiness-detection\dataset\train\Open\_77.jpg,Open,1
D:\driver-drowsiness-detection\dataset\train\Closed\_349.jpg,Closed,0
D:\driver-drowsiness-detection\dataset\train\no_yawn\962.jpg,no_yawn,2
D:\driver-drowsiness-detection\dataset\train\yawn\580.jpg,yawn,3
D:\driver-drowsiness-detection\dataset\train\Closed\_416.jpg,Closed,0
D:\driver-drowsiness-detection\dataset\train\no_yawn\546.jpg,no_yawn,2
D:\driver-drowsiness-detection\dataset\train\yawn\718.jpg,yawn,3
D:\driver-drowsiness-detection\dataset\train\no_yawn\149.jpg,no_yawn,2
D:\driver-drowsiness-detection\dataset\train\yawn\548.jpg,yawn,3
D:\driver-drowsiness-detection\dataset\train\Open\_471.jpg,Open,1
D:\driver-drowsiness-detection\dataset\train\yawn\330.jpg,yawn,3
D:\driver-drowsiness-detection\dataset\train\no_yawn\2341.jpg,no_yawn,2
D:\driver-drowsiness-detection\dataset\train\Closed\_715.jpg,Closed,0
D:\driver-drowsiness-detection\dataset\train\Closed\_555.jpg,Closed,0
D:\driver-drowsiness-detection\dataset\train\yawn\720.jpg,yawn,3
D:\driver-drowsiness-detection\dataset\train\no_yawn\77.jpg,no_yawn,2
D:\driver-drowsiness-detection\dataset\train\Closed\_285.jpg,Closed,0
D:\driver-drowsiness-detection\dataset\train\yawn\480.jpg,yawn,3
D:\driver-drowsiness-detection\dataset\train\yawn\14.jpg,yawn,3
D:\driver-drowsiness-detection\dataset\train\Closed\_438.jpg,Closed,0
D:\driver-drowsiness-detection\dataset\train\Closed\_210.jpg,Closed,0
D:\driver-drowsiness-detection\dataset\train\Open\_328.jpg,Open,1
D:\driver-drowsiness-detection\dataset\train\no_yawn\1411.jpg,no_yawn,2
D:\driver-drowsiness-detection\dataset\train\Closed\_256.jpg,Closed,0
D:\driver-drowsiness-detection\dataset\train\Open\_111.jpg,Open,1
D:\driver-drowsiness-detection\dataset\train\Closed\_52.jpg,Closed,0
D:\driver-drowsiness-detection\dataset\train\no_yawn\2091.jpg,no_yawn,2
D:\driver-drowsiness-detection\dataset\train\Open\_708.jpg,Open,1
D:\driver-drowsiness-detection\dataset\train\Closed\_82.jpg,Closed,0
D:\driver-drowsiness-detection\dataset\train\Closed\_697.jpg,Closed,0
D:\driver-drowsiness-detection\dataset\train\Open\_612.jpg,Open,1
D:\driver-drowsiness-detection\dataset\train\yawn\83.jpg,yawn,3
D:\driver-drowsiness-detection\dataset\train\Closed\_159.jpg,Closed,0
D:\driver-drowsiness-detection\dataset\train\Closed\_49.jpg,Closed,0
D:\driver-drowsiness-detection\dataset\train\Closed\_155.jpg,Closed,0
D:\driver-drowsiness-detection\dataset\train\no_yawn\787.jpg,no_yawn,2
D:\driver-drowsiness-detection\dataset\train\Open\_281.jpg,Open,1
D:\driver-drowsiness-detection\dataset\train\no_yawn\830.jpg,no_yawn,2
D:\driver-drowsiness-detection\dataset\train\Closed\_135.jpg,Closed,0
D:\driver-drowsiness-detection\dataset\train\yawn\106.jpg,yawn,3
D:\driver-drowsiness-detection\dataset\train\Closed\_481.jpg,Closed,0
D:\driver-drowsiness-detection\dataset\train\Open\_209.jpg,Open,1
D:\driver-drowsiness-detection\dataset\train\no_yawn\1374.jpg,no_yawn,2
D:\driver-drowsiness-detection\dataset\train\Closed\_461.jpg,Closed,0
D:\driver-drowsiness-detection\dataset\train\Open\_567.jpg,Open,1
D:\driver-drowsiness-detection\dataset\train\yawn\39.jpg,yawn,3
D:\driver-drowsiness-detection\dataset\train\no_yawn\2586.jpg,no_yawn,2
D:\driver-drowsiness-detection\dataset\train\yawn\621.jpg,yawn,3
D:\driver-drowsiness-detection\dataset\train\Closed\_25.jpg,Closed,0
D:\driver-drowsiness-detection\dataset\train\no_yawn\571.jpg,no_yawn,2
D:\driver-drowsiness-detection\dataset\train\Closed\_43.jpg,Closed,0
D:\driver-drowsiness-detection\dataset\train\no_yawn\1499.jpg,no_yawn,2
D:\driver-drowsiness-detection\dataset\train\yawn\521.jpg,yawn,3
D:\driver-drowsiness-detection\dataset\train\yawn\530.jpg,yawn,3
D:\driver-drowsiness-detection\dataset\train\no_yawn\2056.jpg,no_yawn,2
D:\driver-drowsiness-detection\dataset\train\yawn\687.jpg,yawn,3
D:\driver-drowsiness-detection\dataset\train\Closed\_717.jpg,Closed,0
D:\driver-drowsiness-detection\dataset\train\yawn\43.jpg,yawn,3
D:\driver-drowsiness-detection\dataset\train\Closed\_611.jpg,Closed,0
D:\driver-drowsiness-detection\dataset\train\yawn\49.jpg,yawn,3
D:\driver-drowsiness-detection\dataset\train\Open\_456.jpg,Open,1
D:\driver-drowsiness-detection\dataset\train\Open\_611.jpg,Open,1
D:\driver-drowsiness-detection\dataset\train\yawn\308.jpg,yawn,3
D:\driver-drowsiness-detection\dataset\train\no_yawn\6.jpg,no_yawn,2
D:\driver-drowsiness-detection\dataset\train\yawn\4.jpg,yawn,3
D:\driver-drowsiness-detection\dataset\train\no_yawn\1946.jpg,no_yawn,2
D:\driver-drowsiness-detection\dataset\train\no_yawn\1246.jpg,no_yawn,2
D:\driver-drowsiness-detection\dataset\train\no_yawn\982.jpg,no_yawn,2
D:\driver-drowsiness-detection\dataset\train\Open\_87.jpg,Open,1
D:\driver-drowsiness-detection\dataset\train\Closed\_374.jpg,Closed,0
D:\driver-drowsiness-detection\dataset\train\Closed\_146.jpg,Closed,0
D:\driver-drowsiness-detection\dataset\train\yawn\324.jpg,yawn,3
D:\driver-drowsiness-detection\dataset\train\Open\_116.jpg,Open,1
D:\driver-drowsiness-detection\dataset\train\Open\_540.jpg,Open,1
D:\driver-drowsiness-detection\dataset\train\yawn\602.jpg,yawn,3
D:\driver-drowsiness-detection\dataset\train\no_yawn\482.jpg,no_yawn,2
D:\driver-drowsiness-detection\dataset\train\Open\_286.jpg,Open,1
D:\driver-drowsiness-detection\dataset\train\Open\_191.jpg,Open,1
D:\driver-drowsiness-detection\dataset\train\Closed\_686.jpg,Closed,0
D:\driver-drowsiness-detection\dataset\train\yawn\74.jpg,yawn,3
D:\driver-drowsiness-detection\dataset\train\Closed\_646.jpg,Closed,0
D:\driver-drowsiness-detection\dataset\train\yawn\3.jpg,yawn,3
D:\driver-drowsiness-detection\dataset\train\yawn\651.jpg,yawn,3
D:\driver-drowsiness-detection\dataset\train\yawn\422.jpg,yawn,3
D:\driver-drowsiness-detection\dataset\train\Open\_315.jpg,Open,1
D:\driver-drowsiness-detection\dataset\train\Open\_235.jpg,Open,1
D:\driver-drowsiness-detection\dataset\train\Closed\_165.jpg,Closed,0
D:\driver-drowsiness-detection\dataset\train\Closed\_250.jpg,Closed,0
D:\driver-drowsiness-detection\dataset\train\yawn\389.jpg,yawn,3
D:\driver-drowsiness-detection\dataset\train\no_yawn\1653.jpg,no_yawn,2
D:\driver-drowsiness-detection\dataset\train\Closed\_157.jpg,Closed,0
D:\driver-drowsiness-detection\dataset\train\Open\_457.jpg,Open,1
D:\driver-drowsiness-detection\dataset\train\Open\_277.jpg,Open,1
D:\driver-drowsiness-detection\dataset\train\Closed\_584.jpg,Closed,0
D:\driver-drowsiness-detection\dataset\train\Closed\_707.jpg,Closed,0
D:\driver-drowsiness-detection\dataset\train\Open\_48.jpg,Open,1
D:\driver-drowsiness-detection\dataset\train\no_yawn\1537.jpg,no_yawn,2
D:\driver-drowsiness-detection\dataset\train\Open\_526.jpg,Open,1
D:\driver-drowsiness-detection\dataset\train\yawn\123.jpg,yawn,3
D:\driver-drowsiness-detection\dataset\train\Open\_516.jpg,Open,1
D:\driver-drowsiness-detection\dataset\train\yawn\122.jpg,yawn,3
D:\driver-drowsiness-detection\dataset\train\yawn\147.jpg,yawn,3
D:\driver-drowsiness-detection\dataset\train\Open\_505.jpg,Open,1
D:\driver-drowsiness-detection\dataset\train\Closed\_424.jpg,Closed,0
D:\driver-drowsiness-detection\dataset\train\Closed\_104.jpg,Closed,0
D:\driver-drowsiness-detection\dataset\train\Open\_28.jpg,Open,1
D:\driver-drowsiness-detection\dataset\train\Open\_187.jpg,Open,1
D:\driver-drowsiness-detection\dataset\train\Closed\_698.jpg,Closed,0
D:\driver-drowsiness-detection\dataset\train\Closed\_379.jpg,Closed,0
D:\driver-drowsiness-detection\dataset\train\Open\_318.jpg,Open,1
D:\driver-drowsiness-detection\dataset\train\Open\_560.jpg,Open,1
D:\driver-drowsiness-detection\dataset\train\Closed\_288.jpg,Closed,0
D:\driver-drowsiness-detection\dataset\train\yawn\100.jpg,yawn,3
D:\driver-drowsiness-detection\dataset\train\no_yawn\2358.jpg,no_yawn,2
D:\driver-drowsiness-detection\dataset\train\yawn\112.jpg,yawn,3
D:\driver-drowsiness-detection\dataset\train\Open\_35.jpg,Open,1
D:\driver-drowsiness-detection\dataset\train\no_yawn\176.jpg,no_yawn,2
D:\driver-drowsiness-detection\dataset\train\yawn\158.jpg,yawn,3
D:\driver-drowsiness-detection\dataset\train\Open\_449.jpg,Open,1
D:\driver-drowsiness-detection\dataset\train\no_yawn\760.jpg,no_yawn,2
D:\driver-drowsiness-detection\dataset\train\no_yawn\560.jpg,no_yawn,2
D:\driver-drowsiness-detection\dataset\train\yawn\676.jpg,yawn,3
D:\driver-drowsiness-detection\dataset\train\no_yawn\1362.jpg,no_yawn,2
D:\driver-drowsiness-detection\dataset\train\Open\_349.jpg,Open,1
D:\driver-drowsiness-detection\dataset\train\Closed\_3.jpg,Closed,0
D:\driver-drowsiness-detection\dataset\train\Closed\_206.jpg,Closed,0
D:\driver-drowsiness-detection\dataset\train\yawn\94.jpg,yawn,3
D:\driver-drowsiness-detection\dataset\train\no_yawn\490.jpg,no_yawn,2
D:\driver-drowsiness-detection\dataset\train\no_yawn\433.jpg,no_yawn,2
D:\driver-drowsiness-detection\dataset\train\Closed\_388.jpg,Closed,0
D:\driver-drowsiness-detection\dataset\train\no_yawn\205.jpg,no_yawn,2
D:\driver-drowsiness-detection\dataset\train\Open\_447.jpg,Open,1
D:\driver-drowsiness-detection\dataset\train\Closed\_205.jpg,Closed,0
D:\driver-drowsiness-detection\dataset\train\no_yawn\1570.jpg,no_yawn,2
D:\driver-drowsiness-detection\dataset\train\no_yawn\317.jpg,no_yawn,2
D:\driver-drowsiness-detection\dataset\train\yawn\648.jpg,yawn,3
D:\driver-drowsiness-detection\dataset\train\Closed\_378.jpg,Closed,0
D:\driver-drowsiness-detection\dataset\train\no_yawn\931.jpg,no_yawn,2
D:\driver-drowsiness-detection\dataset\train\no_yawn\2070.jpg,no_yawn,2
D:\driver-drowsiness-detection\dataset\train\Closed\_118.jpg,Closed,0
D:\driver-drowsiness-detection\dataset\train\no_yawn\24.jpg,no_yawn,2
D:\driver-drowsiness-detection\dataset\train\yawn\142.jpg,yawn,3
D:\driver-drowsiness-detection\dataset\train\no_yawn\217.jpg,no_yawn,2
D:\driver-drowsiness-detection\dataset\train\Open\_17.jpg,Open,1
D:\driver-drowsiness-detection\dataset\train\yawn\550.jpg,yawn,3
D:\driver-drowsiness-detection\dataset\train\Open\_636.jpg,Open,1
D:\driver-drowsiness-detection\dataset\train\no_yawn\1050.jpg,no_yawn,2
D:\driver-drowsiness-detection\dataset\train\Closed\_274.jpg,Closed,0
D:\driver-drowsiness-detection\dataset\train\yawn\65.jpg,yawn,3
D:\driver-drowsiness-detection\dataset\train\Open\_675.jpg,Open,1
D:\driver-drowsiness-detection\dataset\train\no_yawn\2518.jpg,no_yawn,2
D:\driver-drowsiness-detection\dataset\train\no_yawn\467.jpg,no_yawn,2
D:\driver-drowsiness-detection\dataset\train\yawn\29.jpg,yawn,3
D:\driver-drowsiness-detection\dataset\train\Open\_630.jpg,Open,1
D:\driver-drowsiness-detection\dataset\train\yawn\362.jpg,yawn,3
D:\driver-drowsiness-detection\dataset\train\no_yawn\2199.jpg,no_yawn,2
D:\driver-drowsiness-detection\dataset\train\yawn\377.jpg,yawn,3
D:\driver-drowsiness-detection\dataset\train\yawn\523.jpg,yawn,3
D:\driver-drowsiness-detection\dataset\train\yawn\255.jpg,yawn,3
D:\driver-drowsiness-detection\dataset\train\no_yawn\318.jpg,no_yawn,2
D:\driver-drowsiness-detection\dataset\train\yawn\424.jpg,yawn,3
D:\driver-drowsiness-detection\dataset\train\Open\_75.jpg,Open,1
D:\driver-drowsiness-detection\dataset\train\no_yawn\610.jpg,no_yawn,2
D:\driver-drowsiness-detection\dataset\train\no_yawn\1592.jpg,no_yawn,2
D:\driver-drowsiness-detection\dataset\train\Open\_113.jpg,Open,1
D:\driver-drowsiness-detection\dataset\train\Open\_21.jpg,Open,1
D:\driver-drowsiness-detection\dataset\train\yawn\352.jpg,yawn,3
D:\driver-drowsiness-detection\dataset\train\Open\_454.jpg,Open,1
D:\driver-drowsiness-detection\dataset\train\no_yawn\932.jpg,no_yawn,2
D:\driver-drowsiness-detection\dataset\train\Open\_420.jpg,Open,1
D:\driver-drowsiness-detection\dataset\train\no_yawn\773.jpg,no_yawn,2
D:\driver-drowsiness-detection\dataset\train\no_yawn\782.jpg,no_yawn,2
D:\driver-drowsiness-detection\dataset\train\no_yawn\2400.jpg,no_yawn,2
D:\driver-drowsiness-detection\dataset\train\yawn\697.jpg,yawn,3
D:\driver-drowsiness-detection\dataset\train\yawn\639.jpg,yawn,3
D:\driver-drowsiness-detection\dataset\train\Closed\_144.jpg,Closed,0
D:\driver-drowsiness-detection\dataset\train\no_yawn\1543.jpg,no_yawn,2
D:\driver-drowsiness-detection\dataset\train\yawn\624.jpg,yawn,3
D:\driver-drowsiness-detection\dataset\train\yawn\280.jpg,yawn,3
D:\driver-drowsiness-detection\dataset\train\Open\_65.jpg,Open,1
D:\driver-drowsiness-detection\dataset\train\Closed\_533.jpg,Closed,0
D:\driver-drowsiness-detection\dataset\train\Closed\_571.jpg,Closed,0
D:\driver-drowsiness-detection\dataset\train\Closed\_634.jpg,Closed,0
D:\driver-drowsiness-detection\dataset\train\Open\_121.jpg,Open,1
D:\driver-drowsiness-detection\dataset\train\Open\_40.jpg,Open,1
D:\driver-drowsiness-detection\dataset\train\Closed\_532.jpg,Closed,0
D:\driver-drowsiness-detection\dataset\train\Closed\_622.jpg,Closed,0
D:\driver-drowsiness-detection\dataset\train\no_yawn\2224.jpg,no_yawn,2
D:\driver-drowsiness-detection\dataset\train\no_yawn\1132.jpg,no_yawn,2
D:\driver-drowsiness-detection\dataset\train\yawn\250.jpg,yawn,3
D:\driver-drowsiness-detection\dataset\train\no_yawn\1558.jpg,no_yawn,2
D:\driver-drowsiness-detection\dataset\train\yawn\700.jpg,yawn,3
D:\driver-drowsiness-detection\dataset\train\Closed\_353.jpg,Closed,0
D:\driver-drowsiness-detection\dataset\train\Closed\_161.jpg,Closed,0
D:\driver-drowsiness-detection\dataset\train\Open\_607.jpg,Open,1
D:\driver-drowsiness-detection\dataset\train\yawn\68.jpg,yawn,3
D:\driver-drowsiness-detection\dataset\train\Open\_483.jpg,Open,1
D:\driver-drowsiness-detection\dataset\train\no_yawn\1203.jpg,no_yawn,2
D:\driver-drowsiness-detection\dataset\train\Open\_543.jpg,Open,1
D:\driver-drowsiness-detection\dataset\train\Open\_572.jpg,Open,1
D:\driver-drowsiness-detection\dataset\train\yawn\608.jpg,yawn,3
D:\driver-drowsiness-detection\dataset\train\Closed\_15.jpg,Closed,0
D:\driver-drowsiness-detection\dataset\train\Open\_288.jpg,Open,1
D:\driver-drowsiness-detection\dataset\train\no_yawn\174.jpg,no_yawn,2
D:\driver-drowsiness-detection\dataset\train\Closed\_331.jpg,Closed,0
D:\driver-drowsiness-detection\dataset\train\Closed\_16.jpg,Closed,0
D:\driver-drowsiness-detection\dataset\train\no_yawn\1034.jpg,no_yawn,2
D:\driver-drowsiness-detection\dataset\train\no_yawn\1542.jpg,no_yawn,2
D:\driver-drowsiness-detection\dataset\train\no_yawn\2499.jpg,no_yawn,2
D:\driver-drowsiness-detection\dataset\train\no_yawn\1611.jpg,no_yawn,2
D:\driver-drowsiness-detection\dataset\train\Open\_178.jpg,Open,1
D:\driver-drowsiness-detection\dataset\train\Open\_668.jpg,Open,1
D:\driver-drowsiness-detection\dataset\train\yawn\172.jpg,yawn,3
D:\driver-drowsiness-detection\dataset\train\Closed\_90.jpg,Closed,0
D:\driver-drowsiness-detection\dataset\train\yawn\128.jpg,yawn,3
D:\driver-drowsiness-detection\dataset\train\no_yawn\1496.jpg,no_yawn,2
D:\driver-drowsiness-detection\dataset\train\Open\_205.jpg,Open,1
D:\driver-drowsiness-detection\dataset\train\no_yawn\3.jpg,no_yawn,2
D:\driver-drowsiness-detection\dataset\train\no_yawn\9.jpg,no_yawn,2
D:\driver-drowsiness-detection\dataset\train\Closed\_33.jpg,Closed,0
D:\driver-drowsiness-detection\dataset\train\yawn\560.jpg,yawn,3
D:\driver-drowsiness-detection\dataset\train\yawn\634.jpg,yawn,3
D:\driver-drowsiness-detection\dataset\train\no_yawn\2086.jpg,no_yawn,2
D:\driver-drowsiness-detection\dataset\train\yawn\145.jpg,yawn,3
D:\driver-drowsiness-detection\dataset\train\Closed\_58.jpg,Closed,0
D:\driver-drowsiness-detection\dataset\train\Closed\_246.jpg,Closed,0
D:\driver-drowsiness-detection\dataset\train\yawn\296.jpg,yawn,3
D:\driver-drowsiness-detection\dataset\train\yawn\209.jpg,yawn,3
D:\driver-drowsiness-detection\dataset\train\no_yawn\226.jpg,no_yawn,2
D:\driver-drowsiness-detection\dataset\train\no_yawn\639.jpg,no_yawn,2
D:\driver-drowsiness-detection\dataset\train\Closed\_196.jpg,Closed,0
D:\driver-drowsiness-detection\dataset\train\Open\_374.jpg,Open,1
D:\driver-drowsiness-detection\dataset\train\no_yawn\1933.jpg,no_yawn,2
D:\driver-drowsiness-detection\dataset\train\no_yawn\1900.jpg,no_yawn,2
D:\driver-drowsiness-detection\dataset\train\yawn\214.jpg,yawn,3
D:\driver-drowsiness-detection\dataset\train\no_yawn\2157.jpg,no_yawn,2
D:\driver-drowsiness-detection\dataset\train\yawn\599.jpg,yawn,3
D:\driver-drowsiness-detection\dataset\train\yawn\105.jpg,yawn,3
D:\driver-drowsiness-detection\dataset\train\Closed\_423.jpg,Closed,0
D:\driver-drowsiness-detection\dataset\train\Open\_297.jpg,Open,1
D:\driver-drowsiness-detection\dataset\train\no_yawn\1.jpg,no_yawn,2
D:\driver-drowsiness-detection\dataset\train\no_yawn\2537.jpg,no_yawn,2
D:\driver-drowsiness-detection\dataset\train\Open\_431.jpg,Open,1
D:\driver-drowsiness-detection\dataset\train\Closed\_426.jpg,Closed,0
D:\driver-drowsiness-detection\dataset\train\no_yawn\234.jpg,no_yawn,2
D:\driver-drowsiness-detection\dataset\train\Open\_360.jpg,Open,1
D:\driver-drowsiness-detection\dataset\train\Closed\_69.jpg,Closed,0
D:\driver-drowsiness-detection\dataset\train\no_yawn\1867.jpg,no_yawn,2
D:\driver-drowsiness-detection\dataset\train\Open\_8.jpg,Open,1
D:\driver-drowsiness-detection\dataset\train\no_yawn\548.jpg,no_yawn,2
D:\driver-drowsiness-detection\dataset\train\Open\_485.jpg,Open,1
D:\driver-drowsiness-detection\dataset\train\no_yawn\417.jpg,no_yawn,2
D:\driver-drowsiness-detection\dataset\train\no_yawn\2428.jpg,no_yawn,2
D:\driver-drowsiness-detection\dataset\train\Open\_690.jpg,Open,1
D:\driver-drowsiness-detection\dataset\train\Closed\_477.jpg,Closed,0
D:\driver-drowsiness-detection\dataset\train\no_yawn\689.jpg,no_yawn,2
D:\driver-drowsiness-detection\dataset\train\Closed\_151.jpg,Closed,0
D:\driver-drowsiness-detection\dataset\train\Closed\_167.jpg,Closed,0
D:\driver-drowsiness-detection\dataset\train\Closed\_114.jpg,Closed,0
D:\driver-drowsiness-detection\dataset\train\no_yawn\1804.jpg,no_yawn,2
D:\driver-drowsiness-detection\dataset\train\yawn\369.jpg,yawn,3
D:\driver-drowsiness-detection\dataset\train\Closed\_575.jpg,Closed,0
D:\driver-drowsiness-detection\dataset\train\yawn\610.jpg,yawn,3
D:\driver-drowsiness-detection\dataset\train\Closed\_149.jpg,Closed,0
D:\driver-drowsiness-detection\dataset\train\yawn\538.jpg,yawn,3
D:\driver-drowsiness-detection\dataset\train\yawn\419.jpg,yawn,3
D:\driver-drowsiness-detection\dataset\train\yawn\435.jpg,yawn,3
D:\driver-drowsiness-detection\dataset\train\Closed\_700.jpg,Closed,0
D:\driver-drowsiness-detection\dataset\train\no_yawn\446.jpg,no_yawn,2
D:\driver-drowsiness-detection\dataset\train\yawn\115.jpg,yawn,3
D:\driver-drowsiness-detection\dataset\train\Closed\_636.jpg,Closed,0
D:\driver-drowsiness-detection\dataset\train\yawn\353.jpg,yawn,3
D:\driver-drowsiness-detection\dataset\train\no_yawn\1359.jpg,no_yawn,2
D:\driver-drowsiness-detection\dataset\train\yawn\645.jpg,yawn,3
D:\driver-drowsiness-detection\dataset\train\yawn\392.jpg,yawn,3
D:\driver-drowsiness-detection\dataset\train\Closed\_87.jpg,Closed,0
D:\driver-drowsiness-detection\dataset\train\yawn\722.jpg,yawn,3
D:\driver-drowsiness-detection\dataset\train\no_yawn\781.jpg,no_yawn,2
D:\driver-drowsiness-detection\dataset\train\Open\_713.jpg,Open,1
D:\driver-drowsiness-detection\dataset\train\no_yawn\2479.jpg,no_yawn,2
D:\driver-drowsiness-detection\dataset\train\no_yawn\144.jpg,no_yawn,2
D:\driver-drowsiness-detection\dataset\train\Open\_134.jpg,Open,1
D:\driver-drowsiness-detection\dataset\train\no_yawn\1174.jpg,no_yawn,2
D:\driver-drowsiness-detection\dataset\train\Open\_27.jpg,Open,1
D:\driver-drowsiness-detection\dataset\train\Closed\_258.jpg,Closed,0
D:\driver-drowsiness-detection\dataset\train\yawn\438.jpg,yawn,3
D:\driver-drowsiness-detection\dataset\train\no_yawn\2001.jpg,no_yawn,2
D:\driver-drowsiness-detection\dataset\train\no_yawn\1214.jpg,no_yawn,2
D:\driver-drowsiness-detection\dataset\train\Closed\_173.jpg,Closed,0
D:\driver-drowsiness-detection\dataset\train\Open\_324.jpg,Open,1
D:\driver-drowsiness-detection\dataset\train\Closed\_22.jpg,Closed,0
D:\driver-drowsiness-detection\dataset\train\no_yawn\988.jpg,no_yawn,2
D:\driver-drowsiness-detection\dataset\train\yawn\714.jpg,yawn,3
D:\driver-drowsiness-detection\dataset\train\Closed\_171.jpg,Closed,0
D:\driver-drowsiness-detection\dataset\train\no_yawn\788.jpg,no_yawn,2
D:\driver-drowsiness-detection\dataset\train\yawn\189.jpg,yawn,3
D:\driver-drowsiness-detection\dataset\train\yawn\455.jpg,yawn,3
D:\driver-drowsiness-detection\dataset\train\Open\_686.jpg,Open,1
D:\driver-drowsiness-detection\dataset\train\no_yawn\2604.jpg,no_yawn,2
D:\driver-drowsiness-detection\dataset\train\yawn\266.jpg,yawn,3
D:\driver-drowsiness-detection\dataset\train\Closed\_554.jpg,Closed,0
D:\driver-drowsiness-detection\dataset\train\Open\_176.jpg,Open,1
D:\driver-drowsiness-detection\dataset\train\Closed\_329.jpg,Closed,0
D:\driver-drowsiness-detection\dataset\train\yawn\471.jpg,yawn,3
D:\driver-drowsiness-detection\dataset\train\no_yawn\432.jpg,no_yawn,2
D:\driver-drowsiness-detection\dataset\train\no_yawn\2346.jpg,no_yawn,2
D:\driver-drowsiness-detection\dataset\train\Closed\_351.jpg,Closed,0
D:\driver-drowsiness-detection\dataset\train\no_yawn\371.jpg,no_yawn,2
D:\driver-drowsiness-detection\dataset\train\Open\_557.jpg,Open,1
D:\driver-drowsiness-detection\dataset\train\yawn\37.jpg,yawn,3
D:\driver-drowsiness-detection\dataset\train\yawn\347.jpg,yawn,3
D:\driver-drowsiness-detection\dataset\train\yawn\611.jpg,yawn,3
D:\driver-drowsiness-detection\dataset\train\yawn\618.jpg,yawn,3
D:\driver-drowsiness-detection\dataset\train\yawn\110.jpg,yawn,3
D:\driver-drowsiness-detection\dataset\train\Open\_490.jpg,Open,1
D:\driver-drowsiness-detection\dataset\train\Open\_706.jpg,Open,1
D:\driver-drowsiness-detection\dataset\train\no_yawn\1781.jpg,no_yawn,2
D:\driver-drowsiness-detection\dataset\train\Closed\_133.jpg,Closed,0
D:\driver-drowsiness-detection\dataset\train\yawn\537.jpg,yawn,3
D:\driver-drowsiness-detection\dataset\train\no_yawn\1133.jpg,no_yawn,2
D:\driver-drowsiness-detection\dataset\train\Open\_721.jpg,Open,1
D:\driver-drowsiness-detection\dataset\train\Closed\_264.jpg,Closed,0
D:\driver-drowsiness-detection\dataset\train\yawn\681.jpg,yawn,3
D:\driver-drowsiness-detection\dataset\train\no_yawn\213.jpg,no_yawn,2
D:\driver-drowsiness-detection\dataset\train\yawn\42.jpg,yawn,3
D:\driver-drowsiness-detection\dataset\train\yawn\225.jpg,yawn,3
D:\driver-drowsiness-detection\dataset\train\no_yawn\1039.jpg,no_yawn,2
D:\driver-drowsiness-detection\dataset\train\no_yawn\2251.jpg,no_yawn,2
D:\driver-drowsiness-detection\dataset\train\yawn\462.jpg,yawn,3
D:\driver-drowsiness-detection\dataset\train\Open\_119.jpg,Open,1
D:\driver-drowsiness-detection\dataset\train\yawn\607.jpg,yawn,3
D:\driver-drowsiness-detection\dataset\train\Closed\_45.jpg,Closed,0
D:\driver-drowsiness-detection\dataset\train\Open\_596.jpg,Open,1
D:\driver-drowsiness-detection\dataset\train\Closed\_152.jpg,Closed,0
D:\driver-drowsiness-detection\dataset\train\no_yawn\1690.jpg,no_yawn,2
D:\driver-drowsiness-detection\dataset\train\Open\_617.jpg,Open,1
D:\driver-drowsiness-detection\dataset\train\no_yawn\2470.jpg,no_yawn,2
D:\driver-drowsiness-detection\dataset\train\Closed\_474.jpg,Closed,0
D:\driver-drowsiness-detection\dataset\train\no_yawn\2311.jpg,no_yawn,2
D:\driver-drowsiness-detection\dataset\train\Open\_494.jpg,Open,1
D:\driver-drowsiness-detection\dataset\train\yawn\507.jpg,yawn,3
D:\driver-drowsiness-detection\dataset\train\Open\_521.jpg,Open,1
D:\driver-drowsiness-detection\dataset\train\Closed\_125.jpg,Closed,0
D:\driver-drowsiness-detection\dataset\train\Open\_226.jpg,Open,1
D:\driver-drowsiness-detection\dataset\train\Closed\_628.jpg,Closed,0
D:\driver-drowsiness-detection\dataset\train\Open\_1.jpg,Open,1
D:\driver-drowsiness-detection\dataset\train\yawn\637.jpg,yawn,3
D:\driver-drowsiness-detection\dataset\train\Open\_265.jpg,Open,1
D:\driver-drowsiness-detection\dataset\train\Closed\_725.jpg,Closed,0
D:\driver-drowsiness-detection\dataset\train\yawn\30.jpg,yawn,3
D:\driver-drowsiness-detection\dataset\train\no_yawn\26.jpg,no_yawn,2
D:\driver-drowsiness-detection\dataset\train\yawn\291.jpg,yawn,3
D:\driver-drowsiness-detection\dataset\train\no_yawn\557.jpg,no_yawn,2
D:\driver-drowsiness-detection\dataset\train\yawn\631.jpg,yawn,3
D:\driver-drowsiness-detection\dataset\train\no_yawn\2008.jpg,no_yawn,2
D:\driver-drowsiness-detection\dataset\train\Open\_167.jpg,Open,1
D:\driver-drowsiness-detection\dataset\train\Open\_554.jpg,Open,1
D:\driver-drowsiness-detection\dataset\train\yawn\666.jpg,yawn,3
D:\driver-drowsiness-detection\dataset\train\yawn\205.jpg,yawn,3
D:\driver-drowsiness-detection\dataset\train\yawn\468.jpg,yawn,3
D:\driver-drowsiness-detection\dataset\train\Open\_336.jpg,Open,1
D:\driver-drowsiness-detection\dataset\train\Closed\_220.jpg,Closed,0
D:\driver-drowsiness-detection\dataset\train\Open\_361.jpg,Open,1
D:\driver-drowsiness-detection\dataset\train\no_yawn\257.jpg,no_yawn,2
D:\driver-drowsiness-detection\dataset\train\yawn\31.jpg,yawn,3
D:\driver-drowsiness-detection\dataset\train\no_yawn\2152.jpg,no_yawn,2
D:\driver-drowsiness-detection\dataset\train\no_yawn\2547.jpg,no_yawn,2
D:\driver-drowsiness-detection\dataset\train\yawn\78.jpg,yawn,3
D:\driver-drowsiness-detection\dataset\train\yawn\536.jpg,yawn,3
D:\driver-drowsiness-detection\dataset\train\yawn\265.jpg,yawn,3
D:\driver-drowsiness-detection\dataset\train\Closed\_670.jpg,Closed,0
D:\driver-drowsiness-detection\dataset\train\no_yawn\1783.jpg,no_yawn,2
D:\driver-drowsiness-detection\dataset\train\Closed\_66.jpg,Closed,0
D:\driver-drowsiness-detection\dataset\train\no_yawn\231.jpg,no_yawn,2
D:\driver-drowsiness-detection\dataset\train\no_yawn\1802.jpg,no_yawn,2
D:\driver-drowsiness-detection\dataset\train\Closed\_142.jpg,Closed,0
D:\driver-drowsiness-detection\dataset\train\Closed\_72.jpg,Closed,0
D:\driver-drowsiness-detection\dataset\train\Open\_433.jpg,Open,1
D:\driver-drowsiness-detection\dataset\train\Open\_83.jpg,Open,1
D:\driver-drowsiness-detection\dataset\train\Open\_683.jpg,Open,1
D:\driver-drowsiness-detection\dataset\train\no_yawn\2.jpg,no_yawn,2
D:\driver-drowsiness-detection\dataset\train\yawn\201.jpg,yawn,3
D:\driver-drowsiness-detection\dataset\train\Open\_246.jpg,Open,1
D:\driver-drowsiness-detection\dataset\train\Closed\_399.jpg,Closed,0
D:\driver-drowsiness-detection\dataset\train\yawn\429.jpg,yawn,3
D:\driver-drowsiness-detection\dataset\train\no_yawn\758.jpg,no_yawn,2
D:\driver-drowsiness-detection\dataset\train\no_yawn\918.jpg,no_yawn,2
D:\driver-drowsiness-detection\dataset\train\Closed\_630.jpg,Closed,0
D:\driver-drowsiness-detection\dataset\train\no_yawn\992.jpg,no_yawn,2
D:\driver-drowsiness-detection\dataset\train\yawn\294.jpg,yawn,3
D:\driver-drowsiness-detection\dataset\train\Open\_470.jpg,Open,1
D:\driver-drowsiness-detection\dataset\train\Closed\_335.jpg,Closed,0
D:\driver-drowsiness-detection\dataset\train\Open\_439.jpg,Open,1
D:\driver-drowsiness-detection\dataset\train\yawn\431.jpg,yawn,3
D:\driver-drowsiness-detection\dataset\train\Open\_261.jpg,Open,1
D:\driver-drowsiness-detection\dataset\train\no_yawn\2159.jpg,no_yawn,2
D:\driver-drowsiness-detection\dataset\train\Open\_701.jpg,Open,1
D:\driver-drowsiness-detection\dataset\train\yawn\340.jpg,yawn,3
D:\driver-drowsiness-detection\dataset\train\no_yawn\2588.jpg,no_yawn,2
D:\driver-drowsiness-detection\dataset\train\no_yawn\1323.jpg,no_yawn,2
D:\driver-drowsiness-detection\dataset\train\Open\_257.jpg,Open,1
D:\driver-drowsiness-detection\dataset\train\Closed\_226.jpg,Closed,0
D:\driver-drowsiness-detection\dataset\train\Closed\_91.jpg,Closed,0
D:\driver-drowsiness-detection\dataset\train\Closed\_652.jpg,Closed,0
D:\driver-drowsiness-detection\dataset\train\Open\_340.jpg,Open,1
D:\driver-drowsiness-detection\dataset\train\Closed\_405.jpg,Closed,0
D:\driver-drowsiness-detection\dataset\train\Open\_635.jpg,Open,1
D:\driver-drowsiness-detection\dataset\train\yawn\401.jpg,yawn,3
D:\driver-drowsiness-detection\dataset\train\Open\_171.jpg,Open,1
D:\driver-drowsiness-detection\dataset\train\yawn\339.jpg,yawn,3
D:\driver-drowsiness-detection\dataset\train\no_yawn\4.jpg,no_yawn,2
D:\driver-drowsiness-detection\dataset\train\yawn\176.jpg,yawn,3
D:\driver-drowsiness-detection\dataset\train\yawn\364.jpg,yawn,3
D:\driver-drowsiness-detection\dataset\train\yawn\125.jpg,yawn,3
D:\driver-drowsiness-detection\dataset\train\yawn\257.jpg,yawn,3
D:\driver-drowsiness-detection\dataset\train\no_yawn\660.jpg,no_yawn,2
D:\driver-drowsiness-detection\dataset\train\yawn\622.jpg,yawn,3
D:\driver-drowsiness-detection\dataset\train\Closed\_63.jpg,Closed,0
D:\driver-drowsiness-detection\dataset\train\Open\_664.jpg,Open,1
D:\driver-drowsiness-detection\dataset\train\Closed\_312.jpg,Closed,0
D:\driver-drowsiness-detection\dataset\train\no_yawn\1318.jpg,no_yawn,2
D:\driver-drowsiness-detection\dataset\train\no_yawn\658.jpg,no_yawn,2
D:\driver-drowsiness-detection\dataset\train\yawn\12.jpg,yawn,3
D:\driver-drowsiness-detection\dataset\train\no_yawn\146.jpg,no_yawn,2
D:\driver-drowsiness-detection\dataset\train\Open\_393.jpg,Open,1
D:\driver-drowsiness-detection\dataset\train\Closed\_720.jpg,Closed,0
D:\driver-drowsiness-detection\dataset\train\Open\_269.jpg,Open,1
D:\driver-drowsiness-detection\dataset\train\yawn\91.jpg,yawn,3
D:\driver-drowsiness-detection\dataset\train\Closed\_89.jpg,Closed,0
D:\driver-drowsiness-detection\dataset\train\Closed\_88.jpg,Closed,0
D:\driver-drowsiness-detection\dataset\train\Open\_523.jpg,Open,1
D:\driver-drowsiness-detection\dataset\train\Closed\_373.jpg,Closed,0
D:\driver-drowsiness-detection\dataset\train\yawn\501.jpg,yawn,3
D:\driver-drowsiness-detection\dataset\train\Open\_667.jpg,Open,1
D:\driver-drowsiness-detection\dataset\train\yawn\22.jpg,yawn,3
D:\driver-drowsiness-detection\dataset\train\yawn\626.jpg,yawn,3
D:\driver-drowsiness-detection\dataset\train\yawn\52.jpg,yawn,3
D:\driver-drowsiness-detection\dataset\train\yawn\301.jpg,yawn,3
D:\driver-drowsiness-detection\dataset\train\Closed\_699.jpg,Closed,0
D:\driver-drowsiness-detection\dataset\train\no_yawn\2467.jpg,no_yawn,2
D:\driver-drowsiness-detection\dataset\train\Closed\_295.jpg,Closed,0
D:\driver-drowsiness-detection\dataset\train\yawn\449.jpg,yawn,3
D:\driver-drowsiness-detection\dataset\train\Open\_625.jpg,Open,1
D:\driver-drowsiness-detection\dataset\train\Closed\_457.jpg,Closed,0
D:\driver-drowsiness-detection\dataset\train\Open\_367.jpg,Open,1
D:\driver-drowsiness-detection\dataset\train\Closed\_332.jpg,Closed,0
D:\driver-drowsiness-detection\dataset\train\yawn\427.jpg,yawn,3
D:\driver-drowsiness-detection\dataset\train\no_yawn\1134.jpg,no_yawn,2
D:\driver-drowsiness-detection\dataset\train\Closed\_212.jpg,Closed,0
D:\driver-drowsiness-detection\dataset\train\Closed\_115.jpg,Closed,0
D:\driver-drowsiness-detection\dataset\train\no_yawn\1629.jpg,no_yawn,2
D:\driver-drowsiness-detection\dataset\train\no_yawn\2463.jpg,no_yawn,2
D:\driver-drowsiness-detection\dataset\train\Open\_573.jpg,Open,1
D:\driver-drowsiness-detection\dataset\train\Closed\_277.jpg,Closed,0
D:\driver-drowsiness-detection\dataset\train\Closed\_435.jpg,Closed,0
D:\driver-drowsiness-detection\dataset\train\yawn\540.jpg,yawn,3
D:\driver-drowsiness-detection\dataset\train\yawn\116.jpg,yawn,3
D:\driver-drowsiness-detection\dataset\train\Open\_91.jpg,Open,1
D:\driver-drowsiness-detection\dataset\train\yawn\87.jpg,yawn,3
D:\driver-drowsiness-detection\dataset\train\yawn\555.jpg,yawn,3
D:\driver-drowsiness-detection\dataset\train\no_yawn\2230.jpg,no_yawn,2
D:\driver-drowsiness-detection\dataset\train\no_yawn\488.jpg,no_yawn,2
D:\driver-drowsiness-detection\dataset\train\yawn\425.jpg,yawn,3
D:\driver-drowsiness-detection\dataset\train\yawn\235.jpg,yawn,3
D:\driver-drowsiness-detection\dataset\train\no_yawn\578.jpg,no_yawn,2
D:\driver-drowsiness-detection\dataset\train\no_yawn\238.jpg,no_yawn,2
D:\driver-drowsiness-detection\dataset\train\yawn\177.jpg,yawn,3
D:\driver-drowsiness-detection\dataset\train\no_yawn\852.jpg,no_yawn,2
D:\driver-drowsiness-detection\dataset\train\Closed\_375.jpg,Closed,0
D:\driver-drowsiness-detection\dataset\train\Open\_138.jpg,Open,1
D:\driver-drowsiness-detection\dataset\train\yawn\589.jpg,yawn,3
D:\driver-drowsiness-detection\dataset\train\yawn\598.jpg,yawn,3
D:\driver-drowsiness-detection\dataset\train\Closed\_500.jpg,Closed,0
D:\driver-drowsiness-detection\dataset\train\Closed\_463.jpg,Closed,0
D:\driver-drowsiness-detection\dataset\train\no_yawn\1096.jpg,no_yawn,2
D:\driver-drowsiness-detection\dataset\train\no_yawn\2158.jpg,no_yawn,2
D:\driver-drowsiness-detection\dataset\train\Open\_338.jpg,Open,1
D:\driver-drowsiness-detection\dataset\train\no_yawn\1378.jpg,no_yawn,2
D:\driver-drowsiness-detection\dataset\train\no_yawn\2623.jpg,no_yawn,2
D:\driver-drowsiness-detection\dataset\train\Open\_601.jpg,Open,1
D:\driver-drowsiness-detection\dataset\train\no_yawn\1851.jpg,no_yawn,2
D:\driver-drowsiness-detection\dataset\train\no_yawn\336.jpg,no_yawn,2
D:\driver-drowsiness-detection\dataset\train\no_yawn\510.jpg,no_yawn,2
D:\driver-drowsiness-detection\dataset\train\yawn\300.jpg,yawn,3
D:\driver-drowsiness-detection\dataset\train\no_yawn\1139.jpg,no_yawn,2
D:\driver-drowsiness-detection\dataset\train\Open\_232.jpg,Open,1
D:\driver-drowsiness-detection\dataset\train\Closed\_78.jpg,Closed,0
D:\driver-drowsiness-detection\dataset\train\no_yawn\293.jpg,no_yawn,2
D:\driver-drowsiness-detection\dataset\train\Closed\_41.jpg,Closed,0
D:\driver-drowsiness-detection\dataset\train\Open\_455.jpg,Open,1
D:\driver-drowsiness-detection\dataset\train\Closed\_24.jpg,Closed,0
D:\driver-drowsiness-detection\dataset\train\no_yawn\701.jpg,no_yawn,2
D:\driver-drowsiness-detection\dataset\train\Open\_440.jpg,Open,1
D:\driver-drowsiness-detection\dataset\train\yawn\77.jpg,yawn,3
D:\driver-drowsiness-detection\dataset\train\yawn\365.jpg,yawn,3
D:\driver-drowsiness-detection\dataset\train\Open\_369.jpg,Open,1
D:\driver-drowsiness-detection\dataset\train\Open\_192.jpg,Open,1
D:\driver-drowsiness-detection\dataset\train\yawn\361.jpg,yawn,3
D:\driver-drowsiness-detection\dataset\train\Closed\_225.jpg,Closed,0
D:\driver-drowsiness-detection\dataset\train\Closed\_186.jpg,Closed,0
D:\driver-drowsiness-detection\dataset\train\yawn\163.jpg,yawn,3
D:\driver-drowsiness-detection\dataset\train\yawn\444.jpg,yawn,3
D:\driver-drowsiness-detection\dataset\train\Open\_443.jpg,Open,1
D:\driver-drowsiness-detection\dataset\train\no_yawn\1862.jpg,no_yawn,2
D:\driver-drowsiness-detection\dataset\train\no_yawn\2256.jpg,no_yawn,2
D:\driver-drowsiness-detection\dataset\train\Closed\_709.jpg,Closed,0
D:\driver-drowsiness-detection\dataset\train\no_yawn\1573.jpg,no_yawn,2
D:\driver-drowsiness-detection\dataset\train\yawn\223.jpg,yawn,3
D:\driver-drowsiness-detection\dataset\train\no_yawn\1707.jpg,no_yawn,2
D:\driver-drowsiness-detection\dataset\train\no_yawn\2432.jpg,no_yawn,2
D:\driver-drowsiness-detection\dataset\train\Closed\_168.jpg,Closed,0
D:\driver-drowsiness-detection\dataset\train\Closed\_5.jpg,Closed,0
D:\driver-drowsiness-detection\dataset\train\no_yawn\1460.jpg,no_yawn,2
D:\driver-drowsiness-detection\dataset\train\Open\_377.jpg,Open,1
D:\driver-drowsiness-detection\dataset\train\yawn\675.jpg,yawn,3
D:\driver-drowsiness-detection\dataset\train\no_yawn\775.jpg,no_yawn,2
D:\driver-drowsiness-detection\dataset\train\no_yawn\145.jpg,no_yawn,2
D:\driver-drowsiness-detection\dataset\train\Closed\_86.jpg,Closed,0
D:\driver-drowsiness-detection\dataset\train\no_yawn\2016.jpg,no_yawn,2
D:\driver-drowsiness-detection\dataset\train\yawn\129.jpg,yawn,3
D:\driver-drowsiness-detection\dataset\train\no_yawn\1643.jpg,no_yawn,2
D:\driver-drowsiness-detection\dataset\train\no_yawn\2012.jpg,no_yawn,2
D:\driver-drowsiness-detection\dataset\train\Open\_67.jpg,Open,1
D:\driver-drowsiness-detection\dataset\train\Closed\_192.jpg,Closed,0
D:\driver-drowsiness-detection\dataset\train\yawn\15.jpg,yawn,3
D:\driver-drowsiness-detection\dataset\train\yawn\350.jpg,yawn,3
D:\driver-drowsiness-detection\dataset\train\Open\_280.jpg,Open,1
D:\driver-drowsiness-detection\dataset\train\no_yawn\1931.jpg,no_yawn,2
D:\driver-drowsiness-detection\dataset\train\no_yawn\2299.jpg,no_yawn,2
D:\driver-drowsiness-detection\dataset\train\yawn\415.jpg,yawn,3
D:\driver-drowsiness-detection\dataset\train\no_yawn\2220.jpg,no_yawn,2
D:\driver-drowsiness-detection\dataset\train\Closed\_589.jpg,Closed,0
D:\driver-drowsiness-detection\dataset\train\Closed\_112.jpg,Closed,0
D:\driver-drowsiness-detection\dataset\train\yawn\658.jpg,yawn,3
D:\driver-drowsiness-detection\dataset\train\no_yawn\2062.jpg,no_yawn,2
D:\driver-drowsiness-detection\dataset\train\Closed\_659.jpg,Closed,0
D:\driver-drowsiness-detection\dataset\train\Closed\_268.jpg,Closed,0
D:\driver-drowsiness-detection\dataset\train\no_yawn\2202.jpg,no_yawn,2
D:\driver-drowsiness-detection\dataset\train\Closed\_254.jpg,Closed,0
D:\driver-drowsiness-detection\dataset\train\yawn\1.jpg,yawn,3
D:\driver-drowsiness-detection\dataset\train\Open\_648.jpg,Open,1
D:\driver-drowsiness-detection\dataset\train\Open\_320.jpg,Open,1
D:\driver-drowsiness-detection\dataset\train\yawn\99.jpg,yawn,3
D:\driver-drowsiness-detection\dataset\train\yawn\26.jpg,yawn,3
D:\driver-drowsiness-detection\dataset\train\Open\_334.jpg,Open,1
D:\driver-drowsiness-detection\dataset\train\yawn\581.jpg,yawn,3
D:\driver-drowsiness-detection\dataset\train\yawn\554.jpg,yawn,3
D:\driver-drowsiness-detection\dataset\train\yawn\544.jpg,yawn,3
D:\driver-drowsiness-detection\dataset\train\Open\_624.jpg,Open,1
D:\driver-drowsiness-detection\dataset\train\no_yawn\1503.jpg,no_yawn,2
D:\driver-drowsiness-detection\dataset\train\Open\_446.jpg,Open,1
D:\driver-drowsiness-detection\dataset\train\yawn\114.jpg,yawn,3
D:\driver-drowsiness-detection\dataset\train\Open\_352.jpg,Open,1
D:\driver-drowsiness-detection\dataset\train\no_yawn\221.jpg,no_yawn,2
D:\driver-drowsiness-detection\dataset\train\Closed\_273.jpg,Closed,0
D:\driver-drowsiness-detection\dataset\train\Closed\_441.jpg,Closed,0
D:\driver-drowsiness-detection\dataset\train\Closed\_346.jpg,Closed,0
D:\driver-drowsiness-detection\dataset\train\Open\_522.jpg,Open,1
D:\driver-drowsiness-detection\dataset\train\yawn\363.jpg,yawn,3
D:\driver-drowsiness-detection\dataset\train\Open\_127.jpg,Open,1
D:\driver-drowsiness-detection\dataset\train\no_yawn\115.jpg,no_yawn,2
D:\driver-drowsiness-detection\dataset\train\yawn\183.jpg,yawn,3
D:\driver-drowsiness-detection\dataset\train\no_yawn\1897.jpg,no_yawn,2
D:\driver-drowsiness-detection\dataset\train\no_yawn\2354.jpg,no_yawn,2
D:\driver-drowsiness-detection\dataset\train\yawn\18.jpg,yawn,3
D:\driver-drowsiness-detection\dataset\train\Closed\_524.jpg,Closed,0
D:\driver-drowsiness-detection\dataset\train\Closed\_201.jpg,Closed,0
D:\driver-drowsiness-detection\dataset\train\Open\_182.jpg,Open,1
D:\driver-drowsiness-detection\dataset\train\Closed\_141.jpg,Closed,0
D:\driver-drowsiness-detection\dataset\train\Open\_19.jpg,Open,1
D:\driver-drowsiness-detection\dataset\train\Open\_310.jpg,Open,1
D:\driver-drowsiness-detection\dataset\train\yawn\452.jpg,yawn,3
D:\driver-drowsiness-detection\dataset\train\Open\_580.jpg,Open,1
D:\driver-drowsiness-detection\dataset\train\Open\_464.jpg,Open,1
D:\driver-drowsiness-detection\dataset\train\Closed\_531.jpg,Closed,0
D:\driver-drowsiness-detection\dataset\train\Open\_6.jpg,Open,1
D:\driver-drowsiness-detection\dataset\train\no_yawn\899.jpg,no_yawn,2
D:\driver-drowsiness-detection\dataset\train\yawn\319.jpg,yawn,3
D:\driver-drowsiness-detection\dataset\train\Open\_559.jpg,Open,1
D:\driver-drowsiness-detection\dataset\train\no_yawn\2011.jpg,no_yawn,2
D:\driver-drowsiness-detection\dataset\train\Open\_296.jpg,Open,1
D:\driver-drowsiness-detection\dataset\train\no_yawn\657.jpg,no_yawn,2
D:\driver-drowsiness-detection\dataset\train\no_yawn\255.jpg,no_yawn,2
D:\driver-drowsiness-detection\dataset\train\yawn\563.jpg,yawn,3
D:\driver-drowsiness-detection\dataset\train\Closed\_47.jpg,Closed,0
D:\driver-drowsiness-detection\dataset\train\yawn\553.jpg,yawn,3
D:\driver-drowsiness-detection\dataset\train\yawn\40.jpg,yawn,3
D:\driver-drowsiness-detection\dataset\train\no_yawn\771.jpg,no_yawn,2
D:\driver-drowsiness-detection\dataset\train\Closed\_497.jpg,Closed,0
D:\driver-drowsiness-detection\dataset\train\no_yawn\2357.jpg,no_yawn,2
D:\driver-drowsiness-detection\dataset\train\yawn\499.jpg,yawn,3
D:\driver-drowsiness-detection\dataset\train\Open\_500.jpg,Open,1
D:\driver-drowsiness-detection\dataset\train\Closed\_77.jpg,Closed,0
D:\driver-drowsiness-detection\dataset\train\Open\_219.jpg,Open,1
D:\driver-drowsiness-detection\dataset\train\no_yawn\616.jpg,no_yawn,2
D:\driver-drowsiness-detection\dataset\train\Closed\_502.jpg,Closed,0
D:\driver-drowsiness-detection\dataset\train\yawn\16.jpg,yawn,3
D:\driver-drowsiness-detection\dataset\train\no_yawn\2431.jpg,no_yawn,2
D:\driver-drowsiness-detection\dataset\train\yawn\108.jpg,yawn,3
D:\driver-drowsiness-detection\dataset\train\yawn\493.jpg,yawn,3
D:\driver-drowsiness-detection\dataset\train\yawn\288.jpg,yawn,3
D:\driver-drowsiness-detection\dataset\train\Closed\_318.jpg,Closed,0
D:\driver-drowsiness-detection\dataset\train\no_yawn\54.jpg,no_yawn,2
D:\driver-drowsiness-detection\dataset\train\Open\_107.jpg,Open,1
D:\driver-drowsiness-detection\dataset\train\no_yawn\1782.jpg,no_yawn,2
D:\driver-drowsiness-detection\dataset\train\yawn\398.jpg,yawn,3
D:\driver-drowsiness-detection\dataset\train\Closed\_328.jpg,Closed,0
D:\driver-drowsiness-detection\dataset\train\yawn\103.jpg,yawn,3
D:\driver-drowsiness-detection\dataset\train\no_yawn\2471.jpg,no_yawn,2
D:\driver-drowsiness-detection\dataset\train\Closed\_641.jpg,Closed,0
D:\driver-drowsiness-detection\dataset\train\yawn\63.jpg,yawn,3
D:\driver-drowsiness-detection\dataset\train\Open\_291.jpg,Open,1
D:\driver-drowsiness-detection\dataset\train\yawn\252.jpg,yawn,3
D:\driver-drowsiness-detection\dataset\train\yawn\432.jpg,yawn,3
D:\driver-drowsiness-detection\dataset\train\Open\_241.jpg,Open,1
D:\driver-drowsiness-detection\dataset\train\Open\_126.jpg,Open,1
D:\driver-drowsiness-detection\dataset\train\yawn\448.jpg,yawn,3
D:\driver-drowsiness-detection\dataset\train\no_yawn\1803.jpg,no_yawn,2
D:\driver-drowsiness-detection\dataset\train\Closed\_419.jpg,Closed,0
D:\driver-drowsiness-detection\dataset\train\Closed\_563.jpg,Closed,0
D:\driver-drowsiness-detection\dataset\train\no_yawn\2216.jpg,no_yawn,2
D:\driver-drowsiness-detection\dataset\train\Open\_529.jpg,Open,1
D:\driver-drowsiness-detection\dataset\train\Closed\_228.jpg,Closed,0
D:\driver-drowsiness-detection\dataset\train\Open\_188.jpg,Open,1
D:\driver-drowsiness-detection\dataset\train\Closed\_26.jpg,Closed,0
D:\driver-drowsiness-detection\dataset\train\Open\_371.jpg,Open,1
D:\driver-drowsiness-detection\dataset\train\Open\_38.jpg,Open,1
D:\driver-drowsiness-detection\dataset\train\Open\_287.jpg,Open,1
D:\driver-drowsiness-detection\dataset\train\Closed\_183.jpg,Closed,0
D:\driver-drowsiness-detection\dataset\train\Open\_159.jpg,Open,1
D:\driver-drowsiness-detection\dataset\train\no_yawn\2033.jpg,no_yawn,2
D:\driver-drowsiness-detection\dataset\train\no_yawn\2198.jpg,no_yawn,2
D:\driver-drowsiness-detection\dataset\train\yawn\237.jpg,yawn,3
D:\driver-drowsiness-detection\dataset\train\yawn\127.jpg,yawn,3
D:\driver-drowsiness-detection\dataset\train\Closed\_368.jpg,Closed,0
D:\driver-drowsiness-detection\dataset\train\Open\_682.jpg,Open,1
D:\driver-drowsiness-detection\dataset\train\yawn\629.jpg,yawn,3
D:\driver-drowsiness-detection\dataset\train\Open\_628.jpg,Open,1
D:\driver-drowsiness-detection\dataset\train\yawn\165.jpg,yawn,3
D:\driver-drowsiness-detection\dataset\train\Open\_115.jpg,Open,1
D:\driver-drowsiness-detection\dataset\train\no_yawn\2228.jpg,no_yawn,2
D:\driver-drowsiness-detection\dataset\train\no_yawn\1451.jpg,no_yawn,2
D:\driver-drowsiness-detection\dataset\train\yawn\118.jpg,yawn,3
D:\driver-drowsiness-detection\dataset\train\yawn\504.jpg,yawn,3
D:\driver-drowsiness-detection\dataset\train\Open\_197.jpg,Open,1
D:\driver-drowsiness-detection\dataset\train\Open\_688.jpg,Open,1
D:\driver-drowsiness-detection\dataset\train\yawn\682.jpg,yawn,3
D:\driver-drowsiness-detection\dataset\train\Closed\_174.jpg,Closed,0
D:\driver-drowsiness-detection\dataset\train\Closed\_311.jpg,Closed,0
D:\driver-drowsiness-detection\dataset\train\no_yawn\2406.jpg,no_yawn,2
D:\driver-drowsiness-detection\dataset\train\Closed\_387.jpg,Closed,0
D:\driver-drowsiness-detection\dataset\train\no_yawn\612.jpg,no_yawn,2
D:\driver-drowsiness-detection\dataset\train\no_yawn\828.jpg,no_yawn,2
D:\driver-drowsiness-detection\dataset\train\yawn\475.jpg,yawn,3
D:\driver-drowsiness-detection\dataset\train\Closed\_392.jpg,Closed,0
D:\driver-drowsiness-detection\dataset\train\Open\_661.jpg,Open,1
D:\driver-drowsiness-detection\dataset\train\Closed\_111.jpg,Closed,0
D:\driver-drowsiness-detection\dataset\train\Open\_679.jpg,Open,1
D:\driver-drowsiness-detection\dataset\train\Open\_697.jpg,Open,1
D:\driver-drowsiness-detection\dataset\train\yawn\25.jpg,yawn,3
D:\driver-drowsiness-detection\dataset\train\Closed\_710.jpg,Closed,0
D:\driver-drowsiness-detection\dataset\train\no_yawn\1740.jpg,no_yawn,2
D:\driver-drowsiness-detection\dataset\train\no_yawn\1596.jpg,no_yawn,2
D:\driver-drowsiness-detection\dataset\train\yawn\134.jpg,yawn,3
D:\driver-drowsiness-detection\dataset\train\no_yawn\223.jpg,no_yawn,2
D:\driver-drowsiness-detection\dataset\train\Open\_468.jpg,Open,1
D:\driver-drowsiness-detection\dataset\train\Closed\_21.jpg,Closed,0
D:\driver-drowsiness-detection\dataset\train\yawn\36.jpg,yawn,3
D:\driver-drowsiness-detection\dataset\train\Closed\_85.jpg,Closed,0
D:\driver-drowsiness-detection\dataset\train\no_yawn\1450.jpg,no_yawn,2
D:\driver-drowsiness-detection\dataset\train\Open\_541.jpg,Open,1
D:\driver-drowsiness-detection\dataset\train\Open\_260.jpg,Open,1
D:\driver-drowsiness-detection\dataset\train\Closed\_197.jpg,Closed,0
D:\driver-drowsiness-detection\dataset\train\no_yawn\72.jpg,no_yawn,2
D:\driver-drowsiness-detection\dataset\train\Open\_647.jpg,Open,1
D:\driver-drowsiness-detection\dataset\train\Open\_25.jpg,Open,1
D:\driver-drowsiness-detection\dataset\train\Closed\_638.jpg,Closed,0
D:\driver-drowsiness-detection\dataset\train\no_yawn\957.jpg,no_yawn,2
D:\driver-drowsiness-detection\dataset\train\Closed\_583.jpg,Closed,0
D:\driver-drowsiness-detection\dataset\train\Closed\_36.jpg,Closed,0
D:\driver-drowsiness-detection\dataset\train\yawn\69.jpg,yawn,3
D:\driver-drowsiness-detection\dataset\train\Closed\_648.jpg,Closed,0
D:\driver-drowsiness-detection\dataset\train\yawn\510.jpg,yawn,3
D:\driver-drowsiness-detection\dataset\train\yawn\457.jpg,yawn,3
D:\driver-drowsiness-detection\dataset\train\Closed\_595.jpg,Closed,0
D:\driver-drowsiness-detection\dataset\train\Closed\_37.jpg,Closed,0
D:\driver-drowsiness-detection\dataset\train\Open\_574.jpg,Open,1
D:\driver-drowsiness-detection\dataset\train\yawn\166.jpg,yawn,3
D:\driver-drowsiness-detection\dataset\train\Closed\_60.jpg,Closed,0
D:\driver-drowsiness-detection\dataset\train\Open\_442.jpg,Open,1
D:\driver-drowsiness-detection\dataset\train\Open\_681.jpg,Open,1
D:\driver-drowsiness-detection\dataset\train\Open\_676.jpg,Open,1
D:\driver-drowsiness-detection\dataset\train\Closed\_172.jpg,Closed,0
D:\driver-drowsiness-detection\dataset\train\yawn\28.jpg,yawn,3
D:\driver-drowsiness-detection\dataset\train\Closed\_304.jpg,Closed,0
D:\driver-drowsiness-detection\dataset\train\Closed\_195.jpg,Closed,0
D:\driver-drowsiness-detection\dataset\train\no_yawn\2071.jpg,no_yawn,2
D:\driver-drowsiness-detection\dataset\train\no_yawn\1327.jpg,no_yawn,2
D:\driver-drowsiness-detection\dataset\train\Closed\_415.jpg,Closed,0
D:\driver-drowsiness-detection\dataset\train\no_yawn\1068.jpg,no_yawn,2
D:\driver-drowsiness-detection\dataset\train\no_yawn\1332.jpg,no_yawn,2
D:\driver-drowsiness-detection\dataset\train\no_yawn\641.jpg,no_yawn,2
D:\driver-drowsiness-detection\dataset\train\Closed\_478.jpg,Closed,0
D:\driver-drowsiness-detection\dataset\train\Open\_428.jpg,Open,1
D:\driver-drowsiness-detection\dataset\train\Closed\_609.jpg,Closed,0
D:\driver-drowsiness-detection\dataset\train\Open\_415.jpg,Open,1
D:\driver-drowsiness-detection\dataset\train\yawn\394.jpg,yawn,3
D:\driver-drowsiness-detection\dataset\train\no_yawn\1874.jpg,no_yawn,2
D:\driver-drowsiness-detection\dataset\train\no_yawn\1003.jpg,no_yawn,2
D:\driver-drowsiness-detection\dataset\train\no_yawn\837.jpg,no_yawn,2
D:\driver-drowsiness-detection\dataset\train\yawn\348.jpg,yawn,3
D:\driver-drowsiness-detection\dataset\train\yawn\539.jpg,yawn,3
D:\driver-drowsiness-detection\dataset\train\no_yawn\1630.jpg,no_yawn,2
D:\driver-drowsiness-detection\dataset\train\no_yawn\431.jpg,no_yawn,2
D:\driver-drowsiness-detection\dataset\train\no_yawn\2247.jpg,no_yawn,2
D:\driver-drowsiness-detection\dataset\train\Open\_353.jpg,Open,1
D:\driver-drowsiness-detection\dataset\train\no_yawn\2407.jpg,no_yawn,2
D:\driver-drowsiness-detection\dataset\train\yawn\168.jpg,yawn,3
D:\driver-drowsiness-detection\dataset\train\Closed\_551.jpg,Closed,0
D:\driver-drowsiness-detection\dataset\train\yawn\632.jpg,yawn,3
D:\driver-drowsiness-detection\dataset\train\Open\_184.jpg,Open,1
D:\driver-drowsiness-detection\dataset\train\no_yawn\1281.jpg,no_yawn,2
D:\driver-drowsiness-detection\dataset\train\Closed\_504.jpg,Closed,0
D:\driver-drowsiness-detection\dataset\train\yawn\126.jpg,yawn,3
D:\driver-drowsiness-detection\dataset\train\Closed\_300.jpg,Closed,0
D:\driver-drowsiness-detection\dataset\train\Open\_211.jpg,Open,1
D:\driver-drowsiness-detection\dataset\train\no_yawn\1934.jpg,no_yawn,2
D:\driver-drowsiness-detection\dataset\train\Closed\_644.jpg,Closed,0
D:\driver-drowsiness-detection\dataset\train\yawn\107.jpg,yawn,3
D:\driver-drowsiness-detection\dataset\train\Open\_72.jpg,Open,1
D:\driver-drowsiness-detection\dataset\train\no_yawn\1651.jpg,no_yawn,2
D:\driver-drowsiness-detection\dataset\train\no_yawn\2609.jpg,no_yawn,2
D:\driver-drowsiness-detection\dataset\train\yawn\487.jpg,yawn,3
D:\driver-drowsiness-detection\dataset\train\yawn\577.jpg,yawn,3
D:\driver-drowsiness-detection\dataset\train\yawn\119.jpg,yawn,3
D:\driver-drowsiness-detection\dataset\train\yawn\470.jpg,yawn,3
D:\driver-drowsiness-detection\dataset\train\Open\_694.jpg,Open,1
D:\driver-drowsiness-detection\dataset\train\yawn\595.jpg,yawn,3
D:\driver-drowsiness-detection\dataset\train\Open\_556.jpg,Open,1
D:\driver-drowsiness-detection\dataset\train\Closed\_309.jpg,Closed,0
D:\driver-drowsiness-detection\dataset\train\yawn\195.jpg,yawn,3
D:\driver-drowsiness-detection\dataset\train\yawn\329.jpg,yawn,3
D:\driver-drowsiness-detection\dataset\train\Closed\_503.jpg,Closed,0
D:\driver-drowsiness-detection\dataset\train\Closed\_588.jpg,Closed,0
D:\driver-drowsiness-detection\dataset\train\Open\_36.jpg,Open,1
D:\driver-drowsiness-detection\dataset\train\yawn\723.jpg,yawn,3
D:\driver-drowsiness-detection\dataset\train\Open\_3.jpg,Open,1
D:\driver-drowsiness-detection\dataset\train\no_yawn\2536.jpg,no_yawn,2
D:\driver-drowsiness-detection\dataset\train\yawn\705.jpg,yawn,3
D:\driver-drowsiness-detection\dataset\train\Closed\_204.jpg,Closed,0
D:\driver-drowsiness-detection\dataset\train\Open\_650.jpg,Open,1
D:\driver-drowsiness-detection\dataset\train\no_yawn\606.jpg,no_yawn,2
D:\driver-drowsiness-detection\dataset\train\Open\_345.jpg,Open,1
D:\driver-drowsiness-detection\dataset\train\Closed\_587.jpg,Closed,0
D:\driver-drowsiness-detection\dataset\train\yawn\490.jpg,yawn,3
D:\driver-drowsiness-detection\dataset\train\Closed\_354.jpg,Closed,0
D:\driver-drowsiness-detection\dataset\train\Closed\_377.jpg,Closed,0
D:\driver-drowsiness-detection\dataset\train\yawn\261.jpg,yawn,3
D:\driver-drowsiness-detection\dataset\train\Open\_319.jpg,Open,1
D:\driver-drowsiness-detection\dataset\train\no_yawn\1561.jpg,no_yawn,2
D:\driver-drowsiness-detection\dataset\train\Open\_362.jpg,Open,1
D:\driver-drowsiness-detection\dataset\train\no_yawn\25.jpg,no_yawn,2
D:\driver-drowsiness-detection\dataset\train\Closed\_75.jpg,Closed,0
D:\driver-drowsiness-detection\dataset\train\Open\_463.jpg,Open,1
D:\driver-drowsiness-detection\dataset\train\yawn\467.jpg,yawn,3
D:\driver-drowsiness-detection\dataset\train\Open\_670.jpg,Open,1
D:\driver-drowsiness-detection\dataset\train\yawn\525.jpg,yawn,3
D:\driver-drowsiness-detection\dataset\train\Open\_549.jpg,Open,1
D:\driver-drowsiness-detection\dataset\train\no_yawn\1627.jpg,no_yawn,2
D:\driver-drowsiness-detection\dataset\train\yawn\527.jpg,yawn,3
D:\driver-drowsiness-detection\dataset\train\Open\_267.jpg,Open,1
D:\driver-drowsiness-detection\dataset\train\no_yawn\333.jpg,no_yawn,2
D:\driver-drowsiness-detection\dataset\train\no_yawn\2344.jpg,no_yawn,2
D:\driver-drowsiness-detection\dataset\train\yawn\191.jpg,yawn,3
D:\driver-drowsiness-detection\dataset\train\no_yawn\1463.jpg,no_yawn,2
D:\driver-drowsiness-detection\dataset\train\Closed\_198.jpg,Closed,0
D:\driver-drowsiness-detection\dataset\train\Open\_259.jpg,Open,1
D:\driver-drowsiness-detection\dataset\train\Closed\_580.jpg,Closed,0
D:\driver-drowsiness-detection\dataset\train\yawn\153.jpg,yawn,3
D:\driver-drowsiness-detection\dataset\train\no_yawn\867.jpg,no_yawn,2
D:\driver-drowsiness-detection\dataset\train\no_yawn\2259.jpg,no_yawn,2
D:\driver-drowsiness-detection\dataset\train\Open\_479.jpg,Open,1
D:\driver-drowsiness-detection\dataset\train\Open\_185.jpg,Open,1
D:\driver-drowsiness-detection\dataset\train\yawn\694.jpg,yawn,3
D:\driver-drowsiness-detection\dataset\train\Closed\_640.jpg,Closed,0
D:\driver-drowsiness-detection\dataset\train\Open\_248.jpg,Open,1
D:\driver-drowsiness-detection\dataset\train\yawn\609.jpg,yawn,3
D:\driver-drowsiness-detection\dataset\train\Open\_266.jpg,Open,1
D:\driver-drowsiness-detection\dataset\train\Closed\_229.jpg,Closed,0
D:\driver-drowsiness-detection\dataset\train\Closed\_486.jpg,Closed,0
D:\driver-drowsiness-detection\dataset\train\Open\_202.jpg,Open,1
D:\driver-drowsiness-detection\dataset\train\Closed\_543.jpg,Closed,0
D:\driver-drowsiness-detection\dataset\train\Closed\_495.jpg,Closed,0
D:\driver-drowsiness-detection\dataset\train\Open\_685.jpg,Open,1
D:\driver-drowsiness-detection\dataset\train\yawn\403.jpg,yawn,3
D:\driver-drowsiness-detection\dataset\train\yawn\143.jpg,yawn,3
D:\driver-drowsiness-detection\dataset\train\yawn\80.jpg,yawn,3
D:\driver-drowsiness-detection\dataset\train\yawn\346.jpg,yawn,3
D:\driver-drowsiness-detection\dataset\train\yawn\482.jpg,yawn,3
D:\driver-drowsiness-detection\dataset\train\Open\_311.jpg,Open,1
D:\driver-drowsiness-detection\dataset\train\Open\_406.jpg,Open,1
D:\driver-drowsiness-detection\dataset\train\Closed\_505.jpg,Closed,0
D:\driver-drowsiness-detection\dataset\train\Open\_73.jpg,Open,1
D:\driver-drowsiness-detection\dataset\train\Closed\_64.jpg,Closed,0
D:\driver-drowsiness-detection\dataset\train\Open\_250.jpg,Open,1
D:\driver-drowsiness-detection\dataset\train\Open\_301.jpg,Open,1
D:\driver-drowsiness-detection\dataset\train\Open\_251.jpg,Open,1
D:\driver-drowsiness-detection\dataset\train\no_yawn\177.jpg,no_yawn,2
D:\driver-drowsiness-detection\dataset\train\yawn\511.jpg,yawn,3
D:\driver-drowsiness-detection\dataset\train\no_yawn\2549.jpg,no_yawn,2
D:\driver-drowsiness-detection\dataset\train\Closed\_521.jpg,Closed,0
D:\driver-drowsiness-detection\dataset\train\Closed\_621.jpg,Closed,0
D:\driver-drowsiness-detection\dataset\train\no_yawn\1464.jpg,no_yawn,2
D:\driver-drowsiness-detection\dataset\train\yawn\218.jpg,yawn,3
D:\driver-drowsiness-detection\dataset\train\yawn\488.jpg,yawn,3
D:\driver-drowsiness-detection\dataset\train\no_yawn\277.jpg,no_yawn,2
D:\driver-drowsiness-detection\dataset\train\Closed\_576.jpg,Closed,0
D:\driver-drowsiness-detection\dataset\train\no_yawn\1063.jpg,no_yawn,2
D:\driver-drowsiness-detection\dataset\train\Open\_212.jpg,Open,1
D:\driver-drowsiness-detection\dataset\train\yawn\241.jpg,yawn,3
D:\driver-drowsiness-detection\dataset\train\yawn\370.jpg,yawn,3
D:\driver-drowsiness-detection\dataset\train\Closed\_350.jpg,Closed,0
D:\driver-drowsiness-detection\dataset\train\Open\_396.jpg,Open,1
D:\driver-drowsiness-detection\dataset\train\no_yawn\2289.jpg,no_yawn,2
D:\driver-drowsiness-detection\dataset\train\Closed\_536.jpg,Closed,0
D:\driver-drowsiness-detection\dataset\train\yawn\461.jpg,yawn,3
D:\driver-drowsiness-detection\dataset\train\no_yawn\854.jpg,no_yawn,2
D:\driver-drowsiness-detection\dataset\train\Open\_709.jpg,Open,1
D:\driver-drowsiness-detection\dataset\train\yawn\175.jpg,yawn,3
D:\driver-drowsiness-detection\dataset\train\no_yawn\2589.jpg,no_yawn,2
D:\driver-drowsiness-detection\dataset\train\yawn\579.jpg,yawn,3
D:\driver-drowsiness-detection\dataset\train\Open\_15.jpg,Open,1
D:\driver-drowsiness-detection\dataset\train\no_yawn\1213.jpg,no_yawn,2
D:\driver-drowsiness-detection\dataset\train\Closed\_313.jpg,Closed,0
D:\driver-drowsiness-detection\dataset\train\yawn\627.jpg,yawn,3
D:\driver-drowsiness-detection\dataset\train\yawn\591.jpg,yawn,3
D:\driver-drowsiness-detection\dataset\train\Closed\_73.jpg,Closed,0
D:\driver-drowsiness-detection\dataset\train\Open\_599.jpg,Open,1
D:\driver-drowsiness-detection\dataset\train\yawn\272.jpg,yawn,3
D:\driver-drowsiness-detection\dataset\train\Closed\_661.jpg,Closed,0
D:\driver-drowsiness-detection\dataset\train\Open\_304.jpg,Open,1
D:\driver-drowsiness-detection\dataset\train\Open\_85.jpg,Open,1
D:\driver-drowsiness-detection\dataset\train\yawn\61.jpg,yawn,3
D:\driver-drowsiness-detection\dataset\train\Open\_525.jpg,Open,1
D:\driver-drowsiness-detection\dataset\train\Closed\_560.jpg,Closed,0
D:\driver-drowsiness-detection\dataset\train\Closed\_67.jpg,Closed,0
D:\driver-drowsiness-detection\dataset\train\yawn\696.jpg,yawn,3
D:\driver-drowsiness-detection\dataset\train\Closed\_625.jpg,Closed,0
D:\driver-drowsiness-detection\dataset\train\Closed\_54.jpg,Closed,0
D:\driver-drowsiness-detection\dataset\train\no_yawn\461.jpg,no_yawn,2
D:\driver-drowsiness-detection\dataset\train\yawn\387.jpg,yawn,3
D:\driver-drowsiness-detection\dataset\train\Closed\_108.jpg,Closed,0
D:\driver-drowsiness-detection\dataset\train\Open\_52.jpg,Open,1
D:\driver-drowsiness-detection\dataset\train\Closed\_594.jpg,Closed,0
D:\driver-drowsiness-detection\dataset\train\no_yawn\2574.jpg,no_yawn,2
D:\driver-drowsiness-detection\dataset\train\Closed\_106.jpg,Closed,0
D:\driver-drowsiness-detection\dataset\train\Open\_678.jpg,Open,1
D:\driver-drowsiness-detection\dataset\train\Open\_105.jpg,Open,1
D:\driver-drowsiness-detection\dataset\train\Closed\_39.jpg,Closed,0
D:\driver-drowsiness-detection\dataset\train\Open\_657.jpg,Open,1
D:\driver-drowsiness-detection\dataset\train\yawn\524.jpg,yawn,3
D:\driver-drowsiness-detection\dataset\train\yawn\268.jpg,yawn,3
D:\driver-drowsiness-detection\dataset\train\Open\_147.jpg,Open,1
D:\driver-drowsiness-detection\dataset\train\yawn\73.jpg,yawn,3
D:\driver-drowsiness-detection\dataset\train\Open\_544.jpg,Open,1
D:\driver-drowsiness-detection\dataset\train\Open\_242.jpg,Open,1
D:\driver-drowsiness-detection\dataset\train\Closed\_322.jpg,Closed,0
D:\driver-drowsiness-detection\dataset\train\yawn\248.jpg,yawn,3
D:\driver-drowsiness-detection\dataset\train\Open\_645.jpg,Open,1
D:\driver-drowsiness-detection\dataset\train\no_yawn\229.jpg,no_yawn,2
D:\driver-drowsiness-detection\dataset\train\Closed\_645.jpg,Closed,0
D:\driver-drowsiness-detection\dataset\train\Open\_61.jpg,Open,1
D:\driver-drowsiness-detection\dataset\train\no_yawn\993.jpg,no_yawn,2
D:\driver-drowsiness-detection\dataset\train\no_yawn\206.jpg,no_yawn,2
D:\driver-drowsiness-detection\dataset\train\Closed\_683.jpg,Closed,0
D:\driver-drowsiness-detection\dataset\train\yawn\303.jpg,yawn,3
D:\driver-drowsiness-detection\dataset\train\Closed\_92.jpg,Closed,0
D:\driver-drowsiness-detection\dataset\train\Closed\_97.jpg,Closed,0
D:\driver-drowsiness-detection\dataset\train\Open\_514.jpg,Open,1
D:\driver-drowsiness-detection\dataset\train\yawn\247.jpg,yawn,3
D:\driver-drowsiness-detection\dataset\train\yawn\135.jpg,yawn,3
D:\driver-drowsiness-detection\dataset\train\Open\_357.jpg,Open,1
D:\driver-drowsiness-detection\dataset\train\no_yawn\1248.jpg,no_yawn,2
D:\driver-drowsiness-detection\dataset\train\Closed\_579.jpg,Closed,0
D:\driver-drowsiness-detection\dataset\train\no_yawn\1098.jpg,no_yawn,2
D:\driver-drowsiness-detection\dataset\train\yawn\686.jpg,yawn,3
D:\driver-drowsiness-detection\dataset\train\Closed\_217.jpg,Closed,0
D:\driver-drowsiness-detection\dataset\train\no_yawn\93.jpg,no_yawn,2
D:\driver-drowsiness-detection\dataset\train\Open\_642.jpg,Open,1
D:\driver-drowsiness-detection\dataset\train\yawn\90.jpg,yawn,3
D:\driver-drowsiness-detection\dataset\train\Closed\_301.jpg,Closed,0
D:\driver-drowsiness-detection\dataset\train\Open\_496.jpg,Open,1
D:\driver-drowsiness-detection\dataset\train\no_yawn\1033.jpg,no_yawn,2
D:\driver-drowsiness-detection\dataset\train\Open\_11.jpg,Open,1
D:\driver-drowsiness-detection\dataset\train\no_yawn\1486.jpg,no_yawn,2
D:\driver-drowsiness-detection\dataset\train\yawn\688.jpg,yawn,3
D:\driver-drowsiness-detection\dataset\train\Open\_634.jpg,Open,1
D:\driver-drowsiness-detection\dataset\train\Closed\_643.jpg,Closed,0
D:\driver-drowsiness-detection\dataset\train\yawn\299.jpg,yawn,3
D:\driver-drowsiness-detection\dataset\train\no_yawn\528.jpg,no_yawn,2
D:\driver-drowsiness-detection\dataset\train\Open\_274.jpg,Open,1
D:\driver-drowsiness-detection\dataset\train\no_yawn\1764.jpg,no_yawn,2
D:\driver-drowsiness-detection\dataset\train\no_yawn\2093.jpg,no_yawn,2
D:\driver-drowsiness-detection\dataset\train\no_yawn\1876.jpg,no_yawn,2
D:\driver-drowsiness-detection\dataset\train\yawn\413.jpg,yawn,3
D:\driver-drowsiness-detection\dataset\train\yawn\396.jpg,yawn,3
D:\driver-drowsiness-detection\dataset\train\Closed\_321.jpg,Closed,0
D:\driver-drowsiness-detection\dataset\train\Open\_441.jpg,Open,1
D:\driver-drowsiness-detection\dataset\train\no_yawn\1714.jpg,no_yawn,2
D:\driver-drowsiness-detection\dataset\train\no_yawn\1768.jpg,no_yawn,2
D:\driver-drowsiness-detection\dataset\train\no_yawn\312.jpg,no_yawn,2
D:\driver-drowsiness-detection\dataset\train\Closed\_370.jpg,Closed,0
D:\driver-drowsiness-detection\dataset\train\no_yawn\1357.jpg,no_yawn,2
D:\driver-drowsiness-detection\dataset\train\no_yawn\372.jpg,no_yawn,2
D:\driver-drowsiness-detection\dataset\train\Open\_619.jpg,Open,1
D:\driver-drowsiness-detection\dataset\train\Closed\_685.jpg,Closed,0
D:\driver-drowsiness-detection\dataset\train\Open\_84.jpg,Open,1
D:\driver-drowsiness-detection\dataset\train\no_yawn\1763.jpg,no_yawn,2
D:\driver-drowsiness-detection\dataset\train\no_yawn\2550.jpg,no_yawn,2
D:\driver-drowsiness-detection\dataset\train\yawn\469.jpg,yawn,3
D:\driver-drowsiness-detection\dataset\train\Open\_621.jpg,Open,1
D:\driver-drowsiness-detection\dataset\train\yawn\439.jpg,yawn,3
D:\driver-drowsiness-detection\dataset\train\yawn\393.jpg,yawn,3
D:\driver-drowsiness-detection\dataset\train\Closed\_429.jpg,Closed,0
D:\driver-drowsiness-detection\dataset\train\Closed\_442.jpg,Closed,0
D:\driver-drowsiness-detection\dataset\train\Closed\_397.jpg,Closed,0
D:\driver-drowsiness-detection\dataset\train\yawn\131.jpg,yawn,3
D:\driver-drowsiness-detection\dataset\train\yawn\270.jpg,yawn,3
D:\driver-drowsiness-detection\dataset\train\yawn\391.jpg,yawn,3
D:\driver-drowsiness-detection\dataset\train\yawn\552.jpg,yawn,3
D:\driver-drowsiness-detection\dataset\train\Closed\_158.jpg,Closed,0
D:\driver-drowsiness-detection\dataset\train\yawn\121.jpg,yawn,3
D:\driver-drowsiness-detection\dataset\train\yawn\505.jpg,yawn,3
D:\driver-drowsiness-detection\dataset\train\yawn\276.jpg,yawn,3
D:\driver-drowsiness-detection\dataset\train\no_yawn\445.jpg,no_yawn,2
D:\driver-drowsiness-detection\dataset\train\Open\_22.jpg,Open,1
D:\driver-drowsiness-detection\dataset\train\no_yawn\225.jpg,no_yawn,2
D:\driver-drowsiness-detection\dataset\train\no_yawn\1932.jpg,no_yawn,2
D:\driver-drowsiness-detection\dataset\train\Closed\_404.jpg,Closed,0
D:\driver-drowsiness-detection\dataset\train\Open\_588.jpg,Open,1
D:\driver-drowsiness-detection\dataset\train\yawn\460.jpg,yawn,3
D:\driver-drowsiness-detection\dataset\train\Open\_576.jpg,Open,1
D:\driver-drowsiness-detection\dataset\train\yawn\186.jpg,yawn,3
D:\driver-drowsiness-detection\dataset\train\no_yawn\219.jpg,no_yawn,2
D:\driver-drowsiness-detection\dataset\train\Open\_646.jpg,Open,1
D:\driver-drowsiness-detection\dataset\train\no_yawn\702.jpg,no_yawn,2
D:\driver-drowsiness-detection\dataset\train\no_yawn\1209.jpg,no_yawn,2
D:\driver-drowsiness-detection\dataset\train\yawn\593.jpg,yawn,3
D:\driver-drowsiness-detection\dataset\train\Open\_372.jpg,Open,1
D:\driver-drowsiness-detection\dataset\train\yawn\410.jpg,yawn,3
D:\driver-drowsiness-detection\dataset\train\yawn\38.jpg,yawn,3
D:\driver-drowsiness-detection\dataset\train\Open\_640.jpg,Open,1
D:\driver-drowsiness-detection\dataset\train\Open\_637.jpg,Open,1
D:\driver-drowsiness-detection\dataset\train\yawn\81.jpg,yawn,3
D:\driver-drowsiness-detection\dataset\train\yawn\167.jpg,yawn,3
D:\driver-drowsiness-detection\dataset\train\Closed\_38.jpg,Closed,0
